id,pair_id,pair_suffix,label,original_split,assigned_split,text
5.46.H,5.46,H,1,train,test,Por que o carteiro foi à feira? Porque tinha uma carta na manga.
5.792.H,5.792,H,1,train,train,Por que a mulher esotérica não conseguia engravidar? Porque ela tinha ovários polimísticos.
5.1811.H,5.1811,H,1,train,train,Qual é o animal que está sempre cansado? Dormedário
5.733.H,5.733,H,1,train,validation,Qual o sambista passou a dar presente pra todo mundo depois de ter o primeiro filho? PAPAI NOEL Rosa.
4.652.N,4.652,N,0,train,train,Um homem matou uma ovelha e agora foi preso . Está na cadeia.
5.2585.N,5.2585,N,0,train,train,Qual apresentador de TV vive gripado? Fausto Silva.
5.1990.N,5.1990,N,0,train,test,Uma cerveja se associou a um comediante para apresentar um programa de tv...que programa é esse?  Sai de Baixo
4.103.H,4.103,H,1,train,train,Qual é a única coisa que se faz sempre em numeração romana? XI XI.
5.28.N,5.28,N,0,train,train,Qual é a modelo mais bela que existe? Gisele Bündchen.
4.66.N,4.66,N,0,train,test,Eu adoro fiambre . E também queijo.
4.19.H,4.19,H,1,train,train,O meu baralho de cartas fica doido quando ligo o aspirador. Hoje encontrei o meu ás pirado
5.258.H,5.258,H,1,train,test,Qual é o político que não mantinha um relacionamento duradouro? Jota é ficar.
4.461.N,4.461,N,0,train,train,Porque é que não se serve chá na escola? Por causa do bule.
4.600.H,4.600,H,1,train,train,O que são quatro pontos pretos no chão? Fourmigas.
5.1649.N,5.1649,N,0,train,train,Eu tenho um carneiro . Qual é o nome dele? Pedro.
5.2933.N,5.2933,N,0,train,train,Qual a moeda inacreditável? Euro
5.694.N,5.694,N,0,train,test,Qual cantora espirra muito? Anitta.
5.1378.N,5.1378,N,0,train,train,Por que eu não faço esporte? Porque é a maior furada.
4.649.N,4.649,N,0,train,train,"Está um cego numa discoteca, de repente perde a bengala e diz: Alto e pára o baile!"
5.1777.N,5.1777,N,0,train,train,Qual é o contrário de Otorrinolaringologista? atsigologniralonirroto.
5.2786.H,5.2786,H,1,train,validation,Por que o oncologista fica triste quando seus clientes desistem do tratamento? Por causa da política de câncer lamento.
5.443.N,5.443,N,0,train,validation,O que o Doutor exclamou ao examinar o Silvio Santos que reclamava de uma dor nas costas? É dor na Lombar.
5.2731.H,5.2731,H,1,train,validation,Qual é a Luta mais praticada nos quadrinhos japoneses? Krav Mangá
5.1845.H,5.1845,H,1,train,train,Qual é o filme que só tinha atiradores de Elite? Top em Gun
4.707.H,4.707,H,1,train,train,Onde é que a andorinha dá o iogurte aos filhotes? Danoninho.
5.3500.N,5.3500,N,0,train,validation,Qual a bacteria que só pega em mulher? Salmonela.
4.713.N,4.713,N,0,train,test,O que é um anão? É um Humano.
5.457.H,5.457,H,1,train,test,Por que o diabo gosta de carro pequeno? Porque é com pacto.
5.3787.H,5.3787,H,1,train,train,Qual ator estrangeiro já foi PM? Guiliano Algemma
5.3868.N,5.3868,N,0,train,test,Qual marca de hotéis virou presidente? Trump.
5.3612.N,5.3612,N,0,train,train,Qual é a loja que fez um estande em volta do doritos? As Lojas Americanas.
5.2930.N,5.2930,N,0,train,train,O que o policial disse à seleção argentina? Mãos ao alto!
5.1772.H,5.1772,H,1,train,validation,O que um diretor da Ubisoft foi fazer na África? Um SaFari Cry.
5.1053.H,5.1053,H,1,train,test,Qual filósofo conseguiu virar todas as quatro cadeiras do The Voice? Kant.
5.1714.H,5.1714,H,1,train,train,Você gosta de Katy Perry? Katy perguntou?
4.656.H,4.656,H,1,train,train,Por que é que o Pai Natal não vai entregar as prendas a tempo? Porque tem os trabalhadores duendes.
5.2517.H,5.2517,H,1,train,train,Qual herói da literatura atirava em patos? Duck Shot de la Mancha.
4.264.N,4.264,N,0,train,train,Porque é que na escola as meninas desenham sempre florzinhas e coraçõezinhos no caderno? Porque assim decoram o caderno.
4.456.H,4.456,H,1,train,validation,"Era uma vez um homem tão pequeno, mas tão pequeno, que não andava de metro. Andava de centímetro."
5.1205.N,5.1205,N,0,train,train,Por que o pessoal do Nordeste se orgulha do GPS? Porque ele fala: Você chegou no destino.
5.1050.N,5.1050,N,0,train,train,Qual a serie de anime que louva o tabaco? One Piece.
5.360.H,5.360,H,1,train,train,Por que o casal de patos sempre tomam banho quando discutem? Para deixar tudo em patos limpos.
4.483.N,4.483,N,0,train,validation,Porque é que há tantas mulheres feias? Porque a verdadeira beleza está no interior.
4.153.H,4.153,H,1,train,train,O que é que as freiras comem ao pequeno almoço? Papa.
5.2882.N,5.2882,N,0,train,train,Personagem que adora Leite? Pernalonga
5.307.H,5.307,H,1,train,validation,Qual a inflamação que manja de futebol? O Tite.
4.114.N,4.114,N,0,train,train,Um veterinário está a descrever o que costuma ver ao mesmo tempo . Qual é o filme? Como cães e gatos.
5.2531.N,5.2531,N,0,train,train,Por que o Tiger Woods teve que comprar um tanque enorme? Porque ele ganhou um crustáceo.
5.3127.N,5.3127,N,0,train,train,Qual programa onde você fala com um carro? O assistente pessoal.
4.473.H,4.473,H,1,train,train,Quem estiver desempregado fale com alguns bebés. Ouvi dizer que dão muito trabalho.
5.16.H,5.16,H,1,train,train,Para onde as pulgas vão quando morrem? Para o pulgatório.
5.2393.H,5.2393,H,1,train,train,Qual é o canal infantil que só transmite batida de carro? Car Tum Network.
5.2174.N,5.2174,N,0,train,test,O que o diplomata recebeu no whatsapp? Oi
4.701.H,4.701,H,1,train,test,"Estou a depenar um frango e acabei de arrancar a última pena. Esperem, afinal era a penúltima."
5.3656.H,5.3656,H,1,train,train,Qual vilão da Marvel data do período paleolítico?  Dormammute.
5.327.H,5.327,H,1,train,test,Desde quando o pedreiro comete erros de concordância? Desde seu “Na Cimento”
5.2872.H,5.2872,H,1,train,test,Por que o chefe do tráfico foi pra Itália? Porque quem tem boca vai a Roma. 
5.1838.N,5.1838,N,0,train,train,O que o velho vaidoso disse em frente ao espelho? Lindo!
5.3366.N,5.3366,N,0,train,train,Qual ex-jogador de futebol trabalhava com construção civil? Túlio Maravilha.
5.1441.H,5.1441,H,1,train,train,O que o escorregador falou para o outro? Aqui os ânus passam depressa.
5.1744.N,5.1744,N,0,train,train,Qual é o repórter que mais gagueja? Caco Barcelos.
4.507.N,4.507,N,0,train,train,Como é que se faz azeite virgem? Com azeitonas.
4.38.N,4.38,N,0,train,train,Hoje vi uma empregada do Pingo Doce a marcar o preço nos produtos aos calhas . Ela devia estar só a pressupor os valores.
4.216.H,4.216,H,1,train,train,"Quanto tinha 11 anos só queria receber uma carta de Hogwarts a dizer que eu era um feiticeiro. Enfim, não se Potter tudo."
5.2110.H,5.2110,H,1,train,train,Em que região do país os casais vivem de libidinagem? Na roça
4.665.H,4.665,H,1,train,train,O que disse a Selena Gomez quando encontrou o aspirador? Taki Taki Roomba!
5.1496.H,5.1496,H,1,train,train,"Estavam dois frangos voando, aí um disse ""Peraí, frango não voa"" e caiu no chão, mas o outro continuou voando. Por quê? Porque era um frango à passarinho."
5.632.H,5.632,H,1,train,train,A Manuela anda com a foto de São Pedro no carro pra evitar que ele quebre. Por quê? PORQUE A MANU TEM SÃO
4.221.N,4.221,N,0,train,train,"Os Xutos e Pontapés vão lançar uma música sobre geometria . Vai-se chamar: "" Contentores ""."
5.2994.H,5.2994,H,1,train,train,Qual animal faz promoções na padaria? Urso PÃOda.
4.118.N,4.118,N,0,train,train,Como é que se faz azeite virgem num restaurante? Com as azeitonas que não foram usadas
5.356.N,5.356,N,0,train,train,Como a cebola e o alho trocam mensagens de texto? Por Telegram.
5.4014.N,5.4014,N,0,train,test,Por que no interiorzão não dá pra ouvir música? Porque lá o silêncio impera.
5.1884.H,5.1884,H,1,train,train,Qual é o cantor favorito da Ludmila? Funk Aguiar 
5.3981.H,5.3981,H,1,train,train,Qual o super herói dono de uma igreja? Homem de Fé rro.
5.614.H,5.614,H,1,train,train,Qual é o carro preferido do Wolverine? Logan.
5.2839.H,5.2839,H,1,train,train,O que o médico aplicou no paciente que quebrou a perna? InGessão
5.158.H,5.158,H,1,train,train,Qual é o alimento que só pode ser servido em duas mesas de tamanho considerável? Parmesão.
4.140.H,4.140,H,1,train,train,"A Cinha Jardim convidou as amigas todas a irem lá a casa, mas ninguém apareceu. Como se chama o filme? Só Cinha em casa."
4.535.N,4.535,N,0,train,train,O que é mil vezes melhor do que o Instagram? O Facebook.
5.3741.N,5.3741,N,0,train,train,Qual comentarista esportivo se gaba da reforma em seu domicílio? Galvão Bueno.
5.2965.H,5.2965,H,1,train,train,Por que o Ciro Gomes fez implante? Problemas CaPillar.
4.224.N,4.224,N,0,train,test,Vira-se um porta-moedas para uma carteira: nunca reparas em mim ...
5.3523.N,5.3523,N,0,train,train,Em qual brincadeira eu só aceito gente inteligente? Tiro ao alvo.
4.460.H,4.460,H,1,train,train,O que é um terapeuta? São 1024 gigapeutas.
5.1856.N,5.1856,N,0,train,train,"Sabe qual a fruta que fica putaça, reclama e vai embora? Abacaxi."
5.2661.N,5.2661,N,0,train,validation,Quais as três letras que te perguntam o motivo de tudo? Nenhuma?
4.87.N,4.87,N,0,train,test,Que nome se dá a uma chinesa muito docinha? Lee.
5.2731.N,5.2731,N,0,train,train,Qual é a Luta mais praticada nos quadrinhos japoneses? Karatê
4.540.H,4.540,H,1,train,train,Que carro conduz a professora de matemática? Um 4x4.
5.2406.N,5.2406,N,0,train,train,Porque o jogador de futebol resolveu treinar na piscina? Para melhorar os passes.
5.186.H,5.186,H,1,train,test,"O que o tijolo falou para o outro tijolo? ""Há um ciumento entre nós""."
5.3957.N,5.3957,N,0,train,test,Qual rapper que te convidava pro sexo oral? RM.
4.633.N,4.633,N,0,train,train,Vira-se uma secretária para outra: Esta folha é tua ou é impressão minha?
5.1292.H,5.1292,H,1,train,train,O que o Sam da série Supernatural disse pro irmão quando viu um cara andando com um macaco no ombro? Aladdin.
4.349.H,4.349,H,1,train,train,"Um homem ia-se mandar dum prédio, passa um físico lá em baixo: Não faça isso! Você tem muito potencial!"
5.665.N,5.665,N,0,train,train,Qual é o personagem do Sítio do Pica Pau Amarelo que vivia bebendo vinho? Emília.
5.761.H,5.761,H,1,train,train,Qual a parte mais forte do corpo humano? O super-cílio.
4.188.H,4.188,H,1,train,train,Porque é que o poste caiu? Tinha alta tensão.
5.794.N,5.794,N,0,train,train,Qual o cantor que sofre de incontinência urinária? Wesley Safadão.
2.2.H,2.2,H,1,train,test,Quem há de nos salvar da hipotenusa? O Cateto Fantástico.
5.2154.N,5.2154,N,0,train,train,"O Cebolinha e o Cascão estavam chupando pirulito . De repente, o Cebolinha pegou o pirulito do Cascão . Qual o nome do filme? Os outros"
4.644.H,4.644,H,1,train,test,"Para quem não viu o eclipse ontem à noite, no fim o Edward fica com a Bella."
5.171.H,5.171,H,1,train,test,Por que o pedreiro que trabalha com o Sílvio Santos ficou sem lugar para morar? Porque o peão dá a casa própria.
5.26.N,5.26,N,0,train,train,Qual grupo de pagode odeia o final dos parabéns? Só pra Contrariar.
5.56.H,5.56,H,1,train,test,Qual creme de barbear parece um esperma? Gozzano.
5.3625.H,5.3625,H,1,train,test,Qual a banda que ajuda as pessoas a alcançar a seu destino?  Owazes.
5.2381.H,5.2381,H,1,train,test,Qual cantora é mais de uma? A Duas Lipa
5.3200.N,5.3200,N,0,train,train,Qual é a cantora que toma calmante no avião? Anitta.
4.423.N,4.423,N,0,train,train,Porque é que o Salvador não se perde em Barcelona? Porque ele tem Google Maps.
5.556.N,5.556,N,0,train,train,Como o Superman escolhe o queijo? Usando a visão de raio X.
5.850.N,5.850,N,0,train,train,Qual o X-Men que morre de vontade de conhecer o Inri Cristo? Charles Xavier.
5.1310.H,5.1310,H,1,train,train,Onde as aranhas compram material de construção? Teia Norte.
5.1910.N,5.1910,N,0,train,train,Em qual cidade ninguém é mais virgem? Juiz de fora.
5.3785.H,5.3785,H,1,train,train,Qual o jogo preferido dos estudantes que moram juntos? Riders República.
3.9.N,3.9,N,0,train,train,Ana e Pedro tiveram um filho . Ele nasceu de cesariana.
5.3174.H,5.3174,H,1,train,train,Qual médico que só cuida de tetas? Drauzio VêAuréolas.
5.26.H,5.26,H,1,train,train,Qual grupo de pagode odeia o final dos parabéns? Sopra Contrariado.
5.3316.N,5.3316,N,0,train,validation,Qual cidade tem muitos marceneiros? São Paulo.
5.2268.H,5.2268,H,1,train,train,Qual deus favorito do faustão ? Alá
5.2760.N,5.2760,N,0,train,train,Qual o grupo musical favorito dos leões? Queen.
4.46.H,4.46,H,1,train,train,Estão dois gatinhos à procura da mãe. Qual é o filme? Mamma mia!
5.1682.N,5.1682,N,0,train,train,Qual é o peixe que te dá um título de nobreza? Baiacu.
5.2841.H,5.2841,H,1,train,train,Qual o ator que produz vinho? Vinícolas Cage 
5.354.N,5.354,N,0,train,test,Por que Singapura foi na festa dos países? Pra socializar.
4.224.H,4.224,H,1,train,train,Vira-se um posta-moedas para uma carteira: nunca notas em mim...
5.1005.N,5.1005,N,0,train,test,Do que sofre a socialite quando vai às compras? De tique nervoso.
5.3324.N,5.3324,N,0,train,train,Qual tecladista toca música relaxante? Wakeman.
5.491.N,5.491,N,0,train,train,Por que o coelho quebrou os dentes ao comer o protetor solar? Porque era duro.
5.925.H,5.925,H,1,train,test,Qual o animal mais educado que existe? Gentilesma.
5.3500.H,5.3500,H,1,train,train,Qual a bacteria que só prega em mulher? Salmo nelas.
5.4087.H,5.4087,H,1,train,test,Que dupla te passa doença e sermão? Atchim & Esporro.
5.1598.N,5.1598,N,0,train,validation,Qual é o animal que voa no deserto? Abutre.
3.13.N,3.13,N,0,train,train,Sabe por que o pinheiro não se perde na floresta? Porque ele não se move.
4.287.N,4.287,N,0,train,train,O que diz uma pessoa quando entra na casa de banho? Que cheiro!
5.1498.N,5.1498,N,0,train,test,O que o galo foi fazer na delegacia? Denunciar.
5.3298.H,5.3298,H,1,train,train,Qual cara que trabalhava com computadores e começou a salvar judeus? Analista de Schindler.
5.4056.N,5.4056,N,0,train,train,Qual o alimento que ajuda na obra de Deus? Arroz.
5.2679.H,5.2679,H,1,train,validation,Qual padre é um cavalo? Marcelo Horse.
2.20.H,2.20,H,1,train,test,Eu odeio academia. Mas o Tim Maia.
5.1234.H,5.1234,H,1,train,test,Qual o nome da namorada do John Lennon que beijava mulheres? Yoko Homo.
4.467.N,4.467,N,0,train,train,"Como é que os cereais acabam uma relação? Não és tu, sou eu."
5.535.N,5.535,N,0,train,train,Por que a piscina estava sem água? Porque esvaziaram.
5.883.H,5.883,H,1,train,train,Qual cantor só pensa em dinheiro? Lucas Lucro.
5.3508.H,5.3508,H,1,train,train,Qual rapper é também um ótimo detetive? Marcelo Deduz.
5.2980.H,5.2980,H,1,train,validation,Qual o grupo de pagode tem os melhores transantes? Art Copular.
5.500.H,5.500,H,1,train,train,Qual ator que chega em março e vai embora em junho? Outono Fagundes.
5.2785.H,5.2785,H,1,train,train,Qual estado americano é uma farpa? A lasca.
5.3530.N,5.3530,N,0,train,train,Como se chama a tatuagem feita num velho? Tatuagem no vô.
5.3221.N,5.3221,N,0,train,train,Qual cantor só dá mancada? Wesley Safadão.
4.660.H,4.660,H,1,train,train,"Como se chama um cão sem patas? Não se chama, vai-se buscar."
4.253.H,4.253,H,1,train,test,Porque é que os polícias não gostam de sabão? Porque preferem deter gente.
5.2675.N,5.2675,N,0,train,train,Qual cantor sempre manda uma jogada boa no baralho? Nando Reis.
5.2156.H,5.2156,H,1,train,train,Qual comida sobreviveu ao naufrágio do Titanic? Arroze 
5.1980.H,5.1980,H,1,train,train,Qual o dispositivo usado pra enxergar melhor uma determinada nota musical? Óculos de Sol 
5.513.H,5.513,H,1,train,train,Qual o contrário de diagnóstico? Noite crente.
4.609.H,4.609,H,1,train,train,Um fulano passou três dias na piscina e depois foi ao médico. Qual foi o diagnóstico? Nada demais.
5.3301.N,5.3301,N,0,train,test,"Se honestidade responsabilidade e humildade pudessem ser negociados, onde se daria essa negociação? Na igreja."
4.544.N,4.544,N,0,train,train,"A Érica e a Ester decidiram adotar uma jovem . Quando ela soube, ficou feliz."
5.1530.N,5.1530,N,0,train,train,"Qual a banda que não pode andar de avião, pois nunca passa na segurança do aeroporto? Cannibal Corpse."
4.575.H,4.575,H,1,train,train,Vira-se a mãe pata para o patinho: Anda quá!
5.3155.H,5.3155,H,1,train,train,Qual atriz deveria ter feito parte do elenco de Vingadores? Brooke S.H.I.E.L.D
4.735.N,4.735,N,0,train,train,O que é que a vegan fez à carnívora? Nada.
5.2752.H,5.2752,H,1,train,train,"""""""Qual o poeta mais mortal da língua portuguesa? Mário Kitana"""""""
5.420.N,5.420,N,0,train,train,Qual fruta nasce às margens do Rio Negro? Maçãs.
4.164.H,4.164,H,1,train,test,Como se faz cócegas a um rico? Gucci Gucci Gucci!
5.1541.N,5.1541,N,0,train,validation,O que é um ponto marrom no pulmão? Uma Tuberculose.
5.1837.H,5.1837,H,1,train,train,Qual é o apresentador que me dá tesão? Otávio me Excita
5.1055.N,5.1055,N,0,train,train,Por que não reconheceram o idoso no avião? Porque ele estava usando uma máscara de oxigênio.
5.1602.H,5.1602,H,1,train,train,Qual é a novela em que Antônio Fagundes faz uso de entorpecentes? O Rei Dro Gado.
5.3242.H,5.3242,H,1,train,validation,Qual é a técnica que faz o nariz obedecer todas as ordens? HipiNOSE.
4.380.H,4.380,H,1,train,test,Qual é o prato prefeiro da Xana? Toc Toc.
5.2746.N,5.2746,N,0,train,train,Qual o estado onde são assassinados todos os gaúchos ignorantes? Amazonas
5.210.H,5.210,H,1,train,train,"A funkeira ficou 1 mês com monges. O que ela falou quando saiu? ""Que retiro foi esse?"""
4.452.N,4.452,N,0,train,test,"O que diz um bombista suicida quando chega ao paraíso e encontra as 72 virgens? Olá meninas, acabo de chegar ..."
4.573.H,4.573,H,1,train,train,Porque é que os cemitérios têm paredes? Porque as pessoas estão mortinhas por entrar lá dentro.
5.2189.N,5.2189,N,0,train,test,Quem é a cantora que trabalha com transporte público nos Estados Unidos?  Beyoncé
4.360.N,4.360,N,0,train,train,Porque é que o Pedro se divorciou? Porque a mulher não servia para nada.
4.584.H,4.584,H,1,train,test,Que nome se dá a um unicórnio zarolho? Uni córnea.
5.3400.N,5.3400,N,0,train,validation,Em qual série não gostam de uma banda de rock? Todo mundo odeia o Chris.
4.91.N,4.91,N,0,train,train,O que diz uma aranha carente? Saudades!
5.1303.H,5.1303,H,1,train,train,Qual o chá preferido dos britânicos para se acalmar? C'mon Mila.
5.2371.H,5.2371,H,1,train,train,Por que quando a sala estava gelada todos aumentavam seu vocabulário? Por causa do ar condicionário.
5.2415.H,5.2415,H,1,train,train,Qual é a cidade que quer ser um instrumento musical?  Itaquaquecetuba.
5.3261.N,5.3261,N,0,train,validation,Por que o Thiago Ventura teve dor de barriga quando foi em Holambra? Porque viu a flora.
5.974.H,5.974,H,1,train,validation,Qual é o coletivo mais insensível que existe? Ama nada.
5.749.N,5.749,N,0,train,train,Qual parte do automóvel é uma lenda? Estepe.
5.3337.N,5.3337,N,0,train,train,Qual político nunca estava sozinho? Joe Biden.
4.302.H,4.302,H,1,train,train,O que é um tério? São dois cemitérios.
4.630.H,4.630,H,1,train,test,Por que é que os surfistas comem a comida fria? Porque detestam micro ondas.
5.41.H,5.41,H,1,train,train,Qual cantora brasileira só cria galinha? Ivete Sem Galo.
5.1270.H,5.1270,H,1,train,test,Por que os jogadores da Suíça tem covinhas? Porque eles tem queixo suíço.
5.89.H,5.89,H,1,train,train,Por que o cozinheiro vivia cansado? Porque ele ligava o exaustor.
5.2280.H,5.2280,H,1,train,train,Qual é a comida muito apreciada pelos radicais chineses da Al-Qaeda? Bin Lámen 
4.552.N,4.552,N,0,train,train,Como é que um Pokémon espirra? Atchim!
5.1958.N,5.1958,N,0,train,train,Que apresentador enche o copo com óleo? Raul Gil.
5.85.N,5.85,N,0,train,test,Qual é a tartaruga ninja que vive na Disney? O Miquelângelo.
5.4032.H,5.4032,H,1,train,train,"Por que quando eu gritava dentro da caverna, o som só se repetia uma vez ? Porque era um Eco nômico."
5.2980.N,5.2980,N,0,train,train,Qual o grupo de pagode tem os melhores transantes? Arte Popular.
5.1170.N,5.1170,N,0,train,train,Como chama o programa em q artistas não profissionais se apresentam para um júri e engordam bagarai? Show de engorda.
5.976.N,5.976,N,0,train,validation,Qual passarinho adora televisão? Pardal.
4.243.H,4.243,H,1,train,train,"O que diz um reboque a afogar-se pela segunda vez? Pronto, socorro..."
5.10.N,5.10,N,0,train,train,Qual é o nome do político que tem mal de Parkinson? Eduardo Suplicy.
5.2403.H,5.2403,H,1,train,test,Qual o torresmo que nunca está de bem com a vida? O Torresmungando
5.3987.N,5.3987,N,0,train,train,"Qual artista pop era porco gordo, mas era irresistível? Baicon Jackson."
4.487.H,4.487,H,1,train,train,Para onde vão descansar as pessoas que caem das motas? Para uma ilha re-mota.
5.674.N,5.674,N,0,train,test,Qual parente sempre deixa um pouco de comida no prato? A prima.
5.2436.H,5.2436,H,1,train,validation,Qual é a música favorita dos barbeiros? Johnny BiGode.
5.848.H,5.848,H,1,train,train,Qual personagem da Disney que ninguém gosta? Amarga Rida.
5.3216.N,5.3216,N,0,train,train,Em qual apresentador vomitaram? Rodrigo Faro.
4.72.N,4.72,N,0,train,train,Porque é que os filhos do Bin Laden são felizes? Porque o pai ama-os.
5.245.N,5.245,N,0,train,train,Qual é o cantor que está sempre perdido? Stevie Wonder?
5.2908.N,5.2908,N,0,train,train,Qual churrascaria serve quase nada de comida no seu rodízio? Fogo de chão
5.1993.N,5.1993,N,0,train,train,"Qual o livro que conta as aventuras de um cavaleiro que não usava armadura, mas que deixavam as coxas à mostra? Dom Que Shorts!"
5.1981.H,5.1981,H,1,train,test,Como se chama o ato de um ministro comer a primeira dama? Uma metida provisória 
5.933.H,5.933,H,1,train,train,Qual é o nome do especialista em temperar carnes que não se esquecia do passado?  O Sal Dosista.
5.1961.N,5.1961,N,0,train,train,Qual o romano mais malhado que existe? Adriano.
4.155.H,4.155,H,1,train,train,Hoje sentei-me em cima duma ventosa. Fez va-cu.
5.2329.H,5.2329,H,1,train,train,O que o videogame triste espera que a gente faça? Que o console.
5.574.H,5.574,H,1,train,test,Qual o estúdio de dublagem que mais tinha brigas? Herbert Rixas.
2.14.H,2.14,H,1,train,train,Por que o astronauta cometeu um homicídio no espaço e não foi preso? Porque foi um crime sem gravidade.
5.2888.H,5.2888,H,1,train,train,qual atriz deixa os carecas cabeludos? Patrícia Cápilar 
4.666.N,4.666,N,0,train,test,Que chá bebem os colombianos? Chá verde.
2.10.N,2.10,N,0,train,validation,Como o padre bateu o carro? Dando uma ré.
5.2973.H,5.2973,H,1,train,train,Qual personagem de conto de fadas é uma divindade na Espanha? El Mágico Dios
5.2811.H,5.2811,H,1,train,train,Profissional que conhecia tudo a respeito de suínos? Ex Perito de Porco 
5.1908.H,5.1908,H,1,train,test,Qual é a nacionalidade da pessoa apaixonada por um alcoólatra? Amor e Cana 
5.3610.H,5.3610,H,1,train,test,Qual é a série em que todo mundo que é policial tem que sair? C.S.I.
5.2965.N,5.2965,N,0,train,test,Por que o Ciro Gomes fez implante? Ele estava careca.
5.986.N,5.986,N,0,train,test,Qual é o jogo de tabuleiro favorito do Goku? Go.
5.3433.H,5.3433,H,1,train,train,Qual o nome do chinês que adora doce? Chan Ti Lee.
5.2763.H,5.2763,H,1,train,train,Qual a banda que so gosta de baixinhas? Detona Altas.
4.417.H,4.417,H,1,train,train,Porque é que os daltónicos têm péssima memória? Porque não sabem nada de cor.
5.575.N,5.575,N,0,train,train,Qual a cor do medo? A cor azul.
5.553.H,5.553,H,1,train,train,O que a Minnie falou pro namorado dela quando encostou na fogueira? Mickey mou Zé.
5.167.H,5.167,H,1,train,train,"O que o padrinho da faca disse?  ""Oi, afiado""."
5.727.N,5.727,N,0,train,train,Quando os norte-coreanos vão comemorar a Páscoa? Quando o mês chegar.
5.306.H,5.306,H,1,train,train,Qual problema de saúde recorrente em matemáticos? Problema DIVISÃO
5.4040.H,5.4040,H,1,train,test,Qual o cavaleiro que participava de vários leilões ao mesmo tempo? Lance em lote.
5.489.N,5.489,N,0,train,train,Qual piloto tem pacto com o Diabo? Barrichello.
5.1021.H,5.1021,H,1,train,train,Qual galaxia treina com nutricionista? A Milky Whey
5.1929.H,5.1929,H,1,train,train,Qual idioma favorece o tráfico de órgãos? Manda rim 
5.2012.H,5.2012,H,1,train,train,Que apresentador vive tomando Dramin? Rodri Gorfaro 
4.77.H,4.77,H,1,train,train,"Se o futuro depende dos teus sonhos, não percas tempo. Vai dormir."
4.140.N,4.140,N,0,train,train,"A Cinha Jardim convidou as amigas todas a irem lá a casa, mas ninguém apareceu . Como se chama o filme? Sozinho em casa."
5.1381.N,5.1381,N,0,train,test,Por que colocaram uma cama elástica no Polo Norte? Para o urso brincar.
5.410.H,5.410,H,1,train,train,Qual a história sobre um pagodeiro que decidiu roubar o marido de uma princesa? O Belo e a Fera.
5.1100.N,5.1100,N,0,train,test,Qual é a regra de matemática preferida dos funkeiros? Regra de três.
5.3808.N,5.3808,N,0,train,train,Qual cantor mais cínico que existe? Pepino di Capri.
4.41.N,4.41,N,0,train,train,O rei de Espanha é viciado em Coca-Cola . E a filha em Pepsi.
4.738.N,4.738,N,0,train,train,O meu amigo fez anos ontem . Fiz-lhe uma festa.
4.95.N,4.95,N,0,train,test,Qual é a única profissão que necessita de verniz de unhas para trabalhar? É a manicure.
5.3955.N,5.3955,N,0,train,train,Que diretor de cinema era radioativo? Jack Thorne.
5.823.N,5.823,N,0,train,validation,Qual a banda que não deve nada pra ninguém? Skank.
5.3218.H,5.3218,H,1,train,train,Qual piloto nos enchia de orgulho? Emerson FittiProud.
5.2306.H,5.2306,H,1,train,train,Qual jornalista se especializou em falar de lanche de rua no Rio? Ana Paula Podrão.
5.4057.H,5.4057,H,1,train,test,Qual rapper nasceu na Itália? Romano Brown.
5.2244.N,5.2244,N,0,train,train,Qual a sobremesa favorita do marceneiro? Leite moça
5.1116.H,5.1116,H,1,train,test,Por que os jacarés só andavam em dois? Porque são reptildos.
4.43.N,4.43,N,0,train,train,Porque é que o caracol foi preso? Porque deixou baba.
5.3272.N,5.3272,N,0,train,validation,Qual a janta favorita do ET? Ovine de Codorna.
5.9.H,5.9,H,1,train,train,Qual é a resistência elétrica de um sabre de luz? 1 ohm.
5.3163.H,5.3163,H,1,train,test,Por que a pessoa que não melhora de vida não quebra as coisas nunca? Porque tá estrague nada.
5.3119.N,5.3119,N,0,train,validation,Qual o nome da mãe do super-herói que nunca vai em praia com águas geladas? Martha Wayne.
5.2341.H,5.2341,H,1,train,test,Qual meia da seleção joga na posição que o técnico preferir? Renato Aogosto.
3.10.N,3.10,N,0,train,train,Como é que as freiras secam a roupa? Secadora.
5.1150.H,5.1150,H,1,train,train,O que a mãe do chinês falou para ele fazer quando brigarem com ele? Xing.
5.2005.N,5.2005,N,0,train,train,Qual é o peixe cristão que vive fora d’água? Sardinha
5.752.N,5.752,N,0,train,train,Qual é o doce favorito do átomo? Paçoca.
5.415.H,5.415,H,1,train,test,Qual é o restaurante favorito dos maconheiros? O Outbeck.
5.2721.H,5.2721,H,1,train,train,Qual personagem de Mario gosta de tirar os outros do poder? Princesa imPeachment.
4.3.H,4.3,H,1,train,train,Quem é aquela velhinha ali a ouvir música no telemóvel? É a avó da fone.
5.3198.H,5.3198,H,1,train,train,Qual cantora que adora esfiha? Habbibis Ferreira.
5.2563.N,5.2563,N,0,train,train,"Quando um extraterrestre cai, o que ele passa no machucado? Remédio."
4.616.N,4.616,N,0,train,test,Por que é que os hospitais não atendem telefones? Porque para isso há a Saúde 24.
4.11.H,4.11,H,1,train,test,Qual é o animal mais romântico? É a amêijoa. Porque dorme em conchinha.
5.1095.N,5.1095,N,0,train,train,Vários bichos fizeram seus sons na caverna e ouviram a repetição . Porque só na vez do gato que não? Porque não deu eco.
5.2221.N,5.2221,N,0,train,train,Qual personagem infantil tem a rosquinha mais gostosa? O Mickey
4.394.N,4.394,N,0,train,train,Porque é que os elefantes não praticam boxe? Porque têm medo de se magoar.
5.2736.H,5.2736,H,1,train,train,Qual empresário está sempre comendo? Luciano Rango
4.443.N,4.443,N,0,train,train,O que come um animal vegetariano? A planta.
5.3704.N,5.3704,N,0,train,validation,Onde o Sílvio conseguiu comprar novelas tão ruins? Na porta da Globo!
5.3899.N,5.3899,N,0,train,train,Qual o programa preferido dos filhinhos do Drácula? Brincar.
5.1953.H,5.1953,H,1,train,train,Veículo mais depreciado do mercado? Peugeot rativo 
5.3866.H,5.3866,H,1,train,train,Qual religioso quer matar todo mundo? Psicopapa.
5.594.H,5.594,H,1,train,test,O que um irmão siamês falou pro outro? Tamo Junto!
5.2657.H,5.2657,H,1,train,train,O que pediram pro velho no dentista? A Carteira de Dente idade.
5.359.N,5.359,N,0,train,train,Qual o plano de saúde dos espíritas? Unimed.
5.1430.H,5.1430,H,1,train,train,Qual é o nome do X-Men que quer crescer? Me estica.
4.350.N,4.350,N,0,train,train,Que nome se dá a uma sobremesa de bananas? Banana-split
4.406.N,4.406,N,0,train,validation,Um cigano poupou dinheiro para comprar um presente à mulher . A isto chama-se economia por objetivo.
4.678.N,4.678,N,0,train,test,Acabei de abrir a conta da água e a conta da luz ao mesmo tempo . Fiquei em pânico .
5.1896.N,5.1896,N,0,train,train,Qual a figura mitológica mais velha? Adão.
5.2245.H,5.2245,H,1,train,train,Qual é a parte da casa que machuca o queixo de muitos? A Sacada 
4.134.N,4.134,N,0,train,train,O que é um quartzo? É um tipo de um mineral.
5.143.H,5.143,H,1,train,train,Qual é o elemento químico mais nervoso que existe? Putássio.
5.2738.H,5.2738,H,1,train,train,Po que a gente se sente mais equilibrado ao entrar em um rodízio? Porque ali é um centro de massa
5.693.N,5.693,N,0,train,train,Qual é a bebida que conecta com seu cérebro? Red Bull.
5.1095.H,5.1095,H,1,train,train,Vários bichos fizeram seus sons na caverna e ouviram a repetição.  Porque só na vez do gato que não? Porque economia.
5.828.N,5.828,N,0,train,train,Qual o nome e sobrenome da mulher que apareceu sem roupa e surpreendeu o japonês? A Maria Silva.
4.645.N,4.645,N,0,train,train,"Se um dia te oferecerem uns óculos sem lentes, tem cuidado! Pode ser engano."
5.3712.H,5.3712,H,1,train,test,Qual padre fazia merchan de sapato? Fábio de Samelo
5.2372.N,5.2372,N,0,train,train,Por que no telefone do mágico não precisava de usar dedos para ligar? Porque ele tinha discagem automática.
5.1551.H,5.1551,H,1,train,test," Qual a Miss que ganhou o Miss Universo, mas ninguém viu a cara dela? A Miss teriosa."
5.1945.H,5.1945,H,1,train,train,Qual é a cerveja preferida dos fazendeiros? A BodeWeiser 
4.12.H,4.12,H,1,train,validation,"Havia um DJ tão bom, mas tão bom, que nem sequer gravava sets. Gravava oitos."
5.4037.H,5.4037,H,1,train,train,Por que o otimista não sorri mais? Porque ele cry na real.
5.728.N,5.728,N,0,train,test,"Qual é o nome da doença que acomete vítimas de sequestro que não têm espelho no cativeiro? Síndrome de "" Estocolmo? """
5.57.N,5.57,N,0,train,train,Por que o quatro estava com uma caixa de fósforos? Porque ele queria ver o mundo pegar fogo.
5.1049.H,5.1049,H,1,train,test,Qual bebiba te dá superpoder? Chá zam.
5.3578.N,5.3578,N,0,train,train,O que o advogado deixou para os filhos? Seu carro.
5.2470.H,5.2470,H,1,train,test,Qual é o doce mais cansado? O suspiro.
5.1792.N,5.1792,N,0,train,train,Qual é o utensílio de cozinha que mais trabalha? O processador.
4.223.H,4.223,H,1,train,validation,Qual é a sobremesa preferida dos canibais? Pudim fulano.
5.62.N,5.62,N,0,train,validation,Qual é a atriz que só usa roupa da Zara? Taís Araújo.
4.272.H,4.272,H,1,train,train,Como é que o pastor conta as suas vacas? Com uma cow-culadora.
5.591.N,5.591,N,0,train,train,Qual cerveja é do Rio de Janeiro? Schincarioca.
5.2985.N,5.2985,N,0,train,test,Qual animal é coach? O homem.
5.658.H,5.658,H,1,train,test,Qual é a cidade que oferece maconha? Quebec.
5.1540.N,5.1540,N,0,train,train,Qual vinho que não tem álcool? O vinho branco.
5.4106.N,5.4106,N,0,train,train,Em qual cidade habitam os extraterrestres? Tel aviv.
5.2501.N,5.2501,N,0,train,test,Sabe por que a Gisele Bündchen só anda com roupa amassada? Porque ela cansou de passar roupa.
5.1542.N,5.1542,N,0,train,train,Por que não é bom guardar o kibe no freezer? Porque lá dentro ele esfria.
4.614.H,4.614,H,1,train,train,"Eu morava na Madeira e mudei-me para Ibiza. Isto não foi um trocadilho, mas sim uma trocadilha."
5.2384.H,5.2384,H,1,train,train,O que os pais do físico disseram para o filho depois de ele ter criado um princípio de refração? Fermat que a obrigação
5.3299.N,5.3299,N,0,train,train,Por que os cachorros do Galvão Bueno nunca ficam com fome? Porque ele é bom de ir comer.
5.1731.H,5.1731,H,1,train,train,Qual o tipo de investimento financeiro preferido da mulher que casou virgem? Day tarde
5.3569.N,5.3569,N,0,train,train,Em que momento do dia seus segredos são revelados? No amanhecer do sol.
5.2440.H,5.2440,H,1,train,test,Qual é a cobra que desperta o tigre em você? A sucurilhos.
5.2064.N,5.2064,N,0,train,train,Em qual história os protagonistas nunca são atacados à noite? Os Três Mosqueteiros
5.1184.H,5.1184,H,1,train,train,Qual ex-presidente dos Estados Unidos ama fazer obras? Barack Obra Ama.
5.2634.N,5.2634,N,0,train,train,Qual a série que expulsa o campo? Seinfeld.
5.2191.N,5.2191,N,0,train,train,Qual é a apresentadora dos pedreiros? Obra Winfrey
5.3552.H,5.3552,H,1,train,train,Qual cachorro que não gosta de boneca ? Doll Mata.
4.647.N,4.647,N,0,train,train,Por que é que o Peter Pan ficou KO? Porque levou um soco.
5.3993.N,5.3993,N,0,train,test,Por que o cara sentia prazer em bater em si mesmo com um sapato? Porque era um masoquista.
5.2903.N,5.2903,N,0,train,train,Que vegetal decretou o fim de uma banda de axé? Alface
5.3218.N,5.3218,N,0,train,validation,Qual piloto nos enchia de orgulho? Emerson.
5.1705.N,5.1705,N,0,train,train,Qual é a cidade que quer ser um instrumento musical? Cuparaque.
5.431.N,5.431,N,0,train,train,Qual o jedi que quer quase dez? O Mestre Yoda
5.2172.H,5.2172,H,1,train,train,Qual a promoção de quadros que uma pintora famosa faz na última sexta-feira de novembro? Black Frida 
5.2753.H,5.2753,H,1,train,test,Como se chama a deficiente visual grávida? Cegonha
5.2974.N,5.2974,N,0,train,train,Qual banda que sempre usa tenis? Oasics.
5.1829.H,5.1829,H,1,train,train,Qual é a cidade americana com muitas embarcações? Nas Vegas
4.238.H,4.238,H,1,train,train,Qual é a série preferida do Pai Natal? Guerra dos Trenós.
5.3665.H,5.3665,H,1,train,train,"O cara reclamou do vaso trincado e a namorada ficou com a boca cheia d'água. Por que? Porque o cara exclamou: Pô, rachou!"
5.3655.N,5.3655,N,0,train,train,Qual filme de mitologia grega que aparece um personagem da Marvel? Fúria do Titã
5.2237.N,5.2237,N,0,train,validation,"Qual o cantor que, ao descobrir que é corno, resolve partir pra briga com o amante? José Ricardo"
5.1671.H,5.1671,H,1,train,test,Qual é a pizza que se deve experimentar sozinho? Provo alone.
5.2145.N,5.2145,N,0,train,train,Qual personagem de desenho animado nunca tem reação? Lápis Lazúli
5.2077.N,5.2077,N,0,train,train,Qual cantor estava sempre brindando à vida? Cazuza
5.2046.H,5.2046,H,1,train,test,Por que o vegano não compra nas Casas Bahia? Porque não gasta dinheiro em carnês 
4.320.N,4.320,N,0,train,train,Porque é que a equipa de futebol não tem pena do jogador que foi expulso? Porque é o que fez mais faltas.
5.2312.N,5.2312,N,0,train,validation,Qual é o nome da banda favorita das pessoas cansadas? Capital Inicial
5.157.N,5.157,N,0,train,train,Qual é o soldado que bate em mulher? Soldado Primeiro.
4.381.N,4.381,N,0,train,validation,O que acontece quando metes um tomate no micro-ondas? Estraga o molho.
3.8.H,3.8,H,1,train,train,Quando você estiver triste é só abraçar um sapato. Um sapato consola.
5.3983.N,5.3983,N,0,train,train,Qual atriz iniciou uma dieta de comidas do mar? Camarão Diaz.
5.797.H,5.797,H,1,train,train,Por que o fonoaudiólogo banca uma banda? Porque ele vive de audições.
4.35.N,4.35,N,0,train,train,Quem é a mulher mais santa do mundo? A Irmã Lúcia . Foi a única mulher que fez vir o Papa.
5.2879.H,5.2879,H,1,train,train,Cantor favorito dos felinos? Ivan Lince 
5.1927.N,5.1927,N,0,train,train,A médica não quer casar . Qual o nome do filme? Mulher solteira até morrer.
4.16.H,4.16,H,1,train,train,Como é que o Batman engata mulheres? No bate-papo.
4.479.N,4.479,N,0,train,test,Qual é o osso que segura a cabeça? É o hioide.
5.1966.H,5.1966,H,1,train,train,Que doce está quase morrendo? Bala de coma 
4.545.H,4.545,H,1,train,train,"Qual é o lema dos perus? ""Um por todos e todos peru""."
5.4098.H,5.4098,H,1,train,train,Qual molho é sempre servido em proporções exageradas? De Too Much.
5.1486.N,5.1486,N,0,train,train,Qual gata que entrou e logo depois saiu do chat? Bola de Neve.
5.3676.N,5.3676,N,0,train,test,"Por que o marido prometeu levar a eposa pra Foz do Iguaçu, mas não levou? Porque era longe."
4.564.H,4.564,H,1,train,train,"Como é que se diz ""peido"" em árabe? Al-bufeira."
4.632.H,4.632,H,1,train,train,Nem todos os esqueletos ouvem. Só os que têm rádio.
5.2618.N,5.2618,N,0,train,train,Qual ator é uma frutinha? Charlie Sheen.
5.2868.H,5.2868,H,1,train,train,Por que o Mickey não conseguiu entrar na Disneylândia? Porque ele não tinha um pluto no bolso
5.400.H,5.400,H,1,train,train,Por que os olhos sempre usavam oculos escuros? Pra não terçol na vista.
5.3324.H,5.3324,H,1,train,train,Qual tecladista toca música relaxante? Reiki Wakeman.
5.149.H,5.149,H,1,train,train,Qual doença acomete geralmente aos arquitetos? Ataque Decoração.
5.3571.N,5.3571,N,0,train,test,Qual personagem não fala muito? Alladin.
5.1367.N,5.1367,N,0,train,validation,Qual é o contrário de paixão? Imparcialidade.
5.2029.H,5.2029,H,1,train,train,Como se chama o desenho de alguém que não tem cabelo? Carecatura 
2.4.N,2.4,N,0,train,validation,Sabe o que aconteceu com o lápis quando soube que o papel acabou? Ficou subaproveitado.
5.560.N,5.560,N,0,train,train,Quais são os piratas que abraçam todo mundo o tempo todo? Os Piratas do Mediterrâneo.
4.42.H,4.42,H,1,train,train,O que é que fazes com 365 preservativos usados? Fazes um pneu e chamas-lhe Goodyear.
4.633.H,4.633,H,1,train,train,Vira-se uma impressora para outra: Esta folha é tua ou é impressão minha?
5.1053.N,5.1053,N,0,train,train,Qual filósofo conseguiu virar todas as quatro cadeiras do The Voice? Sartre.
4.407.H,4.407,H,1,train,train,Que nome se dá a um árabe fofinho? Al-catifa.
5.52.N,5.52,N,0,train,train,Por que a minha mulher sempre ri nos comerciais de remédio? Porque o Ministério da Saúde adverte.
4.400.H,4.400,H,1,train,train,Que nome se dá a um professor com os dentes grandes? Ca-stor.
5.1317.N,5.1317,N,0,train,train,Qual cantora sempre se desculpa? Simone.
4.681.H,4.681,H,1,train,train,"Decidi adotar um Chihuahua. Para quem não sabe, é um animal doméxico."
5.2832.N,5.2832,N,0,train,test,Qual filme foi lançado e ninguém foi avisado? Psicose
5.841.H,5.841,H,1,train,train,Qual escritor sempre usava roupas de frio? Edgar Alã Põe.
5.1847.N,5.1847,N,0,train,train,Qual é o jogador brasileiro que não chega a caprichar na pontaria? Fred.
5.3869.N,5.3869,N,0,train,train,Qual cantora internacional sempre fica em dúvida em questões múltipla escolha? Anastasia.
5.3353.N,5.3353,N,0,train,train,Qual a música mais ouvida nas cordilheiras? O canto dos pássaros.
4.367.N,4.367,N,0,train,train,Porque é que a Branca de Neve desmaiou ao comer a maçã? Apanhou uma indigestão.
4.1.N,4.1,N,0,train,train,Por que é que o Carlos ficou sem abrigo? Porque ainda usa o escudo.
5.227.N,5.227,N,0,train,train,Qual é o mestre especializado em golpes com giro? Mestre Kame.
5.988.H,5.988,H,1,train,validation,Qual é o mosquito que pica palhaços?  É o Picadeiro.
5.639.N,5.639,N,0,train,test,Qual é o caranguejo que só sai à noite? O real.
5.2326.H,5.2326,H,1,train,train,Qual é o tipo de vídeo em que as pessoas sussurram pedindo o dízimo? ASMR.R. Soares.
4.301.H,4.301,H,1,train,train,Adoro álcool destilado. É que quando está do outro lado eu não consigo beber.
5.251.N,5.251,N,0,train,train,O que acontece com o galo que come milho? Caga.
4.587.N,4.587,N,0,train,test,Porque é que não se pode contratar com um cleptomaníaco? Porque ele leva tudo literalmente.
5.57.H,5.57,H,1,train,train,Por que o quatro estava com uma caixa de fósforos? Porque ele queria ver o cinco pegar fogo.
5.2506.N,5.2506,N,0,train,train,Qual é o biscoito mais temido da mitologia? Maria e Maisena.
5.3678.H,5.3678,H,1,train,validation,Qual rodovia não é mais criança? A Via Adulta
4.510.H,4.510,H,1,train,train,"No outro dia estava a lavar o carro com o meu filho, vira-se ele: Pai, porque é que não usas uma esponja?"
4.607.N,4.607,N,0,train,test,Por que é que o treinador foi despedido? Porque não estava capacitado para o trabalho.
5.1872.H,5.1872,H,1,train,train,Que ator gringo deixa a cidade limpa? Denzel wash town 
5.3530.H,5.3530,H,1,train,test,Como se chama a tatuagem feita num velho? Art no vô.
5.3566.N,5.3566,N,0,train,train,Qual jornalista vivia reenviando mensagens? Marcelo Luiz Rezende.
4.750.H,4.750,H,1,train,train,O que disse o Yoda quando se viu a si próprio em 4K? HDMI!
5.3186.H,5.3186,H,1,train,test,Como se segura uma bomba incendiária? Segura napalm da mão.
5.1324.N,5.1324,N,0,train,test,Qual o meio de transporte que aceita qualquer estilo esportivo? Bicieclética.
5.2856.N,5.2856,N,0,train,train,Qual biscoito preferido dos gaúchos? Zezé
4.373.N,4.373,N,0,train,train,Qual é a cantora preferida dos cirurgiões? É a Anastácia.
5.2830.N,5.2830,N,0,train,train,Qual filme deixaram bens como garantia? Percy Jackson
5.1931.N,5.1931,N,0,train,train,Qual o lutador de UFC mais perdedor? Over dum.
4.390.H,4.390,H,1,train,test,"Estão dois bifes na frigideira, vira-se um: e estava mal passado."
4.527.H,4.527,H,1,train,train,O que é que tem dois cus e mata? Um ass ass ino.
5.2357.H,5.2357,H,1,train,test,Qual campeão da UEFA fica feliz mesmo quando perde? Bem Fica.
5.1908.N,5.1908,N,0,train,train,Qual ator é uma bebida? Char Lichia.
5.989.N,5.989,N,0,train,train,Qual figura histórica terminou mal seu último relacionamento? John Kennedy.
5.556.H,5.556,H,1,train,train,Como o Superman escolhe o queijo? Usando a visão de raio cheese.
5.2083.N,5.2083,N,0,train,train,Qual figura do carnaval que dá em cima das mulheres? Boneco de Olinda!
5.747.N,5.747,N,0,train,train,"Por que bactérias, fungos e protozoários gostam de criar cadáveres? Porque são seres decompositores."
5.4014.H,5.4014,H,1,train,train,Por que no interiorzão não dá pra ouvir música? Porque lá o spotifaia.
5.659.N,5.659,N,0,train,test,Qual planta trabalha muito? Samambaia.
4.323.H,4.323,H,1,train,train,O que diz a mãe bombista quando vai pôr o filho à escola? Lá vai o meu rebento...
5.1270.N,5.1270,N,0,train,train,Por que os jogadores da Suíça tem covinhas? Porque eles tem covinhas.
4.49.H,4.49,H,1,train,test,Como se chama o irmão do Clemente? É o Clediziaverdade.
5.2764.H,5.2764,H,1,train,train,Qual cantora q não come carne? A VegetaRhianna.
5.3619.N,5.3619,N,0,train,validation,Qual é o ator que mais gosta de biscoito? Rodrigo Santoro.
5.3488.H,5.3488,H,1,train,train,Que órgão ajudou encontrar o governador de São Paulo? A Procurar Doria.
5.1149.H,5.1149,H,1,train,train,Qual personagem de dragon ball nasceu na Alemanha e não come carne? Vegeta Ariano.
5.1756.N,5.1756,N,0,train,validation,Qual tipo de roupa o Goku gostaria de dar de presente para sua esposa? Vestido.
5.3539.N,5.3539,N,0,train,train,Qual o peixe que odeia ser temperado? Atum.
5.2014.N,5.2014,N,0,train,test,Em que parte do casa todos se encontram? Na área de lazer
5.1816.N,5.1816,N,0,train,train,Qual o primata que vive boiando sozinho no meio do oceano? Gorila.
5.2152.N,5.2152,N,0,train,train,Qual é o médico da Elsa da Frozen? O otorrinolaringooo logista …
5.1196.N,5.1196,N,0,train,train,Qual é a atriz que vale por duas? Beatriz Segall.
5.4086.N,5.4086,N,0,train,train,Por que a manicure ganhou uma medalha de ouro no tiro esportivo? Porque treinou muito.
5.2017.N,5.2017,N,0,train,train,Que lei incentiva a espera em estabelecimentos? 8192/1998
5.1903.H,5.1903,H,1,train,test,Qual é a comida favorita das baleias? TapiOrca 
5.1926.H,5.1926,H,1,train,train,Em que momento a gente pode desligar o computador na Disney? Só depois que encontrol o wAlt e Deus. 
5.2479.N,5.2479,N,0,train,train,Qual é o personagem mais fedido da Disney? O Ió.
5.4059.N,5.4059,N,0,train,train,Qual cantor de Rap nunca chega antes? Mano Brown.
4.404.N,4.404,N,0,train,test,O que são duas cenouras a discutir? Poluição sonora.
5.823.H,5.823,H,1,train,train,Qual a banda que não deve nada pra ninguém? Jaquitou 5.
5.3527.N,5.3527,N,0,train,train,"Por que quando fugi aos 18 anos, minha mãe foi ao quartel me procurar? Pra ver se eu me alistei."
5.1769.N,5.1769,N,0,train,train,Qual é o personagem mais fedido da Disney? O Flor.
5.692.N,5.692,N,0,train,train,Como se chama o profissional que trabalha com plástico e não interage com ninguém? Plastiqueiro.
5.1705.H,5.1705,H,1,train,train,Uma família russa sai para viajar no Natal e esquece o filho em casa. Qual é o nome do filme? Esqueceram Dmitri
5.4018.H,5.4018,H,1,train,validation,Qual programa de rádio homenageia os idosos? Avós do Brasil.
5.2470.N,5.2470,N,0,train,train,Qual é o doce mais cansado? O merengue.
5.2271.N,5.2271,N,0,train,train,Qual eletrônico se contenta em ser passivo na relação sexual? Celular
5.1.N,5.1,N,0,train,train,Qual X-Men nunca falta ao trabalho? Ciclops.
5.1297.N,5.1297,N,0,train,train,Qual candidato é doador de órgãos? Cabo Daciolo.
4.443.H,4.443,H,1,train,train,O que come um canibal vegetariano? A planta dos pés.
5.1435.H,5.1435,H,1,train,train,Por que o amor entre patos é o mais bonito que existe ? Porque é patoda vida.
5.3663.H,5.3663,H,1,train,train,Qual atacante visitou o Olimpo? Felipe Vi Zeus.
4.340.H,4.340,H,1,train,train,Que nome se dá a um feto que dá muitos pontapés? Produto interno bruto.
5.476.N,5.476,N,0,train,train,"Por que a Pepsi é inteligente e a Coca burra? Porque a Pepsi estuda e a Coca, não."
5.2441.H,5.2441,H,1,train,train,Qual é o pote que toca música? O Spotefy.
4.247.H,4.247,H,1,train,train,"Se algum dia te sentires triste por não receberes correio, vai ao Google e faz uma pesquisa. Vais ter milhares de correspondências."
4.697.H,4.697,H,1,train,train,"Como se diz ""terror"" em japonês? Aikimedu."
4.341.N,4.341,N,0,train,test,Qual a semelhança entre o Adão e um homem? O Adão foi o primeiro homem que houve.
4.20.N,4.20,N,0,train,test,Adoro mulheres com inteligência  . Têm centenas de pontos a seu favor.
5.433.N,5.433,N,0,train,validation,Qual passarinho mais resistente que existe? A Andorinha.
5.3934.N,5.3934,N,0,train,test,Qual a bebida do Rei? Cerveja
4.715.H,4.715,H,1,train,test,Vira-se uma poia para outra: Então o que fezes por aqui?
5.2973.N,5.2973,N,0,train,train,Qual personagem de conto de fadas é uma divindade na Espanha? El Gato con Botas
4.373.H,4.373,H,1,train,train,Qual é a cantora preferida dos cirurgiões? É a Anestesia.
5.1141.H,5.1141,H,1,train,train,Qual é o cachorro é bom de briga? Jiu shih-tzu
5.2279.H,5.2279,H,1,train,test,"Qual o filme da franquia Star Wars que a pessoa constata que é todo mundo da mesma família? Ah, ces são Skywalker… "
4.302.N,4.302,N,0,train,train,O que é um tério? É uma classe de mamíferos.
5.1898.H,5.1898,H,1,train,test,Como chamamos uma convenção de explosivos? Dinameeting 
5.2317.H,5.2317,H,1,train,test,Por que o carro do dentista foi apreendido? Porque ele estava sem placa
3.2.H,3.2,H,1,train,train,O que o martelo foi fazer no culto? Pregar.
5.2802.H,5.2802,H,1,train,test,Qual o leite mais poderoso? Leite El Niño 
4.529.H,4.529,H,1,train,test,O que são oito Hobbits? Um Hobbyte.
5.2492.H,5.2492,H,1,train,test,Por que o alfaiate foi expulso da balada? Porque ele perdeu a linha.
4.484.N,4.484,N,0,train,train,"Um homem subiu à Torre Eiffel, bebeu um sumo e mandou-se . Qual é o filme? O Último dia em Paris."
4.77.N,4.77,N,0,train,test,"Se o futuro depende dos teus sonhos, não percas tempo . Vai à luta."
5.1736.H,5.1736,H,1,train,train,O que o ciclista disse logo após terminar o namoro em cima da linha de largada? Tô na pista! 
5.552.H,5.552,H,1,train,train,Qual o tio que vive nos navios? Tio Mão.
5.480.N,5.480,N,0,train,validation,Como morreu o rebanho dos judeus? Febre do gado
5.1562.H,5.1562,H,1,train,test,Qual cachorro que segura a vela? O cão delabro.
5.753.H,5.753,H,1,train,train,Qual o melhor tipo de carro pra driblar o trânsito??? O Chevro-Olé.
5.2022.H,5.2022,H,1,train,test,Que vilão famoso também é médico? O Capitão Garrancho 
5.1724.N,5.1724,N,0,train,validation,Qual o contrário de salmão? Atum.
5.2988.N,5.2988,N,0,train,validation,Qual microorganismo é sempre passado pra trás? Vírus.
5.865.H,5.865,H,1,train,test,Fui comer um doce e quando vi tinha pelos. Qual o nome do doce? Torrone Ramos.
5.2646.H,5.2646,H,1,train,test,Qual apresentador é esnobe? Otavirano as Costas.
5.436.H,5.436,H,1,train,validation,Quando o Coringa ficou rico? Quando jogou e acertou na arleQuina.
4.228.N,4.228,N,0,train,train,Como é que um brasileiro pede licença a um francês? Sai-me do caminho!
5.2160.N,5.2160,N,0,train,train,Qual é a figura geométrica que tem um formato muito ruim? O paralelepípedo
4.216.N,4.216,N,0,train,validation,"Quanto tinha 11 anos só queria receber uma carta de Hogwarts a dizer que eu era um feiticeiro . Enfim, não se pode ter tudo."
5.1848.N,5.1848,N,0,train,train,Qual meio de transporte favorito dos ursos? Patas traseiras.
5.1972.H,5.1972,H,1,train,test,Qual o item que se encontra em pior estado na sua casa? All Mofada
5.3469.H,5.3469,H,1,train,validation,Qual atriz brasileira na verdade é um travesti? Marina é Ruy Barbosa.
5.2761.H,5.2761,H,1,train,train,Qual a banda que nunca passou no crédito? The Beatles.
5.148.N,5.148,N,0,train,train,Qual é o cantor favorito dos brasileiros? Toquinho.
5.3035.H,5.3035,H,1,train,test,Qual o romance do metalúrgico deprimido? Tristão & Solda.
5.743.N,5.743,N,0,train,train,Como se chamava o camponês que era forçado por um nobre a perseguir um ex-vocalista da Banda Eva? Jonas.
4.32.N,4.32,N,0,train,train,"Era uma vez duas pizzas . Uma estava triste, então a outra vira-se: sorri."
5.3820.N,5.3820,N,0,train,test,"A menina dormiu muito, qual o nome do filme? Alice no país das maravilhas."
5.764.N,5.764,N,0,train,train,"Qual o carro heróico, defensor dos fracos e oprimidos, que foi inventado na época da Pangeia? Fusca."
5.3691.N,5.3691,N,0,train,train,O que o Jaspion foi fazer em Buenos Aires? Foi visitar.
4.682.H,4.682,H,1,train,test,Como se chama o guia espiritual dos fumadores? Dáláí Lume.
4.102.N,4.102,N,0,train,train,O que é um leitão? Um porco que é ainda novo.
5.3098.H,5.3098,H,1,train,test,Qual o mais belo ator de pegadinhas? Divo Holanda.
2.1.N,2.1,N,0,train,train,Sabe como chama a sorveteria do Michel Teló? Aí se eu Te Pego.
5.1172.H,5.1172,H,1,train,validation,Como foi que o Seu Siriguejo emagreceu? Fazendo diet low crab.
5.3282.N,5.3282,N,0,train,train,Qual atriz está em um app de relacionamento? Natália Lage.
5.393.N,5.393,N,0,train,train,Qual apresentador tinha um pequeno sítio? Faustão
5.1562.N,5.1562,N,0,train,train,Qual cachorro que segura a vela? O Labrador.
5.1848.H,5.1848,H,1,train,train,Qual é o jogo de luta preferido dos gaúchos? Mortal Kom Bah Tchê
5.2501.H,5.2501,H,1,train,train,Sabe por que a Gisele Bündchen só anda com roupa amassada? Porque ela cansou de passar elas.
5.3874.H,5.3874,H,1,train,test,Qual a cidade favorita das moscas? Boston.
5.217.N,5.217,N,0,train,train,O que usam para fazer as bonecas Barbie? Aparelho de moldar.
5.2835.N,5.2835,N,0,train,train,Por que os jogos de futebol de campo sempre começam na hora? Porque lá é tudo organizado
4.472.N,4.472,N,0,train,test,Qual é a fruta mais comum nos churrascos? É o abacaxi.
5.2832.H,5.2832,H,1,train,train,Qual filme foi lançado e ninguém foi avisado? Inadvertidamente 
5.3933.H,5.3933,H,1,train,validation,O quê o marido obediente pede quando chega no bar? Um-hum.
5.1375.N,5.1375,N,0,train,train,"O que o espermatozoide falou para o óvulo? "" Deixa eu morar com você? Minha casa é um testículo . """
4.287.H,4.287,H,1,train,train,O que diz um ouriço quando entra na casa de banho? Cacheiro!
4.67.H,4.67,H,1,train,train,Porque é que as galinhas não gostam de ralis? Porque não vêem nada capoeira.
5.2400.N,5.2400,N,0,train,train,Qual o jogo favorito de um ator famoso de Hollywood? DO JUDE? Minecraft!
5.1816.H,5.1816,H,1,train,train,Qual comediante é sempre o primeiro? Diego The First
5.988.N,5.988,N,0,train,train,Qual é o mosquito que pica palhaços? É o Aedes.
5.2047.N,5.2047,N,0,train,validation,"Qual conto mostra a história de alguém que acha a esposa linda, mas quando ela o procura de noite, ele nega? A pequena sereia."
5.131.N,5.131,N,0,train,train,Qual cantora não é minha? Sia.
5.529.N,5.529,N,0,train,train,Qual zíper abre e fecha sem parar? O Ziper bom.
5.1421.N,5.1421,N,0,train,train,Qual é o inseto que pode ser usado como forma de pagamento? Aranha.
5.1961.H,5.1961,H,1,train,train,Que cantor é conhecido por seus dedos pequenos? Mindinho Ouro Preto 
5.2304.H,5.2304,H,1,train,validation,Qual é o filme em que o policial fica chutando os ladrões? Um Tira dá Pezada.
5.3177.H,5.3177,H,1,train,train,"Por que o Batman não consegue emprego como ascensorista? Porque ele não sabe subir, só DC."
4.211.H,4.211,H,1,train,train,O que é que os turcos usam para fazer o chá? Instan bule.
5.1829.N,5.1829,N,0,train,validation,Por que o oficial pediu licença bem no dia do bombardeio? Porque ele tinha medo.
5.641.N,5.641,N,0,train,test,Como os índios chamam as mulheres feias? Feias.
5.3740.N,5.3740,N,0,train,train,"O que o Galvão disse quando viu um juíz retirar um jogador do campo? "" Eeergue o braço..."""
5.1782.N,5.1782,N,0,train,validation,Por que o alfaiate foi expulso da balada? Porque ele faltou com respeito.
5.137.H,5.137,H,1,train,train,"Se o Kid Bengala fosse um personagem da Caverna do Dragão, quem o ajudaria a voltar para casa? Mestre dos Bagos."
5.3970.H,5.3970,H,1,train,train,"Por que na crise, as aves não voavam sobre o Japão ? Porque estavam com a Ásia Quebrada."
5.1545.N,5.1545,N,0,train,train,Qual comida que tá sempre faminta? Far ofa.
5.1178.H,5.1178,H,1,train,train,Qual suco é formado em direito? Ades Vogado.
5.1998.N,5.1998,N,0,train,train,Qual é o animal que mais suja crianças? Gambá
4.638.N,4.638,N,0,train,validation,"O amor é como um jogo de sueca . Ou se tem um bom parceiro, ou o melhor mesmo é ter uma boa carta."
5.4064.N,5.4064,N,0,train,train,Qual o legume que toca música? Cenoura.
5.3612.H,5.3612,H,1,train,train,Qual é a loja que fez um muro em volta do doritos? As Lojas Americanas.
5.1820.N,5.1820,N,0,train,test,Que bicho anda acompanhado de mais 3? A Four Miga.
5.3018.N,5.3018,N,0,train,validation,Qual a série que fala de quem é sua mãe? Realmente your mother.
4.608.N,4.608,N,0,train,train,Qual é o passatempo preferido dos músicos? Gravação do disco.
5.2549.N,5.2549,N,0,train,test,Qual mercado vende lagarto? Extra.
5.3666.N,5.3666,N,0,train,train,Qual dublador que não toma banho? Mário Jorge.
5.1686.N,5.1686,N,0,train,test,Qual é a carne que tem vários cortes? Alcatra.
5.2971.N,5.2971,N,0,train,train,Qual a música preferida do Rafael do Polegar? Pelados em Santos.
4.553.H,4.553,H,1,train,train,Como é que se limpa o interior de um vulcão? Com lava tudo.
5.2306.N,5.2306,N,0,train,test,Qual jornalista se especializou em falar de lanche de rua no Rio? Márcio Canuto.
2.20.N,2.20,N,0,train,train,Eu odeio academia . Mas o Tim não.
4.587.H,4.587,H,1,train,train,Porque é que não se pode gozar com um cleptomaníaco? Porque ele leva tudo literalmente.
5.3377.H,5.3377,H,1,train,train,Qual deputado curte garotos novos? Kim cata guri.
4.214.H,4.214,H,1,train,train,Chamei Maria a uma galinha e não consegui parar de rir. Era uma ave Maria cheia de graça.
5.4060.N,5.4060,N,0,train,train,Qual autor bebia para escrever? Nelson Rodrigues.
4.506.H,4.506,H,1,train,train,Em 2018 não corri. Em 2019 não corri. Em 2020 não corri. Em 2021 ainda não corri. Esta piada não correu bem.
4.344.H,4.344,H,1,train,train,O que bebe o Lobo Mau todas as manhãs? Um Capuccino Vermelho.
4.108.N,4.108,N,0,train,test,"Uma feminista perguntou-me de que forma eu via as relações lésbicas . Parece que "" em euforia "" não era a resposta correta ..."
5.3232.H,5.3232,H,1,train,validation,Qual o nome do dente vaidoso? NarSiso.
5.3359.N,5.3359,N,0,train,test,Qual o animal que trabalha bem como carpinteiro? Cupim.
4.315.H,4.315,H,1,train,test,Porque é que a térmita se divorciou? Porque comeu a secretária.
5.406.H,5.406,H,1,train,validation,Como se chama o amigo japonês da dentadura? Corega.
4.492.N,4.492,N,0,train,train,"Qual é o livro preferido dos meninos? "" Onde está o Wally? """
4.129.H,4.129,H,1,train,train,Que nome se dá a uma freira no casino? Católica apostólica.
5.520.H,5.520,H,1,train,train,Porque o elefante sente na pele o atraso das encomendas do carreio? Porque é um PAC-derme.
5.101.N,5.101,N,0,train,validation,Qual é o filme protagonizado por Jim Carrey e um cigarro? Debi e Lóide.
5.97.H,5.97,H,1,train,train,Qual o índio que envia boletos para cantores em grupo? Cacique cobra coral.
5.1891.H,5.1891,H,1,train,train,Qual Pais faz o Ar condicionado Funcionar? ArGelia 
4.112.N,4.112,N,0,train,test,Quando é que os informáticos vão ao dermatologista? Quando têm problemas de pele.
5.4090.N,5.4090,N,0,train,train,Qual a sobremesa mais rica que existe? Torta de Ameixa.
5.176.H,5.176,H,1,train,train,Como o pessoal do Street Fighter comemora o Réveillon? De roupa Blanka.
5.4065.N,5.4065,N,0,train,test,Por que acharam melhor não colocar o Silvio Santos pra apresentar toda a programação do SBT? Porque seria chato.
4.395.H,4.395,H,1,train,train,"Como é que o Simba perdeu a virgindade? Foi lá o Timon, e pumba!"
5.921.N,5.921,N,0,train,train,Qual é o jogo favorito daqueles que têm dificuldade em criar personagens? The Sims.
5.826.N,5.826,N,0,train,train,Como chama o cara que filma a missa? Film maker.
4.16.N,4.16,N,0,train,train,Como é que o Jorge engata mulheres? No bate-papo.
4.538.H,4.538,H,1,train,test,O que aconteceu ao vegan que comeu demasiados legumes? Apanhou uma verdose.
5.3087.N,5.3087,N,0,train,test,Qual remédio é bom pra rir dormindo? Rivotril.
5.3173.H,5.3173,H,1,train,train,Qual médico gosta de funk ? Dr. Drauzio Vrau Nelas.
4.113.H,4.113,H,1,train,train,Porque é que o Pai Natal é tão feliz? Porque sabe onde vivem as meninas marotas.
5.4076.H,5.4076,H,1,train,train,Qual o ator mais chifrado do mundo? Bruno Galhaço.
5.1433.N,5.1433,N,0,train,train,Qual é o cereal que se você coloca no microondas vira pipoca? O milho.
5.3820.H,5.3820,H,1,train,train,"A menina dormiu muito, qual o nome do filme? A sleep no país das maravilhas."
5.612.H,5.612,H,1,train,train,Qual é o atleta que nunca fica no meio? Flavio Canto.
5.465.N,5.465,N,0,train,test,Qual estado brasileiro mais toma refrigerante? Paraná.
4.233.H,4.233,H,1,train,train,As aulas de português são como as de história. O homo sapiens escreve e o troglodita.
5.3278.N,5.3278,N,0,train,train,Como os X-men comemoram os seus 15 anos? Com festa de mutante.
5.3949.H,5.3949,H,1,train,train,Qual a atriz mais perfumada que existe? Joana Avon.
5.1643.H,5.1643,H,1,train,train,Qual é a série que se passa no norte do país? Fresh Prince of Belém.
4.280.N,4.280,N,0,train,validation,Qual é o animal mais estranho? É o Papa-formigas.
5.606.N,5.606,N,0,train,test,Qual a cantora que sempre aceita chá? Pink.
5.2149.H,5.2149,H,1,train,train,"Qual o filme da Disney que o Faustão mais gosta? A Bela e Essa Fera, Bicho!"
5.1098.H,5.1098,H,1,train,train,Qual a sobremesa oficial da Marvel?  A THORta.
4.94.H,4.94,H,1,train,train,"Numa escola de Beja, a professora faz a chamada dos alunos. Qual é o filme? Tou, stori."
5.1623.N,5.1623,N,0,train,train,Qual é a cantora que é o ponto fraco do superman? A Beyouncé.
4.277.H,4.277,H,1,train,validation,Como é que os alpinistas se cumprimentam? Cume é que é!
5.2012.N,5.2012,N,0,train,train,Que apresentador vive tomando Dramin? Rodrigo Faro
5.1236.N,5.1236,N,0,train,train,Qual instrumento mais gelado que existe? Flauta.
5.1982.N,5.1982,N,0,train,train,Quem cuida da documentação na floresta? O cartório
4.473.N,4.473,N,0,train,validation,Quem estiver desempregado fale com alguns empresários da restauração . Ouvi dizer que têm falta de trabalhadores.
5.2040.N,5.2040,N,0,train,train,Felipe Melo se lesionou e passou vários dias na fisioterapia . Qual doce ele mais comeu nesse período? Chocolate
5.2751.H,5.2751,H,1,train,train,Qual aviamento não para quieto? Os Zíper Ativos
4.194.N,4.194,N,0,train,train,Como é que se faz uma ultrapassagem na Palestina? Pela esquerda.
4.434.N,4.434,N,0,train,train,Para onde vão os dentistas quando morrem? Para o cemitério.
5.1405.N,5.1405,N,0,train,train,Qual é o personagem da Marvel que usa rastafari? Pantera Negra.
5.700.N,5.700,N,0,train,test,Qual alimento respeita a igreja católica e a medicina oriental? Vinho.
5.3004.H,5.3004,H,1,train,train,Qual refeição que volta mais rápido do que vai? Backfast.
5.3967.N,5.3967,N,0,train,train,Qual o candidado favorito do Cerveró? Lula.
5.1549.H,5.1549,H,1,train,test,Qual site de relacionamento só para menores de 18 anos? Teender.
5.837.H,5.837,H,1,train,train,Qual o maior órgão feminino? Hímensidão.
5.2613.H,5.2613,H,1,train,test,Por que ninguém suportava o caipira que pilotava um caça? Porque era um jato de galocha.
5.326.H,5.326,H,1,train,validation,Qual é a banda de rock que mais faz sucesso no terreiro? Led Zépillintra
4.290.N,4.290,N,0,train,train,Como é que o menino ficou zarolho? A mãe estava a cozinhar e disse-lhe: Luís vou ali à loja . Deita-me aí um alho na comida.
5.774.N,5.774,N,0,train,train,Qual a cidade em que os parceiros não entregam o colega pra polícia no interrogatório? São Paulo?
5.1708.N,5.1708,N,0,train,train,Qual é a capacidade do pendrive de um baiano? Um Tera.
5.2538.H,5.2538,H,1,train,validation,Qual atriz da Globo tem o olho torto? Marieta Serveró.
5.514.H,5.514,H,1,train,train,"Qual a bebida do Alexandre, o grande? Xandon."
5.1875.H,5.1875,H,1,train,validation,Qual especialidade médica exigia cadáveres? Mortopedia 
4.436.H,4.436,H,1,train,train,Sementes. Deus castiga.
5.3928.N,5.3928,N,0,train,test,Qual é o cantor que adora novas tecnologias? Túlio Abelha.
5.3466.N,5.3466,N,0,train,validation,Cantora que nunca tem data disponível pra show? Zizi Possi.
5.1697.H,5.1697,H,1,train,train,"Como descobrir as horas olhando para o cu de outra pessoa? Enfiando um relógio anal, lógico"
5.355.N,5.355,N,0,train,train,Como se chama o vampiro pederasta? Conde Vlad.
5.2459.N,5.2459,N,0,train,train,Qual é o animal que nunca ganha nada? O ganso.
4.94.N,4.94,N,0,train,train,"Numa escola de Beja, a professora faz a chamada dos alunos . Qual é o filme? Un aluno brilhante."
5.1158.N,5.1158,N,0,train,train,Qual o presidente que foi beber água e não achou nada? Collor.
5.595.N,5.595,N,0,train,train,O que a rainha come de manhã? Requeijão.
5.1234.N,5.1234,N,0,train,train,Qual o nome da namorada do John Lennon que beijava mulheres? Ana Julia.
5.1233.N,5.1233,N,0,train,validation,Por que a criança voltou da casa dos avós sem a mão? Porque era desastrada.
4.565.H,4.565,H,1,train,train,Qual é o chocolate que só tem duas semanas de validade? O Twix.
4.32.H,4.32,H,1,train,validation,"Era uma vez duas pizzas. Uma estava triste, então a outra vira-se: pizza-ria."
4.257.N,4.257,N,0,train,test,Um homem foi para a guerra e perdeu os dois pés . Qual é o filme? O pestinha.
5.1623.H,5.1623,H,1,train,test,Qual é a cantora que é o ponto fraco do superman? A KryptoAnitta.
4.183.H,4.183,H,1,train,train,Como é que o António se chama quando anda de autocarro? Tony Carreira.
5.1767.H,5.1767,H,1,train,train,Por que é irônico ter um táxi em Far Cry? Porque é um jogo da Ubersoft. 
5.2324.H,5.2324,H,1,train,validation,Por que os países da Europa vivem bagunçados? Por causa da Zona do Euro.
5.1415.N,5.1415,N,0,train,train,Qual é o nome do mosquito da dengue? Aedes aegypti.
5.3477.H,5.3477,H,1,train,train,Qual o monumento mais sujo de Londres? Pig Ben.
5.87.N,5.87,N,0,train,validation,Qual a embarcação criada para salvar os dinossauros do dilúvio? A arca
5.423.H,5.423,H,1,train,train,Qual deus grego não tem talento pra ser deus? Posemdom
5.2347.N,5.2347,N,0,train,test,Qual nome se dá quando cai uma parte de um estádio? Tragédia.
5.202.N,5.202,N,0,train,train,Por que o Sílvio Santos só entra em casa depois que o olho dele é escaneado? Porque a porta só abre com reconhecimento de Íris.
5.751.N,5.751,N,0,train,train,Qual o carro que também é um sinônimo pra uma transa? Ford Ká.
5.458.N,5.458,N,0,train,train,Em qual lugar do Brasil eu faço questão de passar germes para as divindades religiosas? Rio de Janeiro!
5.1315.H,5.1315,H,1,train,train,Por que o jogador quando faz uma falta sempre levanta os braços para cima? Por força do árbitro.
4.507.H,4.507,H,1,train,test,Como é que se faz azeite virgem? Com as azeitonas que não foram comidas.
5.2960.N,5.2960,N,0,train,train,Por que nenhum avião conseguia aterrizar direito? Porque estavam aterrissando no meio da tempestade.
5.454.H,5.454,H,1,train,train,Por que a criança vivia no quarto sem poder falar nada? Porque foi criado mudo.
4.427.N,4.427,N,0,train,train,Ao gajo que inventou o zero: Obrigado pelo número !
5.1492.H,5.1492,H,1,train,train,Por que o cowboy largou tudo para trabalhar na KGB? Porque ele era um ex-pião.
4.106.H,4.106,H,1,train,test,Qual é a flor que os homens mais gostam de oferecer às mulheres? Tulimpas.
5.1921.H,5.1921,H,1,train,train,Por que o jardineiro tira a roupa quando põe sabão no jardim? Porque ele gosta desse cu regar! 
4.753.H,4.753,H,1,train,validation,O meu pai tem uma loja de material elétrico. É por isso que tenho pilhas de graça.
5.3610.N,5.3610,N,0,train,train,Qual é a série em que todo mundo que é policial tem que sair? Dr. House
4.572.H,4.572,H,1,train,train,O que é que um ator faz quando vê outro? Acena.
5.3068.N,5.3068,N,0,train,train,Qual conselho pros maus perdedores? Aceita que dói menos.
4.304.N,4.304,N,0,train,train,Qual é a festa que anda aí de boca em boca? É a after party!
5.1156.N,5.1156,N,0,train,train,"Qual o personagem que não faz questão de estar certo o tempo todo? Romeu, do Romeu e Julieta."
5.776.H,5.776,H,1,train,test,O que o Pelé sente na pele? Peleconceito.
4.416.H,4.416,H,1,train,train,Que ator é o maior pão de Hollywood? O Bread Pitt.
4.58.H,4.58,H,1,train,train,O que são cinco pontos coloridos num jardim? São os Flower Rangers.
4.137.H,4.137,H,1,train,train,"Como é que se diz ""obrigado"" em indiano? Chamuças gracias."
5.914.N,5.914,N,0,train,train,Qual é a cantora que tem medo de um animal específico? Zizi Possi.
5.3535.H,5.3535,H,1,train,train,Por que a empresária tomou sal de frutas? Porque ela era má de gestão.
5.1167.N,5.1167,N,0,train,train,Quem é o musico rei do tempo em dose dupla? B B King
5.3898.N,5.3898,N,0,train,train,Por que as fitas de videocassete se popularizaram tão rápido? Porque fez a população se gravar.
5.1088.H,5.1088,H,1,train,test,Qual cidade vive resfriada? Atchimbaia
5.3076.N,5.3076,N,0,train,train,"O que que o Quico disse quando viu a Daenerys pelada no episódio de Game of Thrones? Nossa, nossa, nossa...Você me deixa louco!"
5.2101.N,5.2101,N,0,train,train,Qual é a funkeira mais famosa nas Oktoberfests? Anitta
5.583.H,5.583,H,1,train,train,Qual o unico técnico de futebol que temos certeza que é desse planeta? Humano Menezes.
5.4.H,5.4,H,1,train,train,Qual é o sabor da bala preferida da galera do hospício? Dementos.
5.3992.N,5.3992,N,0,train,validation,Qual carro tem TV a cabo? Gol.
5.555.N,5.555,N,0,train,train,Qual o sanduíche preferido da turma do Chaves? Misto.
5.3901.H,5.3901,H,1,train,train,Qual o time de futebol que me deixa cheio? Fullmenense.
5.1394.N,5.1394,N,0,train,train,O que é um pontinho verde no mundo de Dragon Ball Z? É uma planta.
5.3143.H,5.3143,H,1,train,train,Qual o pós-sol dos heróis? Os Vinga Ardores.
5.3914.N,5.3914,N,0,train,validation,Qual banda de pagode que só toca no sertão? Só Pra Contrariar.
4.521.H,4.521,H,1,train,test,Eu não sou supersticioso. Sou só um pouco sticioso.
4.649.H,4.649,H,1,train,train,"Está um cego numa discoteca, de repente perde a bengala e diz: Alto e pára o braille!"
5.4039.H,5.4039,H,1,train,validation,Qual grupo baiano é tranquilo? Ara quieto.
4.158.N,4.158,N,0,train,train,Uma mulher estava indecisa entre comprar uma blusa azul e uma vermelha . Acabou por levar a vermelha . Qual é o filme? Lagoa azul.
5.3480.N,5.3480,N,0,train,train,Qual axé mais fácil de tocar? Faraó.
5.1614.H,5.1614,H,1,train,train,O que dizer pra um cego que tenta ler mas não consegue? Segue o braille
5.3717.H,5.3717,H,1,train,train,Qual o diretor mais bem sucedido do Tocantins? Brian de Palmas 
5.3762.N,5.3762,N,0,train,test,Qual é o jogador de futebol que sempre se protege do sol? Ronaldinho
5.651.N,5.651,N,0,train,train,Qual ator de Hollywood tem a melhor mira do mundo? O Sylvester Stallone.
5.1240.N,5.1240,N,0,train,train,Onde o pedreiro anão vai nos fins de semana? Na escola infantil.
5.1673.H,5.1673,H,1,train,train,Qual é o nome para se colocar na filha do salva-vidas? Socorro.
5.3468.N,5.3468,N,0,train,train,Qual jornalista consegue tirar a medida de todos os lugares? Sandra Annenberg.
4.542.N,4.542,N,0,train,test,Qual é o prato perfeito dos dentistas? Pasta frittata.
4.178.N,4.178,N,0,train,train,Que nome se dá a um grupo de homens às compras com as mulheres? Casais harmoniosos.
5.3092.N,5.3092,N,0,train,train,Por que o concierge ia sempre arrumado pra escola? Porque era um colégio em terno.
5.2879.N,5.2879,N,0,train,train,Cantor favorito dos felinos? Xuxa
4.18.N,4.18,N,0,train,train,"Cristiano Ronaldo, está nervoso para o jogo com a Suécia? Não, confiante."
4.650.N,4.650,N,0,train,train,Qual é a religião dos gatos? Católica.
4.306.H,4.306,H,1,train,train,Qual é o contrário de skate? Molhei-te.
5.1309.H,5.1309,H,1,train,test,Por que a escada estava gelada? Porque tinha pouco de grau.
4.122.N,4.122,N,0,train,validation,O que é um byte? São oito bites.
5.109.H,5.109,H,1,train,train,Qual ferramenta não está mais aqui? Foice.
5.2091.H,5.2091,H,1,train,train,Qual é o videogame que já vem com banheiro dentro? O Nintendo Suíte 
5.3172.N,5.3172,N,0,train,test,Onde a vaca compra ovo de Páscoa? Na Cacau show.
5.1708.H,5.1708,H,1,train,train,Qual cantora é muito aérea? Dua Pipa.
5.311.H,5.311,H,1,train,train,Por que o pato tem inveja do cachorro? Porque ele tem 4 patas.
5.2671.N,5.2671,N,0,train,test,Qual o romano mais malhado que houve? Pôncio Pilates.
5.3026.N,5.3026,N,0,train,test,Qual estado americano é um saco de viver? Utah!
5.3793.H,5.3793,H,1,train,train,Qual rede das lojas é maior que o Trump? Mais que Donald.
4.470.N,4.470,N,0,train,validation,Porque é que o mar é grande? Porque os peixes fazem blue...blue...blue ...
5.1549.N,5.1549,N,0,train,train,Qual site de relacionamento só para maiores de 18 anos? Tinder.
4.56.N,4.56,N,0,train,test,Porque é que os contabilistas são bons a fazer contas? Porque tabuada é com eles.
5.822.N,5.822,N,0,train,train,Qual salgado você pergunta se vale a pena comer? Pastel ...
5.546.N,5.546,N,0,train,train,Qual o apresentador que já pode ir pra casa? Gugu.
5.263.H,5.263,H,1,train,train,Qual é o nome do filme protagonizado por duas motos bem nervosas? Fúria de titãs.
5.89.N,5.89,N,0,train,train,Por que o cozinheiro vivia sozinho? Porque ele ligava o exaustor.
5.872.N,5.872,N,0,train,test,Qual comediante vive com calor? Renato Aragão.
4.123.H,4.123,H,1,train,train,Porque é que os fantasmas não vão ao teatro? Porque é ao vivo.
5.986.H,5.986,H,1,train,train,Qual é o jogo de tabuleiro favorito do Goku? Genki Damas.
5.1065.N,5.1065,N,0,train,train,Qual a cidade que deixa a gente em pedaços? Nova York.
4.505.H,4.505,H,1,train,test,"O casamento é muito bonito e tal, mas se casares com a pessoa errada, é como a COVID-19. Todo os dias novos casos."
5.3659.H,5.3659,H,1,train,train,Qual integrante dos Castro Brothers gosta de te estudar na língua culta? Estudar-te
5.2310.N,5.2310,N,0,train,train,Qual pessoa sempre cria caso por nada durante o casamento? Dama de honra
5.3056.H,5.3056,H,1,train,train,Qual personagem mais incrível de GOT? Sansacional!
5.67.H,5.67,H,1,train,test,Qual é a parte da célula que ninguém suporta? Ridículo Endoplasmático.
5.3736.H,5.3736,H,1,train,train,Qual clube campeão da Libertadores consegue segurar bebês gêmeos? Colo-Colo.
5.2336.H,5.2336,H,1,train,train,Qual meio-campo brasileiro tem uma estatura baixíssima? Philippe Curtinho.
5.3589.H,5.3589,H,1,train,train,O que aconteceu com o advogado do diabo? Ele ficou processo.
5.3251.H,5.3251,H,1,train,train,"Por que Fernando foi preso por matar, e Gonçalves não? Porque matam coisas diferentes: Gonçalves Dias, e o Fernando Pessoas."
5.281.H,5.281,H,1,train,train,Qual é o cantor que melhor improvisa com as ferramentas que tem à disposição? Sidney Magayver.
2.5.N,2.5,N,0,train,test,Sabe por que não seria bom um filme só sobre números? Porque seria uma matemática.
5.1685.H,5.1685,H,1,train,train,"Toda vez que um rapaz entrava no banheiro, ouvia-se o som de um pintinho. Qual o nome do filme? O homem que o cu piava."
5.1613.N,5.1613,N,0,train,test,"Como se faz para uma laranja virar uma cobra? Faz cosquinha nela, aí nada acontece."
5.1953.N,5.1953,N,0,train,train,Qual atriz brasileira foi inspirada pelo professor Raimundo? Tatá Werneck.
1.6.N,1.6,N,0,train,train,"Você sabe qual é a montanha mais alta de todas? O vulcão . Porque primeiro solta cinzas . E depois, lava."
5.179.N,5.179,N,0,train,train,Qual é o nerd que bate na própria casa? Nerdinho de Paula.
5.2903.H,5.2903,H,1,train,test,Que vegetal decretou o fim de uma banda de axé? Abóbora CaboTchan 
5.1428.N,5.1428,N,0,train,train,Qual parte do carro inibe os efeitos da maconha? O ventilador.
5.85.H,5.85,H,1,train,train,Qual é a tartaruga ninja que vive na Disney?  O Mickeylângelo.
4.420.N,4.420,N,0,train,validation,Porque é que a Joana foi à farmácia? Foi comprar creme para os pontos negros.
5.2030.H,5.2030,H,1,train,validation,Qual o canal infantil favorito dos peixes trabalhadores? Atum Network 
4.574.H,4.574,H,1,train,test,Porque é que a cigarra morreu? Porque tentou pinar um cigarro.
2.22.H,2.22,H,1,train,train,Aquilo todo mundo viu. Até o Clodovil.
4.12.N,4.12,N,0,train,train,"Havia um DJ tão bom, mas tão bom, que nem sequer gravava sets."
5.664.N,5.664,N,0,train,train,O que o 3 disse pro 4? Não vem que não tem!
5.998.N,5.998,N,0,train,train,Qual é o comediante mais culto? Marcelo Adnet.
4.637.N,4.637,N,0,train,train,O que faz uma pessoa surda? Finge que ouve.
4.612.N,4.612,N,0,train,train,"Porque se diz "" mau ambiente ""? Porque já destruímos metade."
5.2851.N,5.2851,N,0,train,train,"Qual cantor gosta de se exercitar, mas não vai na academia? O Alexandre Pires!"
5.4101.N,5.4101,N,0,train,train,Qual animal vive vomitando? Gato.
4.201.N,4.201,N,0,train,validation,Era uma vez uma cidade onde quase todas as motos eram Yamaha . Qual é o filme? Pocahontas.
5.979.N,5.979,N,0,train,test,Qual doce causa vômito em crianças latinas? Enjoa niña.
5.3830.N,5.3830,N,0,train,train,De quem é essa dúzia? Não sei.
4.729.N,4.729,N,0,train,train,Qual é a árvore mais sexy? É a Oliveira.
5.3068.H,5.3068,H,1,train,train,Qual a seita dos maus perdedores? A seita que dói menos.
5.802.H,5.802,H,1,train,train,Qual cantora sempre pede livros infantis? Demi Lobato
5.3090.N,5.3090,N,0,train,train,Onde se pendura um mapa? Atrás da porta.
5.2584.H,5.2584,H,1,train,test,Qual personagem do Chaves adora sexo anal? Chuquinha.
5.655.N,5.655,N,0,train,train,Por que a manicure ficou milionária? Porque acertou na Mega Sena.
4.120.N,4.120,N,0,train,test,Que nome se dá a um árabe com problemas de visão? Árabe.
5.783.N,5.783,N,0,train,train,Qual a tartaruga ninja que é amiga das abelhas? O Leonardo
5.2752.N,5.2752,N,0,train,test,""" "" "" Qual o poeta mais mortal da língua portuguesa? Mário Quintana "" "" """
5.684.N,5.684,N,0,train,train,Qual é a nota musical mais tocada na farmácia? tim tim.
5.466.H,5.466,H,1,train,train,Por que o jardineiro não brigou com a planta? Porque ele sempre arrega.
4.478.H,4.478,H,1,train,train,Porque é que os indecisos não atravessam o rio? Porque não há margem para dúvidas.
5.752.H,5.752,H,1,train,train,Qual é o doce favorito do átomo? Pé de molécula.
4.685.H,4.685,H,1,train,train,O que diz um coelho quando abre uma porta? Primeiro as cenouras.
5.101.H,5.101,H,1,train,train,Qual é o filme protagonizado por Jim Carrey e um cigarro? Derby & Lóide.
5.2647.N,5.2647,N,0,train,train,Qual apresentador é o mais duas caras? Luciano Huck.
5.942.H,5.942,H,1,train,train,Qual banda não está bem? Banda Mal tá.
4.314.H,4.314,H,1,train,validation,O que faz um piloto de aviões depois de comer? A rota.
5.1165.H,5.1165,H,1,train,train,Qual parte do corpo que ajuda os pedreiros? A Coluna ServeCal.
5.3806.H,5.3806,H,1,train,validation,Como chamam o cara que bate nos outros? Rebelte.
5.3546.H,5.3546,H,1,train,train,"Qual o seriado de tv do cara que sempre quer um pouco da comida dos outros? Hum, maluco, dá um pedaço!"
5.528.H,5.528,H,1,train,test,Por que a reunião de família do matemático fica sempre cheia? Porque ele tem inúmeros primos.
5.4026.N,5.4026,N,0,train,train,Porque o carro passou a virada de ano andando pra trás? Por que a ré estava quebrada.
5.3832.H,5.3832,H,1,train,train,Qual o animal que ninguém liga? Irrelefante.
5.2969.N,5.2969,N,0,train,train,"Qual a atriz que seu namorado tem certeza que não é quem vocês estão pensando? Larissa, Ma no é ela!"
5.1196.H,5.1196,H,1,train,train,Qual é a atriz que vale por duas? Bi atriz Segall.
2.17.N,2.17,N,0,train,train,Sabe qual é o legume que ninguém consegue domesticar? O nabo.
5.2808.N,5.2808,N,0,train,train,Porque Jesus não está no Tinder? Ele está com um crucifixo
5.1522.H,5.1522,H,1,train,validation,O que aconteceu com calvo quando cortou o cabelo? Foi pelo ralo.
5.2282.N,5.2282,N,0,train,test,"Por que num determinado dia, o aluno do cursinho mentia pra todo mundo? Porque era dia da mentira."
2.4.H,2.4,H,1,train,train,Sabe o que aconteceu com o lápis quando soube que o papel acabou? Ficou desapontado.
5.3030.H,5.3030,H,1,train,test,Qual a cidade americana que não sabe dar match em mim no tinder? Como é que te curte.
4.50.H,4.50,H,1,train,test,Eu tenho uma teoria sobre a inércia. Mas não parece estar a ganhar muita força.
5.1849.N,5.1849,N,0,train,train,Qual é o cantor que tá sempre na cena de um crime? Zeca baleiro.
5.1182.H,5.1182,H,1,train,train,Por que o Chico Buarque foi preso na saída do Santander? Por Assaltimbanco.
5.843.H,5.843,H,1,train,validation,Qual ator da Globo entende muito de estômago? Caio Gastro.
5.3539.H,5.3539,H,1,train,train,Qual o peixe que odeia ser temperado? Salnão.
5.3512.H,5.3512,H,1,train,train,Qual o meio de transporte que é um prato americano? Onionbus.
4.696.N,4.696,N,0,train,validation,"Acabei de comprar um livro chamado "" Caminhadas para Totós "" . É um guia para passear a pé."
5.2530.H,5.2530,H,1,train,test,Que bicho anda sempre acompanhado de mais 3? A Four Miga.
5.1230.H,5.1230,H,1,train,train,Qual a dupla sertaneja que vivia no queijo? Cheddar Menoti e FaBrieano.
5.682.N,5.682,N,0,train,train,Qual é o nome de menino mais escolhido pelos pais nos Estados Unidos? Tim.
4.323.N,4.323,N,0,train,test,O que diz a mãe quando vai pôr o filho à escola? Lá vai o meu rebento ...
5.411.H,5.411,H,1,train,train,Qual é o ingrediente que chega sempre atrasado na geladeira? O leite.
4.678.H,4.678,H,1,train,train,Acabei de abrir a conta da água e a conta da luz ao mesmo tempo. Fiquei em choque.
5.1525.H,5.1525,H,1,train,train,Por que o cavalo sempre ejacula antes de ficar puto? Porque ele tem ejaculação pré-coice.
5.2986.N,5.2986,N,0,train,train,Qual microorganismo que é voyeur? Bactéria.
5.793.H,5.793,H,1,train,train,Qual a rede social mais usada pelas mulheres no Oriente Médio? Faceburca.
5.2539.N,5.2539,N,0,train,train,Por que o oficial pediu licença bem no dia do bombardeio? Porque ele tinha medo.
5.3696.H,5.3696,H,1,train,test,O que o Guga fez quando viu o Kid Bengala? Disse: que rolão. E garrou.
5.3862.H,5.3862,H,1,train,train,Qual a bebida favorita do Michel Teló? Ice Tea Pego.
4.365.N,4.365,N,0,train,train,"Como é que se diz "" naufrágio "" em chinês? Help."
5.3722.H,5.3722,H,1,train,test,Qual personagem do Mortal Kombat sempre se despede de seu animal? O Tchaucão
5.2452.H,5.2452,H,1,train,train,Qual é o salgado muito bom que não deixa ninguem transar? Empada foda.
5.334.N,5.334,N,0,train,train,Como os jockeys se conectam com seus cavalos? Por Rédeas
5.3645.N,5.3645,N,0,train,validation,Qual é o desenho onde o personagem principal só consegue dinheiro em outro planeta? Pato Donald.
5.2861.N,5.2861,N,0,train,test,Qual religiosa não é bonita? A freira
4.340.N,4.340,N,0,train,train,Que nome se dá a um feto que dá muitos pontapés? Feto agitado.
5.2007.N,5.2007,N,0,train,train,Por que o atirador jogou fora todos os seus planos depois de atirar num careca? Porque ele errou os tiros!
5.2149.N,5.2149,N,0,train,test,Qual o filme da Disney que o Faustão mais gosta? Cinderela!
5.2337.H,5.2337,H,1,train,train,Qual atacante brasileiro nasceu entre março e abril? Everton Sou Áries.
5.433.H,5.433,H,1,train,train,Qual passarinho mais resistente que existe? A AnDurinha.
4.63.H,4.63,H,1,train,train,O que é que se faz num velório de lésbicas? Um minete de silêncio.
5.1735.H,5.1735,H,1,train,train,Qual esporte radical os carecas mais praticam? Parapente.
5.302.H,5.302,H,1,train,test,O DETRAN mandou colocar um aviso em todas as maternidades. Qual foi? SE FOR BEBÊ NÃO DIRIJA
4.17.N,4.17,N,0,train,test,Em que local do planeta se encontram mais leprosos? Na Ilha Sorokdo.
5.1569.H,5.1569,H,1,train,test,Qual é o filme protagonizado por Jim Carrey e um cigarro? Derby & Loid.
5.1557.N,5.1557,N,0,train,train,Qual atriz brasileira que está super na moda? Bruna Marquezine.
4.665.N,4.665,N,0,train,validation,O que disse a Selena Gomez quando encontrou o aspirador? Aqui está!
5.1325.H,5.1325,H,1,train,test,O que aconteceu quando o policial olhou no espelho? O polícia se viu.
5.565.H,5.565,H,1,train,train,O que aconteceu quando o Cícero ganhou um presente? Ele ficou felissícero.
5.3232.N,5.3232,N,0,train,train,Qual o nome do dente que cresce depois? Siso.
3.1.N,3.1,N,0,train,test,Qual o contrário de paixão? Indiferença.
5.495.H,5.495,H,1,train,train,Qual pseudo celebridade agora canta rap? Jay Z Arruda.
5.1373.N,5.1373,N,0,train,train,O que um álcool resmungou para o outro? Etanois.
5.2898.H,5.2898,H,1,train,test,qual o nome do cara que tem cheiro de dinheiro? Federico
5.3078.N,5.3078,N,0,train,train,Qual a dupla sertaneja que um ficou puto e mandou o outro quebrar o computador dele? César Menotti e Fabiano.
5.3651.H,5.3651,H,1,train,validation,Qual anime foi baseado na versao brasileira de um futebolista mediamente famoso? Drogba o zé.
4.281.N,4.281,N,0,train,train,Porque é que a galinha fez um striptease na capoeira? Para chocar os galos.
5.449.N,5.449,N,0,train,train,Qual o professor que te abre portas? Seu orientador.
4.29.H,4.29,H,1,train,train,Qual é o único animal que anda com as patas? O pato.
5.148.H,5.148,H,1,train,train,Qual é o cantor favorito dos anões? Toquinho.
5.2600.N,5.2600,N,0,train,test,Qual é o arroz que vem mais juntinho? Gohan.
5.1618.H,5.1618,H,1,train,test,Qual é o resultado do amor entre duas câmeras? Uma fotografilha.
4.538.N,4.538,N,0,train,train,O que aconteceu ao vegan que comeu demasiados legumes? Apanhou uma gastroentrite.
5.4106.H,5.4106,H,1,train,train,Em qual cidade habitam os extraterrestres ? ETla viv.
5.2633.N,5.2633,N,0,train,train,Qual a ave favorita do Neymar? Andorinha.
5.3983.H,5.3983,H,1,train,test,Qual atriz iniciou uma dieta de frutos do mar? Camarão Diaz.
5.851.N,5.851,N,0,train,test,Qual cartão é usado para pagar desenhistas? Cartão de Crédito.
5.3406.H,5.3406,H,1,train,train,Qual YouTuber é traficante? Narcos Castro.
5.3403.H,5.3403,H,1,train,train,O que o jamaicano sempre diz nos Stories? A rasta pra cima.
5.866.N,5.866,N,0,train,train,Qual a bebida favorita das ninfomaníacas? Vodka.
3.12.N,3.12,N,0,train,train,Por que a aranha é o ser vivo mais carente do mundo? Porque ela é uma fofa.
5.569.H,5.569,H,1,train,train,"Qual personagem histórico sempre pede um sorvetão? Alesundae, o Grande."
4.24.N,4.24,N,0,train,train,Vira-se um cromossoma para outro: genes bonitos!
5.888.N,5.888,N,0,train,train,O que é bom para miopia? Óculos.
4.176.H,4.176,H,1,train,test,"Há um bocado vi um incêndio numa pastelaria. A maioria das pessoas saiu com calma, mas os gordos foi o panike."
5.3801.H,5.3801,H,1,train,test,Qual o alimento que precisa de senha pra comer? Barra de Serial.
5.1745.N,5.1745,N,0,train,test,Onde o Mickey gosta de morar? No condomínio.
4.618.H,4.618,H,1,train,train,Ninguém espera por mim. Mas o Jack Sparrow.
4.60.N,4.60,N,0,train,train,Qual é a cor que os eletricistas menos gostam? O rosa.
5.1305.N,5.1305,N,0,train,train,Qual jornalista se veste que nem um bebê? Willian Bonner.
5.400.N,5.400,N,0,train,test,Por que os olhos sempre usavam oculos escuros? Pra proteger a vista.
5.2305.N,5.2305,N,0,train,train,Por que na casa da sogra todo barulho parece ser mais alto? Porque as ondas são sonoras.
5.1560.H,5.1560,H,1,train,train,Como se chama a bicicleta que ficou em segundo lugar? A vicecleta.
5.1913.N,5.1913,N,0,train,train,Qual ator é resultado do avanço da ciência? Ioan Gruffudd.
5.873.H,5.873,H,1,train,train,Em qual shopping as pessoas sentem medo das mesmas coisas? Igual Temi.
5.3297.N,5.3297,N,0,train,test,Que apresentador guarda arquivos de voz dos convidados? Sílvio Santos.
5.2211.H,5.2211,H,1,train,train,"Qual é o filme da Marvel em que um pão vence outro pão, mas oferece uma chance de empate? Pão terá nêga."
5.2715.H,5.2715,H,1,train,train,Por que o copo d`água estava relaxado? Porque estava no descanso.
5.3825.N,5.3825,N,0,train,test,Qual o mês do Popó? Agosto.
4.200.H,4.200,H,1,train,validation,Qual é a marca de computadores que canta melhor? A Dell.
5.3901.N,5.3901,N,0,train,validation,Qual o time de futebol que me deixa cheio? Grêmio.
5.1093.H,5.1093,H,1,train,validation,Qual doença que todos filósofos têm? Tendi Nietzsche.
5.2742.N,5.2742,N,0,train,train,Como as abelhas seduzem os zangões? Elas fazem liberação de feromônios
5.2449.H,5.2449,H,1,train,train,Qual é o pintor que vai para Aparecida a pé? O Romeiro Britto.
5.1299.H,5.1299,H,1,train,train,Qual comediante só usa gola V? Tatá VNeck.
5.850.H,5.850,H,1,train,test,Qual o X-Men que morre de vontade de conhecer o Inri Cristo? Vou ver Inri.
4.641.H,4.641,H,1,train,train,Por que é que o Bolsonaro perdeu as eleições? Porque estava na hora de Jair embora.
5.2358.H,5.2358,H,1,train,test,Por que um clube argentino de futebol não pôde mais fazer refresco? Porque acabou cajuniors.
4.264.H,4.264,H,1,train,train,Porque é que na escola as loiras desenham sempre florzinhas e coraçõezinhos no caderno? Porque assim decoram a matéria.
2.22.N,2.22,N,0,train,test,Aquilo todo mundo viu . Até o João viu.
4.726.H,4.726,H,1,train,train,Porque é que a galinha atravessou o parque de campismo? Para chegar ao atrelado.
5.1063.H,5.1063,H,1,train,test,Qual a cidade que paga um valor fixo pra todo mundo? Cachês do Sul.
5.3810.H,5.3810,H,1,train,train,Qual lutador é uma figura? José Álbum.
4.311.H,4.311,H,1,train,train,Porque é que a Torre de Pisa está inclinada? Porque está em itálico.
4.28.H,4.28,H,1,train,test,Voltei a dizer à minha mãe que queria ser pianista. Ela diz que estou sempre a bater na mesma tecla.
4.10.H,4.10,H,1,train,train,"Pedi ao sabichão da turma para me vir a casa dar umas explicações sobre físico-química. Quando ele chegou eu disse ""Halogéneo!"""
5.3726.N,5.3726,N,0,train,test,Qual humorista não usa microfone de mão? Helio de La Peña
5.472.N,5.472,N,0,train,test,Qual a faculdade dos carangueijos? Anhanguera.
5.208.N,5.208,N,0,train,train,Por que as pistas de corridas com obstáculos são perigosas? Porque pode cair.
5.1973.H,5.1973,H,1,train,train,Qual é o nome do multimilionário saradão? Elon Muskulo 
5.879.N,5.879,N,0,train,train,"Qual a atriz que iria apostar, mas desistiu? Fernanda Torres."
4.192.H,4.192,H,1,train,train,Porque é que o exame de Neurologia é o mais fácil? Porque a matéria está toda na cabeça.
4.72.H,4.72,H,1,train,train,Porque é que os filhos do Bin Laden são felizes? Porque o pai Osama.
4.712.H,4.712,H,1,train,train,Porque é que nunca se deve separar o pau da vassoura? Porque depois para encontrá-lo é o cabo dos trabalhos.
5.2943.N,5.2943,N,0,train,train,"Qual é a posição sexual que o Esqueleto, do He-Man, mais gosta? Frango assado."
4.205.N,4.205,N,0,train,train,Que barulho faz um relógio feito no México? Tic Tac.
4.432.N,4.432,N,0,train,train,"Um homem tentou comer 1000 passas, mas chegou às 999 e desistiu . Qual é o filme? Mil passas."
5.2080.H,5.2080,H,1,train,train,O que o nutricionista recomendou pra Sandy quando ela revelou seus desejos? Sandy Wishes 
5.4092.H,5.4092,H,1,train,validation,Qual fruta reclama muito? Melanchia.
5.1988.N,5.1988,N,0,train,train,Qual é o jornalista com mais cartaz no Brasil? Caco Barcellos
4.592.H,4.592,H,1,train,validation,"O que é que um Padre faz com a Rita num Mercedes? O Padre reza, a Rita Ora e o Mercedes-Benz."
5.2851.H,5.2851,H,1,train,train,"Qual cantor gosta de se exercitar, mas não vai na academia? O Xande de Pilates! "
5.479.N,5.479,N,0,train,test,Por que os mamíferos são os únicos animais que conseguem tossir? Porque só o leite que tem gordura.
5.444.H,5.444,H,1,train,train,Por que a pessoa que vive rindo de si mesmo nunca é Barrada em lugar algum? Porque ela é Auto-risada.
5.110.H,5.110,H,1,train,train,Qual ferramenta irá proteger a todos? Chave defenda.
5.2971.H,5.2971,H,1,train,validation,Qual a música preferida do Rafael do Polegar? Pilhados em Santos.
5.1545.H,5.1545,H,1,train,train,Qual comida que tá sempre distante? Far ofa.
5.2394.N,5.2394,N,0,train,train,O juiz condenou um médico por um crime articulado dentro de uma loja . Por quê? Porque o médico era culpado.
5.285.H,5.285,H,1,train,test,Qual personagem carnavalesco não é stereo? Rei Mono
5.675.N,5.675,N,0,train,train,Qual é o filtro que você não pode usar nas fotos tiradas na rua? Filtro UV.
5.3037.N,5.3037,N,0,train,validation,Qual cidade norte-americana que tem magia? Tampa.
5.1522.N,5.1522,N,0,train,train,O que aconteceu com calvo quando cortou o cabelo? Ficou careca.
1.4.N,1.4,N,0,train,train,O que uma impressora falou para a outra? Essa folha é sua ou é alguma minha?
5.922.N,5.922,N,0,train,train,Qual é o gadget utilizado das manicures? Esmalte Phone.
4.358.H,4.358,H,1,train,validation,Porque é que o pão se despistou? Porque ia embalado.
5.910.H,5.910,H,1,train,train,Qual é a reta que canta muito? A Reta Franklin.
5.2360.H,5.2360,H,1,train,train,Por que a atleta foi presa por atentado ao pudor enquanto jogava? Porque estava jogando uma pelada.
5.74.N,5.74,N,0,train,train,"O que o Faustão diria se fosse professor de arte? Ô loco, meu! Essa esfera."
5.1981.N,5.1981,N,0,train,train,Como se chama o ato de um ministro alterar a primeira emenda? Uma medida provisória
5.3330.N,5.3330,N,0,train,validation,Qual é o cara incentivador de suicidas? É o cara insensível!
5.4097.N,5.4097,N,0,train,train,Por que encheram a menina de arroz? Porque ela era magra.
5.2434.H,5.2434,H,1,train,train,Qual o contrário de salmão? Açucar Pé.
5.2213.H,5.2213,H,1,train,train,O que se deve dizer pro professor de geometria esquerdista? Vai pra cubo 
4.295.H,4.295,H,1,train,validation,Os termómetros foram festejar o início do verão. A festa foi na casa dos 30 graus.
4.214.N,4.214,N,0,train,validation,Chamei Maria a uma galinha e não consegui parar de rir . Era uma avé Maria cheia de graça.
5.1720.N,5.1720,N,0,train,train,A vaca tomou um susto e morreu . Do quê? De infarto fuminante.
5.3630.N,5.3630,N,0,train,train,Qual herói da Marvel trabalhou pro Silvio Santos? Thor.
4.401.H,4.401,H,1,train,test,Vira-se uma almofada para outra: Hoje estás cá com uma fronha!
5.283.H,5.283,H,1,train,train,O que o coveiro disse quando pediram a ele para gerenciar o cemitério? Isso não é da minha ossada.
5.977.N,5.977,N,0,train,train,Qual banda pede demissão? Iron Mayday.
5.317.H,5.317,H,1,train,train,Qual banda é formada por um padre? É o Tchan! Com Padre Washington.
4.694.H,4.694,H,1,train,test,"Será que os políticos corruptos vão para o inferno? Não, vão para o paraíso fiscal."
5.680.N,5.680,N,0,train,train,"Por que quando o filho do Homem de Ferro nasceu, todo mundo achou que ele ia ser tarado? Porque ele já nasceu com armadura ..."
5.3027.H,5.3027,H,1,train,train,Qual o estado americano preferido dos sadomasoquistas? Misurre.
5.3410.H,5.3410,H,1,train,train,Qual filme eu tenho que assistir sob ameaça de morte? Vingadores ou te mato.
5.1408.N,5.1408,N,0,train,test,Por qual pasta de dente você não paga nada? A Sorriso.
5.601.H,5.601,H,1,train,train,Qual o grupo favorito das flores? Orquídeabelha.
5.2186.N,5.2186,N,0,train,train,Qual é o cantor folclórico que é um matador de aluguel? Zeca Baleiro
5.1005.H,5.1005,H,1,train,train,Do que sofre a socialite quando vai às compras? De boutique nervoso.
4.158.H,4.158,H,1,train,test,Uma mulher estava indecisa entre comprar uma blusa azul e uma vermelha. Acabou por levar a vermelha. Qual é o filme? Largou a azul.
5.781.H,5.781,H,1,train,test,Qual cantor eu quero que repare em mim? Cesar Menote.
5.1979.N,5.1979,N,0,train,train,Qual a série que deixa todo mundo que assiste sem graça? Stranger things
5.2844.H,5.2844,H,1,train,train,Como o padre bateu o carro? Dando uma rezinha
5.1050.H,5.1050,H,1,train,train,Qual a serie de anime que louva o tabaco? Charuto.
5.1000.H,5.1000,H,1,train,test,Qual cantora tentou adotar Jesus Cristo? Dê-me o Louvado.
5.1567.N,5.1567,N,0,train,train,"O que o Buzz Lightyear disse na igreja? "" Ao infinito e além ""."
5.1851.H,5.1851,H,1,train,test,Quem foi a primeira personalidade a mandar mensagem de texto? Torpedro I.
5.1475.H,5.1475,H,1,train,train,Qual pico mais gelado que existe? O pico lé.
4.578.H,4.578,H,1,train,test,"Como é que o pintor faz a namorada vir duas vezes? Primeiro de pincel, depois a segunda demão."
4.51.N,4.51,N,0,train,train,Como se encontra um cego numa praia de nudistas? Está vestido.
4.90.H,4.90,H,1,train,validation,"Como é que se diz ""copia bem"" em inglês? Copyright."
5.1020.N,5.1020,N,0,train,train,O que é o número 5 no cinto? O cinto
5.4012.H,5.4012,H,1,train,train,O que o hipopótamo fez com a casa dele? Hipopotecou.
5.782.N,5.782,N,0,train,validation,Qual a tartaruga ninja que mais gosta de dormir? O Leonardo.
4.237.H,4.237,H,1,train,validation,O que é um elfo muito gordo? É um elfante.
5.879.H,5.879,H,1,train,test,"Qual a atriz que iria apostar, mas desistiu? Bet Faria."
5.3008.H,5.3008,H,1,train,train,O que o cara gripado faz quando está perto de um grupo de mulheres? Contamina.
5.2634.H,5.2634,H,1,train,train,Qual a série que expulsa o campo? Saifield.
5.276.N,5.276,N,0,train,train,Por onde a rã fugiu? Pelo ralo.
5.1614.N,5.1614,N,0,train,test,O que dizer pra um cego que tenta ler mas não consegue? Leia em braille
5.1440.N,5.1440,N,0,train,train,Qual o instrumento musical mais vendido no Sul? Acordeão.
5.1373.H,5.1373,H,1,train,test,O que um álcool falou para o outro? Etanois.
5.267.N,5.267,N,0,train,train,Por que toda mulher quer se casar com um sabão em pó de 20 quilos? Porque é um sabão muito eficiente.
5.3632.H,5.3632,H,1,train,train,Qual o jogador mais hidratado do mundo? Hidraimovitch.
5.849.N,5.849,N,0,train,validation,Por que a namorada do Mickey quando não está bem começa a tirar as coisas? Porque ela é Minnie Má Lista.
5.1403.H,5.1403,H,1,train,validation,Por que o próximo técnico da seleção ficará contra a parede? Porque ele é Pós-Tite.
5.2303.H,5.2303,H,1,train,train,"Olivia disse ao Brutus sua comida preferida em inglês, e ele não gostou. O que ela disse? ""Apple pie""."
4.69.H,4.69,H,1,train,train,Toda a gente tem cultura. Algumas pessoas só de bactérias.
5.3299.H,5.3299,H,1,train,validation,Por que os cachorros do Galvão Bueno nunca ficam com fome? Porque ele é bom de ir na ração.
4.582.H,4.582,H,1,train,train,Qual é a semelhança entre um Bispo e a Cerelac? Ambos podem ser promovidos a papa.
5.2941.H,5.2941,H,1,train,train,O que aconteceu com o Chapolin depois de horas jogando Street Fighter no Mega Drive? Ficou com o polegar vermelho.
5.1279.N,5.1279,N,0,train,validation,Qual ator mirim não lava os dentes? MaCarie Culkin.
5.2349.N,5.2349,N,0,train,train,Qual é o esporte preferido pelos gaúchos? Basquete.
5.928.N,5.928,N,0,train,train,Qual o jogo favorito do mágico? Boliche
4.76.N,4.76,N,0,train,train,O que é que está entre dois gatos? Uma meada.
4.501.H,4.501,H,1,train,train,Quais são os apelidos mais comuns dos estafetas da Uber Eats? Passos Dias Aguiar Mota.
5.3755.H,5.3755,H,1,train,train,Por que o Lulu Santos desenha os piores e menores círculos do mundo? Porque usa compasso de formiga sem vontade 
5.1194.N,5.1194,N,0,train,train,Qual a cantora que indica onde gosta de tomar chá? Dua Lipa.
4.445.N,4.445,N,0,train,test,De que material são compostas as pedras nos rins? De xisto.
5.1560.N,5.1560,N,0,train,validation,Como se chama a bicicleta que ficou em segundo lugar? Vice colocada.
5.998.H,5.998,H,1,train,train,Qual é o comediante mais culto? Marcelo há de ler.
5.1189.N,5.1189,N,0,train,validation,Que elemento químico a gente avalia depois de usar? Hélio.
5.3380.N,5.3380,N,0,train,train,Qual atriz quer se vingar dos outros? Irene Ravache.
5.806.N,5.806,N,0,train,test,"Em qual época o Brasileiro foi mais magro? Na época do movimento "" Caras Pintadas ""."
5.2896.H,5.2896,H,1,train,test,Qual cantor só pode ser visto pela internet? Carlinhos Browser 
5.2507.N,5.2507,N,0,train,validation,Qual é o aparelho que nunca para de mexer? A biruta.
5.923.N,5.923,N,0,train,train,Qual é o antônimo de alto-falante? Pequeno-falante.
5.1256.H,5.1256,H,1,train,train,Como se chama a modalidade em que seis filósofos tem que nadar seis estilos diferentes? Só seis que nadam seis.
4.384.N,4.384,N,0,train,train,"Como é que se diz "" amante "" em inglês? Lover."
5.445.H,5.445,H,1,train,train,"Que dupla reclama de, absolutamente, tudo? Chitãozinho e chororô."
4.566.N,4.566,N,0,train,train,Porque é que os lutadores praticam boxe? Porque há um assalto a cada 3 minutos.
4.674.N,4.674,N,0,train,train,O que é uma avó a brincar ao carnaval mascarada de costureira? Cosplay.
5.1974.H,5.1974,H,1,train,test,Por que o cara entrou com seu veículo no mar? Porque era car naval 
5.2436.N,5.2436,N,0,train,train,Qual é a música favorita dos barbeiros? Johnny Be Good.
5.3869.H,5.3869,H,1,train,train,"Qual cantora internacional sempre fica em dúvida em questões múltipla escolha? A, B ou C (A Beyoncé)."
5.2757.N,5.2757,N,0,train,train,Porque ninguém ria do Pântano? Pq não tinha Graça nenhuma
5.751.H,5.751,H,1,train,train,Qual o carro que também é um sinônimo pra uma transa? Forni Ká.
4.222.H,4.222,H,1,train,train,Que nome se dá à diarreia de um vegan? Rebento de soja.
4.594.H,4.594,H,1,train,test,Porque é que o livro de matemática se suicidou? Tinha muitos problemas.
5.2025.N,5.2025,N,0,train,train,Quem é o beatle mais tecnológico? É o Starr
3.8.N,3.8,N,0,train,validation,Quando você estiver triste é só abraçar um sapato . Um sapato bonito.
4.138.N,4.138,N,0,train,train,Qual é o carro que as ervilhas conduzem? Volkswagen.
5.1228.N,5.1228,N,0,train,train,"Por que durante o naufrágio, só três pessoas se jogaram do navio? Porque eram só três navegadores."
5.529.H,5.529,H,1,train,train,Qual zíper abre e fecha sem parar? O Ziperativo.
5.2688.N,5.2688,N,0,train,train,Qual é a cantora que imprime suas músicas? A Tina Turner
5.2963.H,5.2963,H,1,train,train,"Ao perceber turbulência, a aeromoça havia perguntado se o piloto estava se sentindo bem. O que ele respondeu antes de caírem? Stall."
5.2638.H,5.2638,H,1,train,train,Quem é a pessoa que só escreve histórias sobre felinos depressivos? Agatha Triste.
5.3658.N,5.3658,N,0,train,test,Qual comediante se formou em uma escola agrotécnica? Rony Rios
4.226.H,4.226,H,1,train,train,Porque é que o Power Point está feliz? Porque teve um diapositivo.
5.2491.N,5.2491,N,0,train,validation,Qual é a dupla sertaneja favorita dos velhos? Leandro e Leonardo.
5.4100.N,5.4100,N,0,train,train,Qual a raça de cachorro que se manda calar a boca? Pinscher.
5.774.H,5.774,H,1,train,test,Qual a cidade em que os parceiros não entregam o colega pra polícia no interrogatório? Ky oto?
5.3447.N,5.3447,N,0,train,train,Qual time de futebol é um grande vazio? Vasco da Gama.
4.493.H,4.493,H,1,train,train,Que nome se dá a uma pessoa alérgica a arroz? Basmatica.
4.677.N,4.677,N,0,train,train,Qual é a semelhança entre maio e o mês de março? Ambos têm uma data de mulheres.
4.121.N,4.121,N,0,train,train,"Como é que se diz "" fim "" em japonês? Fimu."
4.191.H,4.191,H,1,train,train,Qual era o atum mais vendido na Jugoslávia? Era a consérvia.
5.2780.H,5.2780,H,1,train,train,Qual quadro que a minha mulher adora fazer resenha? A mô analisa.
5.896.H,5.896,H,1,train,train,Para onde se leva um cachorro canhoto? Para o adestramento.
5.435.N,5.435,N,0,train,train,Qual animal vive no esteticista? O homem.
5.2269.N,5.2269,N,0,train,test,Qual país em que todo mundo ta sempre na academia? Itália
5.3174.N,5.3174,N,0,train,train,Qual médico que só cuida de tetas? Um especialista.
5.2577.H,5.2577,H,1,train,train,Como um dançarino faz círculos no chão? Com passos.
4.629.N,4.629,N,0,train,train,"Quando tiver um irmão, vai chamar-se Herrare . Porque Herrare é o irmão."
5.2481.N,5.2481,N,0,train,train,Qual é o rio mais azedo do Brasil? Paraná.
5.1997.N,5.1997,N,0,train,train,O que o comediante faz no carnaval? Stand-up Comedy
5.1547.N,5.1547,N,0,train,train,Qual esporte que sempre te ajuda? Futebol
5.3919.H,5.3919,H,1,train,train,O que o Fábio Assunção foi fazer nas Casas Bahia? Comprar inspirador de pó.
4.697.N,4.697,N,0,train,test,"Como se diz "" terror "" em japonês? Hora."
4.736.H,4.736,H,1,train,train,"Que cantor sul coreano interpreta o êxito ""O bacalhau quer alho""? Seul."
5.403.H,5.403,H,1,train,train,Qual figura religiosa não sabe a quem pertence? Madre Teresa de Qual que Tá?
5.1011.H,5.1011,H,1,train,train,Qual o remédio que ja avisa que vc tá precisando dele? Ó meu prazo ól.
5.383.N,5.383,N,0,train,train,Qual hortaliça não tem gosto de nada? Acelga.
5.1001.N,5.1001,N,0,train,test,"O filho pediu para o pai levá-lo para ver boosa nova e o pai concordou . Qual é o nome da música? "" Eu sei que vou te amar..."""
5.1647.H,5.1647,H,1,train,train,"Por que o James Bond não conseguiu entrar no restaurante? Porque tinha uma placa escrito ""No Smoking""."
4.159.H,4.159,H,1,train,train,Qual é o elemento químico mais comum nas discotecas? É o TUNGS! TUNGS! ténio.
5.993.N,5.993,N,0,train,test,Qual o super-herói fala sueco? Volverine
5.578.H,5.578,H,1,train,train,Como se chama o cara que ficou rico vendendo pipoca? Milhonário.
4.619.N,4.619,N,0,train,test,Em que cidade os bêbados se molham quando chove? Onde houver bares ao ar livre.
5.700.H,5.700,H,1,train,train,Qual alimento respeita a igreja católica e a medicina oriental? Amémdo-in.
5.1733.N,5.1733,N,0,train,train,Qual o tipo de conexão que não funciona no elevador? Internet fibra ótica.
5.3986.N,5.3986,N,0,train,train,Por que o bebê demorou muito pra nascer? Porque é demorado.
4.120.H,4.120,H,1,train,train,Que nome se dá a um árabe com problemas de visão? Estarábico.
5.3421.H,5.3421,H,1,train,train,Qual a escola de samba favorita do genitor de alguém que é feliz sozinho? Mocidade independente do Pai de Miguel.
5.3086.H,5.3086,H,1,train,test,Qual o nome do filho do Mc Kevinho? MC Kessuco.
5.1937.N,5.1937,N,0,train,test,Qual apresentador é o mais duas caras? Marcos Mion.
5.2017.H,5.2017,H,1,train,train,Que lei incentiva a espera em estabelecimentos? Lei Maria da Senha 
4.243.N,4.243,N,0,train,train,O que diz um reboque a afogar-se pela segunda vez? Socorro ...
4.318.H,4.318,H,1,train,validation,Vira-se um guitarrista para um baixista: Então o que fazes aqui por estas bandas?
5.811.H,5.811,H,1,train,train,Qual estilo musical só da pra ouvir bem baixinho?  Rock'n'Low
5.1370.N,5.1370,N,0,train,train,Por que o marido e a esposa foram ao psicólogo? Porque estavam passando por uma fase difícil.
5.1110.N,5.1110,N,0,train,test,"O que o psicanalista adora dizer no meio do sexo? Vai, me fode."
5.4029.N,5.4029,N,0,train,test,"Qual pássaro quer fazer fuxico sobre uma mulher, mas esquece o que ia falar? Sabiá"
5.358.N,5.358,N,0,train,test,Qual cidade incentiva o uso do tato? Curitiba.
5.2200.N,5.2200,N,0,train,test,Qual é o filme favorito da cabra? A bruxa de blair
5.1620.H,5.1620,H,1,train,train,Qual é a comida que quase tirou nota dez? Strogonove.
5.2272.H,5.2272,H,1,train,train,De qual país eu aceitei um chiclete? Mandamascar
4.53.N,4.53,N,0,train,validation,Os turistas foram festejar o início do verão . A festa foi na casa dos 30 amigos.
4.692.N,4.692,N,0,train,train,"Até vos contava uma piada sobre gorilas, mas é seca."
4.418.H,4.418,H,1,train,train,"Qual é o masculino de ""tábua""? Eu até dizia, mas é tabu."
5.3375.H,5.3375,H,1,train,train,Qual a margarina de quem curte uma suruba? Dória na.
5.2001.N,5.2001,N,0,train,train,O que os piratas costumam roubar? Furtos do Mar
5.565.N,5.565,N,0,train,train,O que aconteceu quando o Cícero ganhou um presente? Ele ficou feliz.
5.1831.N,5.1831,N,0,train,test,"Qual jogador tentou acertar o cantor, mas errou? Messi."
5.758.H,5.758,H,1,train,test,Qual o chá que ninguém gosta? Chato.
5.3515.H,5.3515,H,1,train,train,Por que o cara estava procurando defeito na samambaia? Porque era um corretor de plantão.
5.2144.H,5.2144,H,1,train,train,Porque não se paga bandido com cheque? Porque o crime não compensa. 
5.3990.N,5.3990,N,0,train,train,Qual o comediante que o pessoal sempre pedia pra falar mais alto na hora do show? Jerry  Seinfeld.
5.1557.H,5.1557,H,1,train,test,Qual atriz brasileira que está super na moda? Letícia Spinner.
4.383.H,4.383,H,1,train,train,Qual é a oração mais fofinha do Papa Francisco? É a Xicoração.
5.3796.H,5.3796,H,1,train,validation,Qual a maior rede social do mundo? Instagrande.
5.2058.H,5.2058,H,1,train,train,Como você chama um droid pirata? Arrrr2-D2 
5.2274.N,5.2274,N,0,train,train,Qual é o doce usado em baterias de celular? O pudim.
4.361.H,4.361,H,1,train,train,O que é que o mosqueteiro diz à mosqueteira antes de fazerem amor? Hoje vou dartacão.
5.1001.H,5.1001,H,1,train,train,"O filho pediu para o pai levá-lo para ver tartarugas e o pai concordou. Qual é o nome da música? ""Eu sei que vou Tamar..."""
4.202.N,4.202,N,0,train,train,"Como é que se diz "" sexo "" em árabe? Aljins."
4.480.H,4.480,H,1,train,train,"Como é que se diz ""surpresa"" em chinês? Chan-chan-chan-chan!"
5.926.H,5.926,H,1,train,validation,Qual é o maior pacifista de todos os tempos? Mahatma Grande.
4.250.H,4.250,H,1,train,train,Qual é a especialidade de um médico bipolar? Otorrino otochorando.
5.2233.H,5.2233,H,1,train,train,Qual taxa é cobrada quando você abastece o carro? Em posto de Gasolina 
5.1769.H,5.1769,H,1,train,test,Qual glândula produz mais hormônios em Far Cry? A tiro e ódio. 
4.405.H,4.405,H,1,train,test,Porque é que o bode está à porta da quinta? Está à espera cabra.
5.254.H,5.254,H,1,train,test,Qual é o youtuber que ama a Microsoft? Windows Son.
4.143.H,4.143,H,1,train,train,O que é uma fofoca? É um mamamífero.
5.1570.H,5.1570,H,1,train,train,"Uma pessoa com o apelido Lu, foi para a padaria com suas duas irmãs Ana. Qual o nome da pessoa? Lu sem Anas"
4.105.N,4.105,N,0,train,train,Recementecemente foi descoberta uma nova doença na China . Parece que se espalha com muita facilidade.
4.565.N,4.565,N,0,train,train,Qual é o chocolate que só tem duas semanas de validade? O Kinder.
5.2351.H,5.2351,H,1,train,validation,Qual é o árbitro que expulsa as pessoas e elas nunca mais podem voltar? O BANdeirinha.
5.994.N,5.994,N,0,train,train,Qual é a bebida mais intelectual que existe? Fanta.
5.4092.N,5.4092,N,0,train,train,Qual fruta reclama muito? A melancia.
4.491.N,4.491,N,0,train,test,Não há muitos elefantes em Moçambique . Mas no Zimbabué há.
4.297.H,4.297,H,1,train,train,Porque é que os comunistas não gostam de cruzamentos? Porque a direita tem prioridade.
4.406.H,4.406,H,1,train,train,Um cigano poupou dinheiro para comprar um presente à mulher. A isto chama-se economia para lela.
4.446.N,4.446,N,0,train,test,Qual é a banda preferida dos obesos? A banda Queen.
5.1818.H,5.1818,H,1,train,train,Em que colocação ficou o diabo? Quintos dos infernos
4.22.N,4.22,N,0,train,train,Os médicos vão começar a passar receitas no computador . Ouvi dizer que são ficheiros compactados.
5.821.N,5.821,N,0,train,train,Qual o país que precisa ser envernizado? Brasil.
4.324.H,4.324,H,1,train,train,Quais são as escadas que demoram mais a subir? São as escadas em caracol.
5.1131.H,5.1131,H,1,train,train,Por que o Ben 10 de vez em quando ganha algumas roupas de presente? Porque há malhas que vêm pra Ben.
5.2938.H,5.2938,H,1,train,train,Qual é a comida do pássaro gigante que toca trompete? O alpistão.
2.5.H,2.5,H,1,train,train,Sabe por que não seria bom um filme só sobre números? Porque seria uma má temática.
5.3634.N,5.3634,N,0,train,test,Qual comentarista que fede a bicho? Arnaldo Cezar.
5.2805.N,5.2805,N,0,train,train,Por que comer sapo da tesão? Salgado
5.187.N,5.187,N,0,train,train,Por que o Mario perdeu o processo para o Sonic? Porque a justiça é infalível.
5.1817.H,5.1817,H,1,train,train,Em que colocação ficou outro ser das trevas? Second Drácula
5.378.H,5.378,H,1,train,train,Qual remédio pode ser comprado na padaria? O Buscoupão
4.745.N,4.745,N,0,train,train,Não é costume as pessoas beijarem-se no Médio Oriente . Mas na Europa sim.
5.240.H,5.240,H,1,train,test,O Continente nao estava se sentindo bem. O que ele tinha? Ásia.
5.3014.N,5.3014,N,0,train,train,Qual banda brasileira que vive trocando tiro? Ultraje a Rigor.
5.4013.N,5.4013,N,0,train,test,Qual personagem sempre é o último a saber na Terra Média? O figurante.
5.2912.H,5.2912,H,1,train,train,Qual é o prato de carne branca que nenhum cozinheiro acerta? Fracassei de Frango 
5.1044.H,5.1044,H,1,train,train,"Qual banda que se piscar, vira da umbanda? Blink One EXU"
4.496.H,4.496,H,1,train,train,Que nome se dá a um cruzamento cheio de árvores? Entroncamento.
5.3484.N,5.3484,N,0,train,train,Qual orixá vive no gelo? Inupiat.
5.3795.H,5.3795,H,1,train,train,Qual o cantor que está sempre na academia? Zé Ra Malho.
5.3172.H,5.3172,H,1,train,train,Onde a vaca compra ovo de Páscoa? Na cowcow show.
5.3235.N,5.3235,N,0,train,train,Qual cantor virou desenho da Disney? Frank Sinatra.
5.2289.N,5.2289,N,0,train,train,Qual super herói sempre quer mais e mais? Incrível Hulk
5.3186.N,5.3186,N,0,train,train,Como se segura uma bomba incendiária? Segura sem o uso da mão.
5.3890.H,5.3890,H,1,train,train,Qual cantora pop sempre te convida pra tomar uma xícara de café? Madonna Florinda.
4.527.N,4.527,N,0,train,test,O que é que tem dois cus e mata? Um assassino.
4.344.N,4.344,N,0,train,train,O que bebe o Lobo Mau todas as manhãs? Um Capuccino.
5.3230.H,5.3230,H,1,train,train,Qual médico que é funkeiro? PediCatra.
4.487.N,4.487,N,0,train,train,Para onde vão descansar as pessoas que caem das motas? Para uma ilha remota.
5.1314.N,5.1314,N,0,train,validation,Por que a manicure foi demitida? Porque ela estava chengando atrasada.
4.490.N,4.490,N,0,train,train,Há 10 tipos de pessoas no mundo . As que percebem de números decimais e as que não percebem.
4.711.N,4.711,N,0,train,train,Porque é que o drogado foi ao médico? Porque tinha um caroço  no pescoço.
5.2861.H,5.2861,H,1,train,train,Qual religiosa não é bonita? A freia 
4.23.N,4.23,N,0,train,train,Que nome se dá a um cão que adivinha o futuro? Vidente.
5.3732.H,5.3732,H,1,train,train,Qual caneta gosta de dar dura nas pessoas? Caneta de enquadro.
5.2056.N,5.2056,N,0,train,train,Qual é o jogo da pessoa gripada? Overcooked
5.2309.N,5.2309,N,0,train,test,Por que a mulher que trabalhava na joalheria virou piloto? Porque ela sabia pilotar
5.1849.H,5.1849,H,1,train,train,Qual a parte do corpo mais atrai senhoras? O umbingo.
4.542.H,4.542,H,1,train,train,Qual é o prato perfeito dos dentistas? Pasta al dente.
5.4076.N,5.4076,N,0,train,train,Qual o ator mais chifrado do mundo? Bruno Gagliasso.
5.421.N,5.421,N,0,train,train,Qual a banda que te pede para parar carinhosamente? NXZero.
5.2010.H,5.2010,H,1,train,train,Qual é a padroeira de quem vive dando voltas? Nossa Senhora de GuadaLoop 
5.3651.N,5.3651,N,0,train,train,Qual anime foi baseado na versao brasileira de um futebolista mediamente famoso? Dragon Ball Z.
4.695.N,4.695,N,0,train,train,"Qual é o contrário de "" extraordinário ""? Banal."
5.1292.N,5.1292,N,0,train,train,O que o Sam da série Supernatural disse pro irmão quando viu um cara andando com um macaco no ombro? Olha lá.
5.2609.N,5.2609,N,0,train,test,O que o anão estava fazendo com a bola de futebol? Chutes.
5.2895.H,5.2895,H,1,train,train,Qual cantor só vê notícias pela internet? Ig Pop 
5.315.N,5.315,N,0,train,train,Sabem qual árvore está conectada à internet? Da montanha.
5.162.N,5.162,N,0,train,validation,O que são dois pontinhos marrons no palco? Bruno e Marrone.
5.1335.N,5.1335,N,0,train,train,Qual é o youtuber que mais economiza na luz? O Whindersson Nunes.
5.1203.H,5.1203,H,1,train,train,Quem largou a vida de rodeios pra virar ator? Rodrigo SemTouro.
5.2698.H,5.2698,H,1,train,train,Qual padre ficou conhecido no Brasil por ficar imitando o Faustão? Padré José de Anchieita!
5.3962.H,5.3962,H,1,train,train,Qual passarinho grita muito? João de Berro.
5.2751.N,5.2751,N,0,train,test,Qual aviamento não para quieto? Os botões
5.2009.N,5.2009,N,0,train,train,Nome do cara que não joga na linha? O goleiro
5.470.H,5.470,H,1,train,validation,Qual personagem do programa do Bozo vivia cheio de fungo? A Vovó Mofada.
4.128.H,4.128,H,1,train,validation,O que acontece quando o Harry Potter fica com os lábios gretados? Ele torna-se num feiti-cieiro.
5.793.N,5.793,N,0,train,validation,Qual a rede social mais usada pelas mulheres no Oriente Médio? Instagram.
5.1661.H,5.1661,H,1,train,train,Qual é o desenho favorito do Michael Jackson? Smurf Criminal.
5.941.H,5.941,H,1,train,test,Qual é a cantora que tem pau pequeno? Ana Caralinha.
5.1272.H,5.1272,H,1,train,train,Qual rato que mais trabalha pela cultura do Brasil? MinC Mouse.
5.4015.N,5.4015,N,0,train,train,Qual o questionamento infantil quando só tem macarrão e alho? Onde está o óleo.
5.3587.H,5.3587,H,1,train,train,Qual o jogo que o Mussum inventou? Tretis. Porque seria muita treta jogar.
5.2227.N,5.2227,N,0,train,train,Por que o japonês jogou o sal na sopa? Porque tempero
5.1097.N,5.1097,N,0,train,train,Qual é o ator que vai bem no café da manhã? Ney Latorraca.
5.506.N,5.506,N,0,train,train,Qual o nome do homem que é muito instável? Jair.
4.171.H,4.171,H,1,train,train,Hoje decidi queimar as minhas bonecas. Fiz um barbiecue.
5.3606.H,5.3606,H,1,train,train,"Na corrida das pedras preciosas, quem nunca sobe no pódio? O Rubi Barrichelo. Ele fica em quartzo lugar."
4.40.N,4.40,N,0,train,validation,"Hoje no trânsito disse "" amo-te "" a um semáforo . O semáforo mudou."
5.2210.H,5.2210,H,1,train,train,Qual é o filme dirigido por Jordan Peele e Sérgio Mallandro? CoRRÁ!
5.2467.N,5.2467,N,0,train,test,Qual Rapper só toca em aniversários? Dr Dre
5.355.H,5.355,H,1,train,train,Como se chama o vampiro pederasta? Conde Dá-o-cu-lá.
5.4025.H,5.4025,H,1,train,train,Nome de cervejaria em homenagem a um grande cantor brasileiro? CauBEER PeiCHOPPS.
5.495.N,5.495,N,0,train,validation,Qual pseudo celebridade agora canta rap? Carol Conká.
5.604.N,5.604,N,0,train,train,Qual é a loja que no ENEM só chutava a terceira e primeira alternativas? Renner.
4.204.N,4.204,N,0,train,validation,Como é que os drogados espirram? Achim!
5.3130.N,5.3130,N,0,train,train,Qual doce que dá nojinho lamber? Pirulito.
5.2259.N,5.2259,N,0,train,train,Qual a semelhança entre o trovão e a privada? Os dois vem sempre acompanhado de calor
5.1393.H,5.1393,H,1,train,train,Qual é a banda de pagode mais famosa no mundo dos animes? Sorriso Naruto.
5.2959.N,5.2959,N,0,train,validation,Qual empresa responsável por encher o avião?  Azul.
5.1633.N,5.1633,N,0,train,train,Qual é o zumbi que cuida dos seus ligamentos? O mortopedista.
4.477.N,4.477,N,0,train,train,"Perguntei a um francês se jogava videojogos . "" Oui ""."
5.3640.N,5.3640,N,0,train,train,Qual é o movimento corporal favorito do Gato Guerreiro? Flexão.
5.3918.H,5.3918,H,1,train,test,Como se chamava a apresentadora do primeiro programa feito para a internet? Web Camargo.
5.226.H,5.226,H,1,train,train,Um homem TODO DIA molha e coloca para secar um OB. Por que? PORQUE ELE ESTÁ OB SECADO
5.212.N,5.212,N,0,train,train,Porque os mineiros preferem comida salgada? Por causa do sabor.
5.2024.N,5.2024,N,0,train,train,Qual é o celular nudista? iPhone
5.578.N,5.578,N,0,train,test,Como se chama o cara que ficou rico vendendo tomate? Milhonário.
5.3119.H,5.3119,H,1,train,train,Qual o nome da mãe do super-herói que nunca vai em praia com águas geladas? Martha Kent.
5.3516.H,5.3516,H,1,train,test,Qual documento pediram pro defunto? Carteira de IdentiDied.
5.1682.H,5.1682,H,1,train,train,O que um maratonista precisa fazer quando presencia um acidente numa rodovia? Ele precisa só correr
5.2526.H,5.2526,H,1,train,test,Qual o primata que vive boiando sozinho no meio do oceano? Gorilha.
4.435.N,4.435,N,0,train,validation,"Como é que se diz "" médico estagiário "" em japonês? Kenshui"
5.3934.H,5.3934,H,1,train,train,Qual a bebida do Rei? Luwhisk 15
5.456.H,5.456,H,1,train,train,Qual é a madeira que vive online? IP.
5.615.H,5.615,H,1,train,train,Qual e a marca preferida de carro dos jogadores de futebol? Chevrolé!
5.806.H,5.806,H,1,train,train,"Em qual época o Brasileiro foi mais magro? Na época do movimento ""Dietas Já""."
5.1657.N,5.1657,N,0,train,validation,Qual é a lanchonete favorita dos góticos? KFC.
5.455.H,5.455,H,1,train,train,Por que Jesus está em constante aprendizagem? Porque ele tá num curso fixo.
5.3771.H,5.3771,H,1,train,train,Que tipo de fruta a Leia gosta de comer? Orgâna ica 
5.232.H,5.232,H,1,train,train,Qual é o perfume do zagueiro ruim? Mal beque.
4.537.H,4.537,H,1,train,train,Eu dantes era viciado em sabão. Mas agora já estou limpo.
4.635.H,4.635,H,1,train,train,Por que é que o Mozart vai à igreja? Porque Amadeus.
2.1.H,2.1,H,1,train,validation,Sabe como chama a sorveteria do Michel Teló? Ice Te Pego.
4.624.H,4.624,H,1,train,train,Por que é que o Rei foi ao dentista? Foi colocar uma coroa no dente.
4.467.H,4.467,H,1,train,validation,"Como é que os cereais acabam uma relação? Nestum, sou eu."
5.82.H,5.82,H,1,train,train,Qual é o adoçante preferido das vacas? Zero Cow.
5.3767.N,5.3767,N,0,train,train,Cantor que adora uma secretária eletrônica? Lulu Santos
5.1724.H,5.1724,H,1,train,train,Polícia que tem problema digestivo? A Rota
5.3511.N,5.3511,N,0,train,test,Qual ex-piloto era um índio pronto pro ataque? Nenhum.
4.283.N,4.283,N,0,train,validation,Qual é o carro que consegue transportar mais porcos? É o Nissan Qashqai.
5.181.H,5.181,H,1,train,train,Qual é a faculdade favorita de quem vive no fundo do mar? Crustáceo de Sá.
5.3898.H,5.3898,H,1,train,train,Por que as fitas de videocassete se popularizaram tão rápido? Porque fez a população se VCR.
5.1306.H,5.1306,H,1,train,train,Qual rapper americano os gatos mais gostam? Whiska Lifa.
5.3304.H,5.3304,H,1,train,train,Qual o prato que pune quem tenta ser malandro? Espertinho na brasa.
5.1825.H,5.1825,H,1,train,train,Qual é o jogador de futebol mais míope? Quasimiro
4.515.N,4.515,N,0,train,train,Não deixes a vida passar ao lado . Abre um tinto.
4.42.N,4.42,N,0,train,train,O que é que fazes com preservativos usados? Fazes um pneu e chamas-lhe reciclagem.
5.580.N,5.580,N,0,train,test,Por que a esposa do baterista dos Beatles ficou puta quando não tinha ninguém em casa? Porque era pra ter.
5.2058.N,5.2058,N,0,train,test,Como você chama um droid pirata? R2-D2
5.3760.N,5.3760,N,0,train,train,Por que o povo brasileiro não acha necessário dubladores de super heróis? Porque pro povo é redundante
5.1380.N,5.1380,N,0,train,train,O que o bêbado falou no bar? Chama os desempregados que hoje eu vou beber.
4.389.H,4.389,H,1,train,train,Qual é a semelhança entre um careca e o Museu do Louvre? Ambos têm a Mona Lisa.
5.1880.N,5.1880,N,0,train,train,Um cara entrou na Ralph Lauren e deitou no chão . Qual o nome do filme? Detona Ralph.
5.3537.N,5.3537,N,0,train,train,Qual rockeiro não come? É o Regime Hendrix.
5.3385.H,5.3385,H,1,train,train,Qual atriz tá com o demônio no corpo? Zezé Possessa.
5.489.H,5.489,H,1,train,train,Qual piloto tem pacto com o Diabo? Exumacher.
5.3231.H,5.3231,H,1,train,train,Por que o rapaz não mostrou os slides em sua apresentação na empresa? Porque ele Esxcel de levar.
5.3065.H,5.3065,H,1,train,train,Que personagem infantil só faz boquete? Oralcio.
5.3377.N,5.3377,N,0,train,train,Qual deputado curte garotos novos? Nicolas Ferreira.
5.970.N,5.970,N,0,train,train,Qual é a parte do corpo que mais se precipita? Pé.
4.414.N,4.414,N,0,train,train,Porque é que o Justin Bieber passa tanto tempo a ver os vídeos de quando era criança? Porque recordar é viver.
5.3862.N,5.3862,N,0,train,test,Qual a bebida favorita do Michel Teló? Ice.
5.2133.N,5.2133,N,0,train,test,Qual o sentimento dos divorciados aos que ganham liberdade? Menosprezo.
4.391.N,4.391,N,0,train,test,"Eu não costumava ter jeito nenhum com as minhas mãos, mas desde que parti a perna que ando com duas canadianas."
4.14.N,4.14,N,0,train,train,O meu sonho é ser probre um dia . É que ser rico todos os dias é lixado.
4.640.H,4.640,H,1,train,train,Acabou de ser encontrado no Egipto um sarcófago dourado com uma múmia coberta de chocolate e avelãs. Acredita-se que pertença ao Faraó Rocher.
5.3303.H,5.3303,H,1,train,test,Qual a ave que te serve comida? Garça on.
5.2008.H,5.2008,H,1,train,train,Em qual cidade todas as pedras preciosas e incomuns são protegidas? Guardá-la Rara 
5.592.H,5.592,H,1,train,train,Por que o Tom Cruise tomou diuréticos quando saiu do set?  Porque estava gravando Micção Impossível.
4.444.N,4.444,N,0,train,train,"Sabes dizer alguma asneira em inglês? "" Fuck! """
5.234.N,5.234,N,0,train,test,Por que o pai de santo doou as calças? PORQUE É DANDO QUE SE RECEBE
5.2841.N,5.2841,N,0,train,validation,Qual o ator que produz vinho? Nicholas Cage
5.455.N,5.455,N,0,train,train,Por que Jesus está em constante aprendizagem? Porque ele tá num curso.
4.208.N,4.208,N,0,train,train,O que é um exfoliante? É um fulano que já não vai mais a reuniões.
5.1837.N,5.1837,N,0,train,test,"O que o cachorro falou pro dono depois que tomou um esporro? Desculpa, você tem toda a razão."
4.2.N,4.2,N,0,train,train,Por que é que os matemáticos bebem pouca água? Para fazerem cálculo mental
5.2380.H,5.2380,H,1,train,test,Qual cantora adora um tempero? Daniela MarCurry
5.3776.H,5.3776,H,1,train,train,Qual é a banda mais consumida no dia a dia ? Pearl Jam com Arroz 
5.545.N,5.545,N,0,train,test,Qual o programa mais formal que existe? Altas Horas.
4.97.H,4.97,H,1,train,test,Que nome se dá a uma pizza cheia de gordura? Pizza de quatro queixos.
4.231.N,4.231,N,0,train,train,Onde é que os anões se embebedam? No bar.
5.2362.H,5.2362,H,1,train,test,Qual é o tipo de gol que vale uma fortuna no mercado? Gold Letra.
5.150.N,5.150,N,0,train,train,"Qual a expressão que hora é de uma pessoa, hora é de todo mundo? Meu Deus."
5.3526.H,5.3526,H,1,train,train,O que fez o garçom militar? Serviu o exército.
5.1978.N,5.1978,N,0,train,train,"Que filme conta a história de um mundo bizarro? Carrie, a estranha."
5.1717.N,5.1717,N,0,train,train,O que é que tem na boca do sapo? Herpes.
5.1749.H,5.1749,H,1,train,train,Qual esporte é praticado na fazenda quando neva? Snow Bode.
4.489.H,4.489,H,1,train,validation,Hoje de manhã consegui empilhar catorze panquecas. Aquilo é que foi um pequeno-almoço equilibrado.
4.497.H,4.497,H,1,train,train,O que fazia o médico sem-abrigo? Orto-pedia.
5.1355.N,5.1355,N,0,train,validation,Transformar um material em outro se chama Alquimia . E transformar um animal em outro? Transfiguração.
5.2371.N,5.2371,N,0,train,train,Por que quando a sala estava gelada todos aumentavam seu café? Por causa do ar condicionado.
4.492.H,4.492,H,1,train,train,"Qual é o livro preferido dos robôs? ""Onde está o Wall-E?"""
5.2021.N,5.2021,N,0,train,test,Qual é o cantor que faz buracos no céu? Ca Wando
5.105.N,5.105,N,0,train,train,Por que o marinheiro a deriva assistia televisão o tempo todo? Porque era um cara viciado.
4.203.N,4.203,N,0,train,train,Comprei uns sapatos com lâmpadas LED na sola . Pode-se dizer que emitem luz led.
4.277.N,4.277,N,0,train,train,Como é que os alpinistas se cumprimentam? Como é que é!
5.201.N,5.201,N,0,train,train,"Qual é o cantor que, se multiplicar por dois, vira ator de filme de ação? Marcelo D2 . Se multiplicar por dois, vira Marcelo D4."
5.3440.N,5.3440,N,0,train,train,Qual o documento atesta a morte do cearense? Atestado de óbito.
4.438.N,4.438,N,0,train,train,O que é que a chave diz para a fechadura? Vamos lá?
5.386.H,5.386,H,1,train,train,Por que a cerveja ganhou Oscar? Pela brilhante forma de a Stella Atuar.
5.650.H,5.650,H,1,train,train,Em que país só se anda de carro grande? Jamais Ka.
5.3210.N,5.3210,N,0,train,train,Qual esporte favorito da rainha? Esqui.
5.381.H,5.381,H,1,train,train,Qual a fórmula química da água benta?  H-DEUS-O
5.2911.N,5.2911,N,0,train,train,Qual é o artista ídolo da MPB mais acessível? Roberto Carlos
5.3070.N,5.3070,N,0,train,train,"O que me disse o garçom ao me ver no restaurante com uma coleira na mão? "" Tem perro? """
4.6.N,4.6,N,0,train,train,Decidi começar a usar flores nos jardins . São dálias.
5.3670.H,5.3670,H,1,train,test,Qual país que as pessoas não tem o dedo polegar? SenLegal.s
5.3462.H,5.3462,H,1,train,test,Qual equipamento aquático que vive com fome? Pede prato.
5.199.H,5.199,H,1,train,train,Por que se deve sair na rua com um para-raios? Para evitar sequestro relâmpago.
4.51.H,4.51,H,1,train,train,Como se encontra um cego numa praia de nudistas? Não é duro.
5.131.H,5.131,H,1,train,test,Qual cantora não é minha? Adele.
5.559.H,5.559,H,1,train,train,Qual a novela que mãe e filha foram desvirginadas? Cabaços de Família.
5.120.H,5.120,H,1,train,train,Qual é o lugar do mundo cujas pessoas são viciadas em academia? Só malha.
5.3558.N,5.3558,N,0,train,train,Qual a ex apresentadora infantil que se converteu? Mara Maravilha.
5.2685.N,5.2685,N,0,train,train,Qual a atriz que dá pra ouvir de todos os cantos? Renata Domínguez
5.1387.H,5.1387,H,1,train,train,Qual cantora escreveu Sitio do Picapau Amarelo? A Demi Lobato.
5.2159.H,5.2159,H,1,train,test,"Qual heroína histórica era gótica? Joana ""Dark"" "
4.58.N,4.58,N,0,train,train,O que são cinco heróis coloridos num jardim? São os Flower Rangers.
5.315.H,5.315,H,1,train,test,Sabem qual árvore está conectada à internet? Ipê.
5.2977.N,5.2977,N,0,train,train,Qual escola só tem negão criança? Negro é tudo júnior.
5.727.H,5.727,H,1,train,test,Quando os norte-coreanos vão comemorar a Páscoa? Quando o KIM DER OVO.
4.100.N,4.100,N,0,train,train,A Anabela estava com prisão de ventre mas mesmo assim foi à sanita . Qual é o filme? Tentação.
4.139.N,4.139,N,0,train,train,O que são dois pontos pretos vistos ao microscópio? Uma bactéria e um protozoário.
5.3808.H,5.3808,H,1,train,test,Qual cantor mais cínico que existe? Cretino Di Capri.
4.179.H,4.179,H,1,train,train,Que nome se dá a um grupo de lobos numa loja de telemóveis? Alcatéis.
5.3109.H,5.3109,H,1,train,validation,Qual rap te provoca gases? Rap Olho.
5.2696.N,5.2696,N,0,train,train,Em qual guerra no Brasil os soldados lutavam pelados? Guerra Fria.
4.242.N,4.242,N,0,train,train,Porque é que os obstetras recebem menos do que os outros médicos? Porque trabalham menos horas.
4.663.N,4.663,N,0,train,train,Por que é que a professora usa óculos escuros na aula? Porque os seus olhos são sensiveis.
5.2379.N,5.2379,N,0,train,train,Qual a bebida preferida dos publicitários? Chá gelado
4.139.H,4.139,H,1,train,train,O que são dois pontos pretos vistos ao microscópio? Uma blacktéria e um pretozoário.
5.3509.H,5.3509,H,1,train,train,Qual é o cantor que tem problemas respiratórios? Erasma Carlos.
4.613.H,4.613,H,1,train,test,Por que é que o rádio não pode ter filhos? Porque é estéreo.
5.543.H,5.543,H,1,train,train,Qual o programa favorito do Faustão? Altas Orra Meu.
4.284.H,4.284,H,1,train,train,Porque é que os alemães são tão cavalheiros? Porque são gentealemã.
5.1349.N,5.1349,N,0,train,train,Qual é o contrário de volátil? Concreto.
5.3070.H,5.3070,H,1,train,test,"O que me disse o garçom argentino ao me ver no restaurante com uma coleira na mão? ""Tem perro?"""
2.19.N,2.19,N,0,train,validation,Todos morrem uma só vez . A Alanis também.
5.1175.N,5.1175,N,0,train,train,Por que as mulheres adoram sair pra comprar vestidos? Porque é muito DiVestido.
5.3720.N,5.3720,N,0,train,train,Qual político é mal arejado? Aécio Neves
5.235.H,5.235,H,1,train,train,Por que o Mickey comprou um sutiã? Patêta.
5.2721.N,5.2721,N,0,train,train,Qual personagem de Mario gosta de tirar os outros do poder? Princesa Peach.
5.2513.N,5.2513,N,0,train,train,Por que é recomendável ficar parado em um tiroteiro? Para não levar tiro à queima-roupa.
4.258.H,4.258,H,1,train,test,Que nome se dá ao Super-Homem quando ele vai à missa? Clark Krente.
5.3058.N,5.3058,N,0,train,test,Qual assassino possui um vasto conhecimento? John Wick.
5.3733.N,5.3733,N,0,train,validation,Qual é o esporte de praia que deixa a bola bêbada? Frescobol.
4.174.N,4.174,N,0,train,validation,O que é que o Xutos e Pontapés e um micro-ondas têm em comum? Nada!
5.1400.H,5.1400,H,1,train,train,Qual aplicativo os presidiários usam para fugir da prisão? Skype.
5.2250.N,5.2250,N,0,train,test,Qual fantasia que a vaca usou no Halloween? Vaca
5.1408.H,5.1408,H,1,train,train,Por qual pasta de dente você não paga nada? A Colgrátis.
5.2781.H,5.2781,H,1,train,train,Qual o nome do jogo que simula a vida de macacos em suas jaulas? The Simios
4.180.N,4.180,N,0,train,train,Comi um iogurte e vomitei a seguir . Devia ser iogurte estragado.
5.1419.N,5.1419,N,0,train,train,O que aconteceu com o Tony Stark quando ele disse que curtia sabão? Ele virou o homo de ferro.
5.4084.N,5.4084,N,0,train,test,O que o Stevie Wonder disse quando ficou cego? Vida que continue ...
4.151.N,4.151,N,0,train,test,Qual é a sobremesa que nunca sai direita? É a pavlova.
5.2187.H,5.2187,H,1,train,train,Qual é o cantor que tem muita dor no pé? Roberto Calos 
5.3839.H,5.3839,H,1,train,train,Qual o filme favorito do ator Jim Carney? Acém Ventura.
5.897.H,5.897,H,1,train,train,O que um japonês foi fazer na feira? Comprar mangá.
5.4034.H,5.4034,H,1,train,train,Por que o bispo ligou pro Ed às 5h da manhã? Pro Ed ir mais cedo.
3.14.N,3.14,N,0,train,test,Por que as plantas pequenas não falam? Porque elas são plantas.
5.3000.N,5.3000,N,0,train,train,Qual microorganismo gosta de evangelizar? Protozoário.
5.3664.H,5.3664,H,1,train,test,Em qual faculdade o negão só entrava pelado? Nutição.
5.2212.H,5.2212,H,1,train,train,"Qual é o filme do número primo, estrelado pela Emma Watson? As Vantagens de Ser Indivisível."
5.2397.H,5.2397,H,1,train,train,Qual o Podcast favorito desse canal? PODCASTRO.
5.2536.H,5.2536,H,1,train,train,Qual cantor brasileiro que joga futebol? Neymartogrosso
5.2362.N,5.2362,N,0,train,train,Qual é o tipo de gol que vale uma fortuna no mercado? Gol de letra.
5.724.H,5.724,H,1,train,test,Por que o 14 é melhor que o 15? Porque ele é fortinho.
5.564.H,5.564,H,1,train,train,Qual pássaro vive depressivo? Pardown.
5.3840.N,5.3840,N,0,train,train,Do que é feita a casa de Deus? De alvenaria.
5.2014.H,5.2014,H,1,train,train,Em que parte do casa todos se encontram? Na área de ser visto 
5.631.N,5.631,N,0,train,test,Qual ala da escola de samba é responsável pela despedida do desfile? A ala da bateria
5.1815.N,5.1815,N,0,train,train,Qual cantora apaga tudo que escreve no computador? A Anitta.
5.1662.N,5.1662,N,0,train,train,A Maria Aparecida e a Suellen foram patentear o maior instrumento de desenho utilizado em obras civis e que também pode ser usado para fazer linhas retas verticais com precisão para 90 ° . Qual o nome do filme? O Pianista.
5.140.H,5.140,H,1,train,test,Qual cantor nunca fica preso? MC Livrinho.
4.718.N,4.718,N,0,train,train,"Vai ser lançada uma biografia sobre o Eusébio  . Vai chamar-se "" A Minha Vida Tim Tim por Tim Tim ""."
4.523.N,4.523,N,0,train,validation,Qual é o canal preferido dos dálmatas? É o Canal dos cães.
4.706.H,4.706,H,1,train,train,Qual é o lema do Instagram? Carpe DM.
5.4079.H,5.4079,H,1,train,train,Onde as pessoas andam sem roupa? Nudes erto.
5.3380.H,5.3380,H,1,train,test,Qual atriz quer se vingar dos outros? Irene Revanche.
4.458.H,4.458,H,1,train,test,"Como se diz ""mini-saia"" em japonês? Vi To Ku."
5.1009.H,5.1009,H,1,train,test,O que o 7 perguntou pro amigo dele? Cê vem?
5.2156.N,5.2156,N,0,train,validation,Qual comida sobreviveu ao naufrágio do Titanic? Pudim
5.3010.N,5.3010,N,0,train,train,Qual cantor é fera em matemática? Carlos Drummond de Andrade.
5.608.H,5.608,H,1,train,train,Qual é a cantora mais massa que existe? Spagretchen.
4.526.H,4.526,H,1,train,train,De que marca é a roupa do Pinóquio? Ele ment.
5.3138.N,5.3138,N,0,train,train,Qual a marca mais materialista que existe? A Mercedes-Benz.
5.2211.N,5.2211,N,0,train,train,"Qual é o filme da Marvel em que um pão vence outro pão, mas oferece uma chance de empate? Homem de Ferro."
5.3026.H,5.3026,H,1,train,train,Qual estado americano é um saco de viver? Utah que o pariu!
5.3639.N,5.3639,N,0,train,train,"Qual poção você toma e desapega, desapega? O de invisibilidade."
4.364.H,4.364,H,1,train,train,O que diz um ouriço quando entra na casa de banho? Cacheiro!
5.543.N,5.543,N,0,train,train,Qual o programa favorito do Faustão? Altas Horas.
5.912.H,5.912,H,1,train,train,Qual é a parte do computador que não é do bem? O mouse.
5.2449.N,5.2449,N,0,train,validation,Qual é o pintor que vai para Aparecida a pé? O Di Cavalcanti.
5.3465.N,5.3465,N,0,train,train,Qual o mamífero aquático gaúcho? Golfinho.
5.2140.N,5.2140,N,0,train,train,Por que a irmã ficou doente depois de pregar muito? Porque ficou com disenteria.
5.1593.N,5.1593,N,0,train,train,Qual é o filme da Xuxa que se passa em um bosque? Xuxa e os Duendes.
5.1667.N,5.1667,N,0,train,train,Qual o penteado que te faz espetar os dedos? Moicano
4.251.N,4.251,N,0,train,train,O meu tio foi trabalhar nas obras . Eu chamo-lhe Ti João.
5.3703.N,5.3703,N,0,train,test,Que atriz trabalha como lixeira? Mia Goth.
5.349.N,5.349,N,0,train,train,Qual o militar mais romântico que já existiu? Marechal Teodoro da Fonseca
4.471.H,4.471,H,1,train,train,"Há duas palavras que podem abrir muitas portas ao longo da vida: ""Puxe"" e ""Empurre""."
5.2951.N,5.2951,N,0,train,train,Qual é o personagem de Chaves que gosta de ficar rodando bolas? O Professor Gira Falos.
5.2592.H,5.2592,H,1,train,train,Qual a composição do peido do Papa? 100% benzeno.
5.2613.N,5.2613,N,0,train,train,Por que ninguém suportava o caipira que pilotava um caça? Porque era um chato de galocha.
4.701.N,4.701,N,0,train,train,"Estou a arranjar um frango e acabei de comer a última coxa . Esperem, afinal era a penúltima."
5.758.N,5.758,N,0,train,train,Qual o chá que ninguém gosta? Boldo.
4.161.N,4.161,N,0,train,train,Qual é o filme mais triste de sempre? O Titanic . Morreram todos.
5.160.N,5.160,N,0,train,train,O que o italiano disse quando entrou na pirâmide? Múmia
5.2286.N,5.2286,N,0,train,train,Como se chama a atriz que um dia se tornará escrota? Crota
4.301.N,4.301,N,0,train,validation,Detesto álcool puro . É que quando está do outro lado eu não consigo beber.
5.1722.H,5.1722,H,1,train,train,Qual personagem do Monteiro Lobato era fã de Just Dance? Tia Anastasia.
5.3383.H,5.3383,H,1,train,train,Qual peixe não devemos fritar? Assar dinha.
5.3538.N,5.3538,N,0,train,train,Qual o meio de transporte mais personalizado que existe? É o elevador.
5.1074.H,5.1074,H,1,train,train,Qual inseto vai em cima da letra? Acentopeia.
4.196.N,4.196,N,0,train,train,Onde é que os eletrões moram? Na eletroesfera.
4.424.H,4.424,H,1,train,test,"Como se diz ""hemorróidas"" em japonês? Doku Sai Sang."
5.33.H,5.33,H,1,train,validation,Qual super herói tem tudo para a sua construção? Herói Mêrlín.
5.84.H,5.84,H,1,train,train,Qual é o policial que também trabalha em obras? Capitão Maiscimento.
5.514.N,5.514,N,0,train,train,"Qual a bebida do Alexandre, o grande? Cachaça."
5.436.N,5.436,N,0,train,train,Quando o Coringa ficou rico? Quando jogou e acertou na loteria.
5.583.N,5.583,N,0,train,train,Qual o unico técnico de futebol que temos certeza que é desse planeta? Jorge Jesus.
5.3634.H,5.3634,H,1,train,train,Qual comentarista que fede a bicho? Arnaldo Cheira a Coelho.
5.260.H,5.260,H,1,train,train,Qual é o carro sem preconceito? Tempra. Porque tempra todas as pessoas.
5.3169.H,5.3169,H,1,train,train,Que rainha rosna como música? Queen Lati Fa.
5.1470.H,5.1470,H,1,train,train,"Por qual crime, a Alemanha pode ser presa? Um sete a um."
4.267.N,4.267,N,0,train,validation,"Quando o menino chegou a casa, a mãe dele vira-se: Limpa os pés que estão cheios de Terra."
5.3767.H,5.3767,H,1,train,validation,Cantor que adora uma secretária eletrônica? Paulo Recado 
5.1462.N,5.1462,N,0,train,validation,Qual o jogo preferido da galera de Stranger Things? FIFA.
4.628.N,4.628,N,0,train,train,Por que é que a cobra trabalha no cabeleireiro? Porque ela gosta de se pentear.
5.2468.N,5.2468,N,0,train,train,Qual é o Rapper que toca sempre as mesmas músicas? Soulja Boy.
5.1030.N,5.1030,N,0,train,train,"Qual o jogo favorito da Dona Florinda? Pedra, papel e tesoura"
4.427.H,4.427,H,1,train,train,Ao gajo que inventou o zero: Obrigado por nada!
5.2118.N,5.2118,N,0,train,train,Por que o rapaz jogou a mulher no forno na hora do sexo? Porque ela era sadomasoquista
5.1426.H,5.1426,H,1,train,test,Sabe por qual site de emprego é o pior lugar para se encontrar trabalho? Porque as informações são vagas.
5.1905.N,5.1905,N,0,train,validation,Por que o cebolinha não prestou atenção nas instruções da comissária? Porque ele já sabe.
5.184.H,5.184,H,1,train,train,Qual é o cantor que acha tudo um exagero? Agnaldo Too Much.
4.104.H,4.104,H,1,train,test,Qual é a consola de jogos preferida dos polícias? Wii U! Wii U! Wii U! Wii U!
4.318.N,4.318,N,0,train,train,Vira-se um guitarrista para um baixista: Então o que fazes aqui por estas paragens?
5.551.H,5.551,H,1,train,train,Qual marca de celular da galera que vai à praia de nudismo? Samsumga.
4.618.N,4.618,N,0,train,train,Ninguém espera por mim . Exceto o João Silva.
5.2464.N,5.2464,N,0,train,train,Você sabe por que as pessoas usam óculos vermelhos? Para enxergar melhor.
5.3991.N,5.3991,N,0,train,train,Por que levaram a cadeira pra Igreja Universal? Porque ela tem conforto.
4.528.N,4.528,N,0,train,train,Como é que os professores de matemática se mantêm em forma? Com exercício.
5.1397.H,5.1397,H,1,train,train,Qual é o personagem da Marvel que é um pão? Breadpool.
4.259.H,4.259,H,1,train,train,O que é que acontece quando o Frodo morre? Passam-lhe uma certidão de Hobbit.
5.663.N,5.663,N,0,train,train,Por que tem eleição no mundo das aves? Porque a águia.
5.178.H,5.178,H,1,train,train,Qual é o posto de gasolina preferido nos anos 60? Posto Hippieranga.
5.3300.N,5.3300,N,0,train,train,Qual é o animal que regurgita muito? Mosca.
5.4012.N,5.4012,N,0,train,test,O que o hipopótamo fez com a casa dele? Vendeu.
5.245.H,5.245,H,1,train,train,Qual é o cantor que está sempre perdido? Estive onde?
5.938.H,5.938,H,1,train,validation,"Qual é o carro que quando toca música, é perfeito para os matemáticos? Logan Ritmo."
5.2504.N,5.2504,N,0,train,train,Qual é o órgão público representado por um anão político? Ministério.
5.1860.N,5.1860,N,0,train,train,Por que o cara criado pela avó parece filme de cinema? Porque é ingênuo.
5.808.H,5.808,H,1,train,train,Por que o caminhão pipa só andava com as rodas de trás?  Porque ele gostava de empinar.
5.2595.H,5.2595,H,1,train,train,Qual animal que gosta muito de você? Lheama.
5.3897.H,5.3897,H,1,train,train,Qual o programa favorito dos trabalhadores autônomos? Não quero mais ter chefe.
4.225.H,4.225,H,1,train,test,"Qual é o animal mais feliz? É o porco. Mesmo depois de morto, está de bacon a vida."
5.3484.H,5.3484,H,1,train,train,Qual orixá vive no gelo? Oxalásca.
5.2767.H,5.2767,H,1,train,test,Qual banda faz protesto nos blocos de carnaval? Rage Against the Marchinha
5.809.H,5.809,H,1,train,train,O que a Xuxa foi fazer no bar?  Foi beber ca Sasha.
5.1595.H,5.1595,H,1,train,train,O que acontece quando uma turma de cegos se forma? Um braille de formatura
5.3827.N,5.3827,N,0,train,train,Qual o mês favorito do surfista? Dezembro.
5.837.N,5.837,N,0,train,train,Qual o maior órgão feminino? Pele.
5.2366.N,5.2366,N,0,train,train,Qual é o esporte não recomendado a quem tem pressão alta? Futebol.
5.3492.H,5.3492,H,1,train,train,"Qual a banda que, quando nasceu, era alimentada por criminosas? Mamou nas assassinas."
4.488.H,4.488,H,1,train,validation,"Eu não tenho mania das limpezas! Desculpem lá, era só para deixar tudo em pratos limpos."
5.1937.H,5.1937,H,1,train,train,Qual é a nave que quem nasceu até a década de 70 não pode entrar? Millenial Falcon 
5.2412.H,5.2412,H,1,train,validation,"Qual é o doce que luta artes marciais? A ""iá!"" Benta"
4.245.N,4.245,N,0,train,test,Que se diz a um homem que via mas agora já não vê? Tu vias.
5.170.H,5.170,H,1,train,train,Qual é a carne que foi multada por excesso de velocidade? Acém.
5.3275.N,5.3275,N,0,train,train,Qual jogo de adulto mais infantil que existe? Poker.
5.3597.N,5.3597,N,0,train,train,Qual atriz cômica tem mania de reparar do pescoço das pessoas? Tara ver neck.
5.1434.H,5.1434,H,1,train,train,Por que o queijo estava estudando matemática? Para encontrar o cheese da questão.
5.3564.H,5.3564,H,1,train,train,Qual é a raça de cachorro que mais dorme? São Hibernardo.
4.222.N,4.222,N,0,train,train,Que nome se dá a um dos ingredientes principais na dieta de um vegan? Rebento de soja.
5.3145.H,5.3145,H,1,train,test,Qual a comida preferida do paciente com Ebola? É bolacha.
5.3228.H,5.3228,H,1,train,train,Qual o nome do argentino que criou uma lei de incentivo? Juan E.
4.556.N,4.556,N,0,train,train,Qual é o melhor sítio para se cozer um ovo? Panela.
4.490.H,4.490,H,1,train,train,Há 10 tipos de pessoas no mundo. As que percebem de números binários e as que não percebem.
4.150.H,4.150,H,1,train,train,Qual é a temperatura de um leão morto? 360º. Porque ele é uma ex-fera.
5.1020.H,5.1020,H,1,train,train,O que é o número 5 no cinto? Five la
4.124.H,4.124,H,1,train,train,Porque é que o pescador alentejano bateu na rocha? Navio.
4.103.N,4.103,N,0,train,train,Qual é a única coisa que se faz sempre em numeração romana? MCLXIV.
4.30.H,4.30,H,1,train,validation,Hoje vi um maluco escondido debaixo do tapete. Era um doido varrido.
5.2952.N,5.2952,N,0,train,train,Qual é o nome do programa que o Sílvio Santos passou a fazer no parque? Roda a Roda Jetski.
4.512.H,4.512,H,1,train,validation,"A minha vida sexual é como a Coca-Cola. Dantes era normal, depois ficou light e agora é zero."
5.3154.H,5.3154,H,1,train,train,Qual carro não pode faltar no feijão? Fiat Paio.
5.2853.H,5.2853,H,1,train,train,Qual fruta não gosta de vento? A Bana não 
5.3494.H,5.3494,H,1,train,train,Qual o programa favorito do proctologista? Programa do Retinho.
5.2027.N,5.2027,N,0,train,test,Qual comediante faz balé? Gregório Duvivier
5.71.N,5.71,N,0,train,test,Qual é o cachorro que mergulha muito? Setter Irlandês.
4.516.N,4.516,N,0,train,train,Era uma vez uma mulher que partiu a perna ao filho . Não tinha açúcar  para pôr no bolo.
4.611.H,4.611,H,1,train,train,"Como se diz ""tripa de boi"" em espanhol? Intestino del gado."
4.89.N,4.89,N,0,train,test,"Como é que se diz "" ano "" na Índia? वर्ष."
5.2248.H,5.2248,H,1,train,test,Por que Sherlock Holmes foi até à corrida de Formula 1? Pra ir atrás de uma pista 
5.632.N,5.632,N,0,train,test,A Manuela anda com a foto de São Pedro no carro pra evitar que ele quebre . Por quê? PORQUE A MANUELA É DEVOTA
4.555.N,4.555,N,0,train,train,Quando é que os carros não trabalham? Quando não têm energia.
5.1158.H,5.1158,H,1,train,train,Qual o presidente que foi beber água e não achou nada? Marechal Deodoro da Fonte Seca.
5.438.H,5.438,H,1,train,train,Qual é a hóstia do espiritismo? Alma chips.
5.1253.H,5.1253,H,1,train,train,De qual cartão as pessoas mais fazem uso nas fronteiras? De Visa.
5.1461.N,5.1461,N,0,train,train,Qual o carro favorito do fotógrafo? Uno.
5.1921.N,5.1921,N,0,train,train,O que o padeiro metido a engraçadinho faz no trabalho? Pão de forma.
5.1925.H,5.1925,H,1,train,test,Onde as crianças procuram emprego? no Brinked in 
5.376.N,5.376,N,0,train,train,Qual é o banco do espanhol? Satander
4.177.H,4.177,H,1,train,train,"Porque é que o Dobby, o elfo doméstico, recebeu uma peúga do Harry Potter? Porque o Dobby nunca teve o mesmo jeito com as mulheres que o seu primo, o Elfo Dilhão."
5.1220.N,5.1220,N,0,train,test,Por que só vou à restaurante Self Service? Porque tem tudo aquilo que eu gosto.
5.2529.N,5.2529,N,0,train,train,Por que não tinha nenhum outro animal na ilha dos macacos? Porque ele era sozinho.
5.2166.N,5.2166,N,0,train,train,Qual cantor era lobisomem? O Wando
5.1742.H,5.1742,H,1,train,train,Qual o cachorro que adora fazer manobras radicais na água? O Pitchibum
5.1547.H,5.1547,H,1,train,test,Qual esporte que sempre te ajuda? F1
5.1639.H,5.1639,H,1,train,train,Qual a série mais refrescante? Halls of Cards.
5.1207.H,5.1207,H,1,train,test,Qual a roupa que o alfaiate precisa calcular antes de cortar? Calça Boca de Seno.
4.270.H,4.270,H,1,train,validation,Quanto espaço vai ficar livre na União Europeia depois do Brexit? 1 GB.
5.1523.H,5.1523,H,1,train,test,Qual parte do corpo que te torna um Deus? Be God.
5.3899.H,5.3899,H,1,train,train,Qual o programa preferido dos filhinhos do Drácula? Tv Globulinho.
5.2757.H,5.2757,H,1,train,train,Porque ninguém ria do Pântano? Pq não tinha Garça nenhuma
5.3831.H,5.3831,H,1,train,test,Que número sempre pede desculpas? 5 muito.
5.1055.H,5.1055,H,1,train,train,Por que não reconheceram o carbono no avião?  Porque ele estava usando uma máscara de oxigênio.
5.2076.H,5.2076,H,1,train,train,Qual é a ave moderna que curte macumba? Pomba Gíria
4.88.N,4.88,N,0,train,train,Fiz uma música sobre uma tortilha . É um sucesso.
5.2742.H,5.2742,H,1,train,train,Como as abelhas seduzem os zangões? Elas fazem PÓLEN DANCE
5.1839.H,5.1839,H,1,train,validation,Qual é o feriado que celebra o parceiro que não liga para a vida sexual pregressa do outro? Independe se dei
5.3245.H,5.3245,H,1,train,train,Qual programa é apresentado numa árvore? Em tronco com Fátima Bernardes.
4.416.N,4.416,N,0,train,test,Que ator é o maior pão de Hollywood? O William Pitt.
4.357.N,4.357,N,0,train,train,"Era uma vez um gajo que comia tantas belgas, mas tantas belgas, que um dia ficou com o intestino inflamado."
5.3265.N,5.3265,N,0,train,train,Qual produto de limpeza limpa a fundo? Água sanitária.
5.1047.H,5.1047,H,1,train,validation,Qual ilha chove muito? Ilhaumbrella
5.437.N,5.437,N,0,train,train,Qual banda é formada por profissionais que viviam fazendo doações? Paralamas do Sucesso
4.460.N,4.460,N,0,train,test,O que é um tera? São 1024 gigas.
4.133.H,4.133,H,1,train,train,Que nome se dá a um boi que arranjou trabalho? Empre-gado.
4.503.H,4.503,H,1,train,test,Em que sítio não se bate antes de entrar? Banco de esperma.
5.1783.H,5.1783,H,1,train,train,Por que os Vikings em Far Cry não andam de taxi? Porque viking vai por uber.
4.27.H,4.27,H,1,train,train,"Existem três tipos de camelos: com uma bossa, com duas bossas, bossaexcelência."
4.71.N,4.71,N,0,train,test,Porque é que uma mulher pediu a noz-moscada ao filho na cozinha? Porque não tinha canela para pôr no bolo.
5.2224.N,5.2224,N,0,train,train,Como a cobra conseguiu um trabalho? Mandando currículo
5.1898.N,5.1898,N,0,train,train,Por que fechou a loja de óculos? A situação estava difícil.
5.2969.H,5.2969,H,1,train,validation,"Qual a atriz que seu amigo tem certeza que não é quem vocês estão pensando? Larissa, Ma no é ela!"
4.350.H,4.350,H,1,train,train,Que nome se dá a um divórcio de bananas? Banana-split
4.592.N,4.592,N,0,train,train,"O que é que um homem faz com a mulher num Mercedes? O homem reza, a mulher ora e o Mercedes anda."
5.555.H,5.555,H,1,train,test,Qual o sanduíche preferido da turma do Chaves? X-pirito.
4.356.H,4.356,H,1,train,validation,O Rodolfo adoeceu e o Pai Natal não vai conseguir entregar as prendas. Teve uma insuficiência renal.
4.733.H,4.733,H,1,train,train,Há anos que procurava um cavalo que bebesse vinho. Para encontrar um foi preciso ir a cascos de rolha.
4.162.H,4.162,H,1,train,train,"Porque é que o papel higiénico atravessou a estrada? Não conseguiu, ficou preso numa racha."
5.1344.N,5.1344,N,0,train,train,Qual herói ajudou Frodo em sua jornada? O Aragorn.
5.3586.N,5.3586,N,0,train,train,Por que quando chove pedra elas caem todas certinhas? Porque é bonito.
4.276.H,4.276,H,1,train,train,Uma mulher tropeça e cai em cima de um cão. Qual é o filme? Senta em um dálmata.
5.3420.N,5.3420,N,0,train,train,Qual desenho não é feito pro filho? Big Mouth.
5.21.N,5.21,N,0,train,test,Por que a estante não se move? Porque ela é pesada.
5.990.N,5.990,N,0,train,train,Qual profissional é incumbido de tirar as medidas de mortos? Medi Colegista.
5.2548.H,5.2548,H,1,train,train,"O que o velho vaidoso disse em frente ao espelho? Vai, idoso!"
5.2288.N,5.2288,N,0,train,validation,Qual é o personagem da Disney que impressiona muito quando você encontra? O Pato Donald
4.304.H,4.304,H,1,train,test,Qual é a festa que anda aí de boca em boca? É a afta party!
5.1569.N,5.1569,N,0,train,train,Qual é o filme protagonizado por Jim Carrey e um cigarro? Ace Ventura.
5.178.N,5.178,N,0,train,train,Qual é o posto de gasolina preferido nos anos 60? Posto BR.
4.286.H,4.286,H,1,train,test,O que e que os putos hiperativos comem ao pequeno-almoço? Ovos mexidos.
5.3060.H,5.3060,H,1,train,train,Qual o nome do assassino voador? Alexandre Nadrone.
5.739.N,5.739,N,0,train,train,Como o cara sabe em qual dia a mulher dele vai dar pra outro cara? Através do calendário!
4.736.N,4.736,N,0,train,train,"Que cantor português interpreta o êxito "" O bacalhau quer alho ""? Saúl."
5.1870.N,5.1870,N,0,train,test,O que você precisa fazer quando perde a senha? Recorrer a recuperação de senha.
5.1622.N,5.1622,N,0,train,train,Qual a enciclopédia mais fraca do mundo? Barsa
5.3033.H,5.3033,H,1,train,train,Qual o único apresentador que usa aliança? Anel só o Rubens.
5.1023.N,5.1023,N,0,train,test,Que jogo o alfaiate observa? Mortal Kombat
4.410.N,4.410,N,0,train,train,Ontem apanhei um homem verde gigante a assaltar-me a casa . Virei-me para ele e disse: O que julgas que estás a fazer?!
5.847.H,5.847,H,1,train,test,Qual a canção favorita de quem tem um Nintendo? Switch Child O'Mine.
5.418.H,5.418,H,1,train,test,Quantos chocolates são necessários para voar? 14 bis
4.591.H,4.591,H,1,train,train,Alguém quer comprar um barómetro avariado? Sem pressão...
4.265.N,4.265,N,0,train,train,Onde é que o mosquito faz as suas orações? Na Igreja.
5.3465.H,5.3465,H,1,train,train,Qual o mamífero aquático gaúcho? Bah leia Ju bah tchê.
5.736.H,5.736,H,1,train,test,Qual membro do governo começou a fumar? Primeiro Minister
4.193.N,4.193,N,0,train,test,"Hoje, vinte mulheres convidaram-me a sair do WC . Nunca mais entro no WC das mulheres."
5.1147.N,5.1147,N,0,train,train,Por qual carro o homem sente muito tesão? Celta
5.3732.N,5.3732,N,0,train,test,Qual caneta gosta de dar conhecimento às pessoas? Caneta de quadro.
5.3953.N,5.3953,N,0,train,validation,"Que movimento político ficou de apurar os fatos históricos, mas mentiu de certa forma? Revisionismo."
1.5.H,1.5,H,1,train,train,Por que a galinha bateu a cabeça contra a parede? Para ficar com um galo.
5.460.N,5.460,N,0,train,train,Qual a personagem mais temperada das HQs? Dora
5.239.N,5.239,N,0,train,validation,O que o cantor sertanejo foi fazer no RH? Foi ser demitido por incompetência.
4.208.H,4.208,H,1,train,train,O que é um exfoliante? É um fulano que já não vai mais a festas.
5.2711.N,5.2711,N,0,train,train,Qual banda de pagode sempre tocava quando a gente tomava sol? Sorriso Marroto.
4.191.N,4.191,N,0,train,train,Qual era o atum mais vendido na Jugoslávia? Era a Yellowfish.
5.2142.H,5.2142,H,1,train,train,Por que os jogadores de vôlei estão sempre no foco da notícia? Porque eles são bons na manchete 
4.722.H,4.722,H,1,train,train,O último membro da família Tino morreu. Qual é o filme? O Último dos Tino.
5.1538.H,5.1538,H,1,train,test,Qual cara que tira fotos comprometedora dos ricos para dar pros pobres? Robin Nudes.
4.334.H,4.334,H,1,train,test,Porque é que na torradeira só cabem duas fatias de pão? Porque são tworradas.
5.581.H,5.581,H,1,train,train,Por que o Hulk tem dificuldade de trocar o canal da TV? Porque ele sempre perde o controle.
4.602.N,4.602,N,0,train,train,"Qual é o melhor remédio para um bêbado parar de beber? É um "" café ""."
4.396.H,4.396,H,1,train,validation,Com o que é que os dinossauros enchem o depósito? Com combustível fóssil.
5.2258.N,5.2258,N,0,train,train,Qual a bebida que sabe esperar? Cachaça
5.1756.H,5.1756,H,1,train,train,O quê o ciclista foi fazer nos correios? Comprar um selim
5.1228.H,5.1228,H,1,train,train,"Por que durante o naufrágio, só três pessoas se jogaram do navio? Porque eram three pulantes."
5.854.H,5.854,H,1,train,train,Qual o nome do japonês que abriu uma madeireira? Yamamoto Serra.
4.531.H,4.531,H,1,train,train,Porque é que a Lassie ganiu? Porque estava cheia de collie-cas.
4.688.N,4.688,N,0,train,train,Como é que se chama a neta do Super Mario? Maria.
5.2772.H,5.2772,H,1,train,train,Qual o jogo feito para fãs de modelos de carros da Chevrolet? The Legends of Celta
4.261.N,4.261,N,0,train,train,Porque é que os meninos não jogam voleibol? Porque têm medo da rede.
5.2062.H,5.2062,H,1,train,train,Por que o filme do Pinóquio ficou com a moral distorcida quando a criança foi ver em casa? Porque só mente nos cinemas 
4.96.H,4.96,H,1,train,train,Que nome se dá a um cacto engraçado? Ri-cardo.
5.2524.N,5.2524,N,0,train,train,Qual banda dos irmãos perdedores? Loser Manos.
5.318.N,5.318,N,0,train,train,Qual alimento que a mulher do filho queria ser? Batata.
5.2294.H,5.2294,H,1,train,test,Qual o astrônomo que tinha muita espinha? IsaAC NEwton
4.125.N,4.125,N,0,train,validation,O que é que os russos dizem quando mandam uma bola ao cão? Vai!
5.704.H,5.704,H,1,train,train,Qual cerveja é comum nos navios? Skol Tilha.
5.863.N,5.863,N,0,train,train,Qual árvore ficou de saco cheio e mandou você embora? Bonsai.
5.2779.H,5.2779,H,1,train,train,Qual inseto toma muito chá? Marimboldo
5.345.N,5.345,N,0,train,validation,Qual banda que torce pra polícia não acertar? Police.
5.977.H,5.977,H,1,train,train,Qual banda pede socorro? Iron Mayday.
4.353.H,4.353,H,1,train,train,Que nome se dá a um boneco de neve com um sixpack? Abdominável homem das neves.
5.1233.H,5.1233,H,1,train,train,Por que a criança voltou da casa dos avós sem a mão? Porque era má neta.
5.1186.N,5.1186,N,0,train,train,"O que o cliente disse ao arquiteto depois do bom trabalho realizado? Obrigado, eu estava precisando de algo bem feito na minha vida."
5.2226.N,5.2226,N,0,train,train,Por que se ouvia uma nota quando neandertal batia em suas presas? Porque usava uma pedra
5.2922.H,5.2922,H,1,train,train,No que trabalha o trator quebrado? Ex tração
5.2404.N,5.2404,N,0,train,train,Qual é o estado que queria ser um carro? São Paulo.
5.1931.H,5.1931,H,1,train,train,Qual é o tipo de calça favorita do Muçum? Caciljeans
5.978.N,5.978,N,0,train,test,Qual é a novela em que Eva zoa Adão? Gênesis.
4.198.H,4.198,H,1,train,train,"Porque é que a febre tifóide é tão perigosa? Porque ou tu a curas, ou ela tifóide mesmo."
4.370.H,4.370,H,1,train,validation,"É boa ideia comprar um relógio em forma de peixe? Não, é uma perca de tempo."
4.513.H,4.513,H,1,train,validation,"Qual é o país mais geométrico? Portugal, porque é um país retangular, com problemas bicudos, discutidos em mesas redondas por bestas quadradas."
5.2492.N,5.2492,N,0,train,train,Por que o alfaiate foi expulso da balada? Porque ele brigou.
5.1049.N,5.1049,N,0,train,train,Qual bebiba te dá superpoder? Energético.
3.15.H,3.15,H,1,train,train,Sabe por que a panela procurou um terapeuta? Porque é uma panela depressão.
5.228.N,5.228,N,0,train,validation,Qual é o melhor lugar para pedir informações sobre prostitutas? Na Paralela.
5.3298.N,5.3298,N,0,train,train,Qual cara que trabalhava com computadores e começou a salvar judeus? Analista de Sistemas.
3.17.H,3.17,H,1,train,train,Que nome se dá a uma ferramenta perdida? Foice.
5.2644.H,5.2644,H,1,train,test,Qual cantor adora poker? Bob Dealer..
5.2004.N,5.2004,N,0,train,train,Qual grupo de comédia que faz consultoria de investimentos? Porta dos Fundos
4.519.H,4.519,H,1,train,test,Um parto não costuma demorar muito tempo. Mas para as grávidas parece maternidade.
4.267.H,4.267,H,1,train,train,"Quando o ET chegou a casa, a mãe dele vira-se: Limpa os pés que estão cheios de Terra."
4.78.N,4.78,N,0,train,validation,Como se chama um homem sem mão? Maneta.
5.1256.N,5.1256,N,0,train,train,Como se pratica a modalidade em que seis filósofos tem que nadar seis estilos diferentes? Só seis que nadam seis.
5.1618.N,5.1618,N,0,train,train,Qual é o resultado do amor entre duas câmeras? Um retrato.
5.3272.H,5.3272,H,1,train,train,Qual a comida favorita do ET? Ovine de Codorna.
4.696.H,4.696,H,1,train,train,"Acabei de comprar um livro chamado ""Caminhadas para Totós"". É um guia passo a passo."
5.2944.N,5.2944,N,0,train,test,"Qual foi o aviso que Hermione deu para avisar que um colega reprovou na prova? "" Lucius reprovou . """
5.2612.H,5.2612,H,1,train,train,Qual música tem coreografia diurética? A dança do maisxixi.
5.3100.H,5.3100,H,1,train,train,Qual biografia do Bin Laden que virou filme de sucesso em Hollywood? O lado BUM da vida.
4.525.H,4.525,H,1,train,test,Porque é que não há hipopótamos no polo norte? Por causa da hipopotermia.
5.531.H,5.531,H,1,train,train,"Qual verdura, quando você provoca ela fica muito nervosa? A incrível Rúcula."
5.2334.N,5.2334,N,0,train,train,Qual é o locutor esportivo que fica sempre chamando as pessoas? Silvio Luiz.
5.928.H,5.928,H,1,train,train,Qual o jogo favorito do mágico? Cartola
5.3030.N,5.3030,N,0,train,train,Qual a cidade americana que não sabe dar match em mim no tinder? Nova York.
4.5.N,4.5,N,0,train,test,Hoje caí e entornei meu leite com chocolate . Molhei-me todo.
5.3635.H,5.3635,H,1,train,train,Qual é o nome do jogo de luta que só se pode jogar tomando tequila? Tequila of Fighters.
5.2255.H,5.2255,H,1,train,train,Qual é o doce preferido do advogado gaúcho? Doce de LeiTche 
5.1353.H,5.1353,H,1,train,test,Qual é a doença preferida dos jogadores de futebol? Ê bola.
5.1229.N,5.1229,N,0,train,test,Qual casal gosta de bonecos? Caio e Andréia.
5.1531.H,5.1531,H,1,train,test,Qual é o pão que é um pão? Bread Pitt.
5.1922.N,5.1922,N,0,train,validation,Qual vilão de cinema gosta de chocolate? Gru.
5.2597.H,5.2597,H,1,train,train,Qual seria a profissão perfeita para o Tony Tornado? Promotor de eVENTOS.
5.3224.N,5.3224,N,0,train,train,Qual comediante comentou sobre a Páscoa em seu texto? Leandro Hassum.
5.2722.H,5.2722,H,1,train,test,"Como o Sílvio Santos anunciaria o fim dos Vikings? ""Ragna...ro-quê!"""
4.35.H,4.35,H,1,train,test,Quem é a mulher mais sexy do mundo? A Irmã Lúcia. Foi a única mulher que fez vir o Papa.
5.1076.N,5.1076,N,0,train,train,Onde a gente baixa um espírito no computador? Na LAN House.
5.1626.N,5.1626,N,0,train,train,Qual é a marca de eletrodomesticos de que os políticos mais gostam? Consul.
5.2128.H,5.2128,H,1,train,validation,Qual música da Sandy e Jr. tem modulação harmônica? Vamo pro Lá 
4.386.H,4.386,H,1,train,train,Um homem vai ao Jumbo e compra 11 coisas. Qual é o filme? Auchan's eleven.
4.321.N,4.321,N,0,train,train,O que é que uma gata com o cio diz aos gatos? Até logo.
5.636.H,5.636,H,1,train,train,Qual a parte do corpo favorita do Muralha? Es toma gol.
5.2225.H,5.2225,H,1,train,test,Por que a mulher chorou muito quando roubaram uma de suas joias? Porque foi uma Perda Preciosa
4.157.H,4.157,H,1,train,validation,Porque é que o 2 e o 3 não podem casar? Porque são números primos.
5.898.H,5.898,H,1,train,train,"Um sujeito passava com uma pizza pela orla, quando viu  Dona Rita se afogando no mar. Qual era o sabor da pizza? Mar quer rita"
5.387.H,5.387,H,1,train,validation,Por que a gasolina é muito cara? Porque tem muito emposto.
4.719.N,4.719,N,0,train,train,""" Que olhos que tu tens! "" - Pitágoras"
5.1335.H,5.1335,H,1,train,validation,Qual é o youtuber que mais economiza na luz? O Jovem Led.
5.2684.H,5.2684,H,1,train,test,"O que a mulher do Einstein falava muito pra ele? Uau, que físico!"
5.342.H,5.342,H,1,train,train,Qual o sambista que gosta de zoar os outros? O CarTROLA.
5.3221.H,5.3221,H,1,train,train,Qual cantor só dá mancada? Jorge Vacilo.
5.406.N,5.406,N,0,train,train,Como se chama o amigo japonês da dentadura? Hashi.
4.457.H,4.457,H,1,train,validation,Ontem fui ao zoo e vi a minha empregada doméstica numa jaula. O gajo do zoo disse-me que era criada em cativeiro.
5.3421.N,5.3421,N,0,train,test,Qual a escola de samba favorita do Zeca Pagodinho? Mocidade independente de Padre Miguel.
4.699.N,4.699,N,0,train,train,O telemóvel da cobra não toca . Treme.
5.1506.H,5.1506,H,1,train,test,Qual é o funkeiro que embriaga as pessoas?  MC QUER VINHO
5.4073.H,5.4073,H,1,train,validation,Qual aeroporto foi feito para arrecadar dinheiro? Confins lucrativos.
4.411.H,4.411,H,1,train,train,Alpinistas? Há por aí aos montes.
5.924.H,5.924,H,1,train,test,Qual é o jogo de cartas favorito dos policiais depois das manifestações?  Truco lento.
4.237.N,4.237,N,0,train,train,O que é um elfo muito gordo? É um obeso.
4.109.N,4.109,N,0,train,validation,Que nome se dá a um cão que vai à missa? Cão crente.
4.236.H,4.236,H,1,train,train,"Hoje encontrei uma minhoca no chão, mas ela estava a dormir. Era uma dorminhoca."
4.311.N,4.311,N,0,train,validation,Porque é que a escrita está inclinada? Porque está em itálico.
5.276.H,5.276,H,1,train,train,Por onde a rã fugiu? Pelo alsapão.
5.711.H,5.711,H,1,train,train,Porque o produtor arrumou duas ovelhas para divulgar seu show? Para fazer lamb lamb.
4.498.H,4.498,H,1,train,train,Porque é que os gatos não gostam da estrela no cimo da árvore de Natal? Porque astro-no-mia.
4.558.N,4.558,N,0,train,test,Porque é que as batatas não têm folhas? Porque são tubérculos e não verduras.
5.3301.H,5.3301,H,1,train,train,"Se honestidade responsabilidade e humildade pudessem ser negociados, onde se daria essa negociação? Na bolsa de valores."
5.1642.N,5.1642,N,0,train,train,Por que eu entreguei o prato ao Robson Caetano depois de lavá-lo? Porque ele é um amigo.
4.430.H,4.430,H,1,train,train,O que diz um testículo para o outro? Vamos mas é trabalhar que o patrão está teso.
5.186.N,5.186,N,0,train,train,"O que o tijolo falou para o outro tijolo? "" Há um grude entre nós ""."
5.1655.N,5.1655,N,0,train,train,"Um famoso cantor estava com dor nas costas . Deram a ele duas opções de remédio . O que foi que disseram? "" Dipirona! """
5.2603.H,5.2603,H,1,train,train,Qual cantor enxergava tudo o que o professor escreve em sala de aula? Caetano Vê Lousa.
4.279.H,4.279,H,1,train,test,Hoje preguei um susto a um grupo de tartarugas. Ficaram todos cágados.
5.739.H,5.739,H,1,train,train,Como o cara sabe em qual dia a mulher dele vai dar pra outro cara?  Através do cornograma!
5.3434.N,5.3434,N,0,train,train,Por que o Faustão quer que você coloque o Plinio no seu devido lugar? Pra que tu reclames do Plinio.
5.3829.N,5.3829,N,0,train,test,Que número foi presidente? Dilma Rousseff.
4.448.H,4.448,H,1,train,train,Porque é que as loiras vão sempre juntas ao wc? Uma conta uma piada e a outra mija-se a rir.
5.1845.N,5.1845,N,0,train,train,Qual companhia aérea está sempre atrás? Latam.
4.579.N,4.579,N,0,train,train,Hoje na escola levei com um pino na cabeça . Fui vítima de bullying .
4.64.H,4.64,H,1,train,test,Porque é que as galinhas não conduzem? Porque chocam.
5.757.N,5.757,N,0,train,train,Qual o maior chá do cinema mudo? Chapolin.
4.437.H,4.437,H,1,train,train,"O que diz o fósforo para a caixa? Quando roço em ti, perco a cabeça."
5.3083.N,5.3083,N,0,train,train,"Como se chama o motorista que não acredita em nada? Xô, Fernando."
5.2007.H,5.2007,H,1,train,train,Por que o atirador jogou fora todos os seus planos depois de atirar num careca? Porque ele shootou o bald! 
4.615.N,4.615,N,0,train,test,"A eletricidade está tão cara, tão cara, que a EDP decidiu mudar o nome para Luz de Ouro."
5.696.H,5.696,H,1,train,train,Qual é o super-herói de quem todo mundo lembra? The Flash Back.
5.53.H,5.53,H,1,train,train,Como são classificados os gatos e cachorros no México? Animais do México.
2.11.N,2.11,N,0,train,train,Qual o nome da ciência que transforma cachorro em gato? Nenhuma.
5.3309.N,5.3309,N,0,train,train,Qual operadora favorita do Silvio Santos? Laricel.
5.3535.N,5.3535,N,0,train,train,Por que a empresária tomou sal de frutas? Porque ela tinha muita azia.
5.1023.H,5.1023,H,1,train,train,Que jogo o alfaiate observa? Ver Ludo
5.3708.H,5.3708,H,1,train,validation,Qual era o nome do programa que falava sobre um óculos com milhares de lentes? Armação Ilimitada.
5.2656.N,5.2656,N,0,train,train,Por que o cantor colocou cocaína no chão? Porque ele queria uma cheirada.
3.4.N,3.4,N,0,train,test,Qual é o animal que não vale mais nada? O tatu.
4.623.H,4.623,H,1,train,train,"Qual é o contrário de ""simpatia""? Nãopotio."
4.659.H,4.659,H,1,train,train,Por que é que o pinheirinho não se perde no pinhal? Porque tem uma pinha.
5.1100.H,5.1100,H,1,train,train,Qual é a regra de matemática preferida dos funkeiros? Regra de Sarrus.
5.2155.H,5.2155,H,1,train,train,"Qual o filme preferido do Kiko? Harry Potter e o Cálice Cálice Cálice, você me deixa looouco! "
5.3839.N,5.3839,N,0,train,test,Qual o filme favorito do ator Jim Carney? Ace Ventura.
4.411.N,4.411,N,0,train,test,Alpinistas? Há por aí nos montes.
5.3395.H,5.3395,H,1,train,train,Qual o remédio que te convence a pedir um carro pra vc se deslocar? Vick vai por Uber.
5.590.N,5.590,N,0,train,train,Qual comida reclamamos que demora pra ficar pronta? Ossobuco.
5.1495.N,5.1495,N,0,train,validation,Qual o herói favorito de Deus? Clark Kent.
5.1206.H,5.1206,H,1,train,train,Qual cantor sempre abre as portas para tudo? Gabriel Opens a Door.
5.3383.N,5.3383,N,0,train,test,Qual peixe não devemos fritar? Salmão.
5.2455.N,5.2455,N,0,train,test,Onde o Mickey gosta de morar? No prédio.
5.2326.N,5.2326,N,0,train,train,Qual é o tipo de pastor para quem as pessoas sussurram pedindo o dízimo? R.R. Soares.
4.698.N,4.698,N,0,train,train,Qual é a semelhança entre o sol e um avô? Ambos fazem qualquer coisa bonita.
5.444.N,5.444,N,0,train,test,Por que a pessoa que vive rindo de si mesmo nunca é Barrada em lugar algum? Porque ela é carismática.
5.1065.H,5.1065,H,1,train,validation,Qual a cidade que deixa a gente em pedaços? Nova Yoki.
5.3930.N,5.3930,N,0,train,train,Por que o Papai Noel faz questão de entrar pelo telhado das casas? É Charme.
5.1220.H,5.1220,H,1,train,train,Por que só vou à restaurante Self Service? Porque tem tudo a Kilo que eu gosto.
5.1337.N,5.1337,N,0,train,test,Qual autor o Harry Potter lê quando está doente? O Alvo Dumbledore.
5.2653.N,5.2653,N,0,train,train,Qual cantora vive causando por aí? Fafá de Belém.
5.1121.N,5.1121,N,0,train,train,Qual poeta já foi cabeleireiro? Mario Quintana
5.3863.H,5.3863,H,1,train,test,Qual o filme em que navegantes desembarcam num hotel? Piratas do Caribis.
5.3006.H,5.3006,H,1,train,train,Qual país só tem coisas sem utilidade? As tralha.
5.572.N,5.572,N,0,train,train,Qual escritor tem vitiligo? Jorge Amado.
5.2633.H,5.2633,H,1,train,train,Qual a ave favorita do Neymar? Codorna Perna.
5.3261.H,5.3261,H,1,train,train,"Por que o Thiago Ventura teve dor de barriga quando foi em Holambra? Porque viu a flora, tio."
4.92.H,4.92,H,1,train,train,Porque é que o Simba não fez o jantar? Porque está à espera que o Mufasa.
5.3164.H,5.3164,H,1,train,validation,Qual pintor estava sempre bêbado? Van Grogue.
5.703.H,5.703,H,1,train,train,Por que os cachorros não sentem sede? Porque eles têm um fossinho.
4.725.N,4.725,N,0,train,train,Que nome se dá a uma planta Invasora? Erva daninha.
5.119.H,5.119,H,1,train,test,Qual é o jedi mais forte que existe? O Muque Skywalker.
2.13.H,2.13,H,1,train,validation,"Quando o Papai Noel morrer, ele não estará mais em trenós."
5.2410.H,5.2410,H,1,train,validation,"Como os cachorros chineses dizem ""oi""? ""NihAU""."
4.234.H,4.234,H,1,train,validation,"Se os cães pudessem acordar os humanos com um instrumento musical, qual seria? Acorde ão!"
5.203.N,5.203,N,0,train,test,Por que muitos jogadores do Corínthians não foram à festa de comemoração do título brasileiro? Porque a festa foi muito longe . Lá na casa do Fagner!
5.3330.H,5.3330,H,1,train,train,Qual é o cara incentivador de suicidas? É o cara Pópular!
5.2541.H,5.2541,H,1,train,train,"Qual jogador tentou acertar o cantor, mas errou? Cristiano Errou o Naldo."
4.327.H,4.327,H,1,train,train,Qual é a panela que se usa quando se está triste? Depressão.
5.2285.N,5.2285,N,0,train,train,Qual personagem histórico mais gostava de lutas? Napoleão
5.48.N,5.48,N,0,train,train,O que o Marciano foi fazer em São Paulo? Foi visitar o irmão.
5.635.N,5.635,N,0,train,validation,Qual é o policial que não gosta de gente com boca suja? Guarda municipal.
2.6.N,2.6,N,0,train,train,Por que o bombeiro não gosta de andar? Porque ele cansa.
4.296.N,4.296,N,0,train,test,O que diz um actor para outro? Tens um andar tão lindo ...
3.9.H,3.9,H,1,train,test,Ana e César tiveram um filho. Ele nasceu de cesariana.
5.2738.N,5.2738,N,0,train,test,Po que a gente se sente mais equilibrado ao entrar em um rodízio? Porque ali é um restaurante
5.2057.N,5.2057,N,0,train,train,Qual o herói que gosta de esporte radicais? O Homem Aranha
5.1222.N,5.1222,N,0,train,train,Qual o jornalista esportivo mais inteligente? Galvão Bueno.
5.3562.N,5.3562,N,0,train,train,Qual a cidade que está inovando sua forma de comunicação? Moji Mirim.
5.3314.N,5.3314,N,0,train,train,Qual o nome do sabonete do Cascão? Nivea.
5.2304.N,5.2304,N,0,train,train,Qual é o filme em que o policial fica chutando os ladrões? Tropa de Elite.
5.3935.N,5.3935,N,0,train,train,Qual a bebida que te viu ontem? Mangueira.
5.964.H,5.964,H,1,train,train,Qual é a cantora que tomou conta do Menino Jesus? Babá de Belém.
4.425.N,4.425,N,0,train,validation,"Qual é o cão mais fixe? O pastor alemão, porque tem muita pinta."
5.3525.H,5.3525,H,1,train,train,Qual o nome da mulher que é uma cobra e um preservativo? Ana Condom.
5.1973.N,5.1973,N,0,train,train,Por que a galinha bateu com a cabeça na parede? Porque ela queria um milho.
5.3586.H,5.3586,H,1,train,test,Por que quando chove pedra elas caem todas certinhas? Porque eu organizo.
5.3918.N,5.3918,N,0,train,train,Como se chamava a apresentadora do primeiro programa feito para a internet? Hebe Camargo.
5.210.N,5.210,N,0,train,train,"A funkeira ficou 1 mês com monges . O que ela falou quando saiu? "" Que evento foi esse? """
5.2531.H,5.2531,H,1,train,test,Por que o Tiger Woods teve que comprar um tanque enorme? Porque ele ganhou um golfinho.
5.1616.N,5.1616,N,0,train,train,Qual é a pacifista que é um gênio da matemática? Sophie Germain.
4.119.N,4.119,N,0,train,test,O que é um ponto branco numa esquadra? Um foco de luz.
4.249.N,4.249,N,0,train,validation,Fui ao Burger King e pedi o novo hamburguer de chimpanzé . Chama-se Macaquinho.
5.1136.H,5.1136,H,1,train,test,Por que a piriguete era tão egoísta? Porque é dá nada!
5.1287.H,5.1287,H,1,train,train,Qual cantor gosta de chocolate? Kit-Kat Stevens.
5.1355.H,5.1355,H,1,train,train,Transformar um material em outro se chama Alquimia. E transformar um animal em outro? Au que mia.
5.3154.N,5.3154,N,0,train,train,Qual carro não pode faltar no feijão? Fusca.
5.22.N,5.22,N,0,train,test,Quando é que o David Copperfield sabe quando tem gente chegando na casa dele? Olhando pelo interfone.
5.1361.H,5.1361,H,1,train,train,Qual é o melhor legume que existe? A Better raba.
5.2420.N,5.2420,N,0,train,train,Qual é a revista favorita dos pintores? Toda Teen.
4.69.N,4.69,N,0,train,train,Toda a gente tem cultura . Algumas pessoas só de filmes.
4.152.N,4.152,N,0,train,test,Já estreou o novo espetáculo com bonecos ao vivo . É uma peça de teatro.
5.170.N,5.170,N,0,train,train,Qual é a carne que foi multada por excesso de velocidade? Contra-filé.
5.2539.H,5.2539,H,1,train,train,Por que o oficial pediu licença bem no dia do bombardeio? Porque ele tinha compromíssil.
5.2105.N,5.2105,N,0,train,train,Qual o jogo clássico do Nintendo que nao tinha versão dublada? Mario Kart
5.2232.N,5.2232,N,0,train,train,O que fez a mulher quando ganhou um colar de pérolas? Ela falou: Que lindo!
5.359.H,5.359,H,1,train,test,Qual o plano de saúde dos espíritas? Unimedium.
5.3766.N,5.3766,N,0,train,train,Qual é a dupla musical de extremos opostos? Patrão e Funcionário
5.142.H,5.142,H,1,train,train,Por que os redatores de Star Wars e filmes do gênero não podem enlouquecer? Porque são filmes de Fique São.
5.3911.N,5.3911,N,0,train,validation,Qual a cidade as pessoas rezam e fazem artesanato? Em Budas Artes.
5.3564.N,5.3564,N,0,train,train,Qual é a raça de cachorro que mais dorme? São Bernardo.
5.958.H,5.958,H,1,train,train,Qual é a lenda que sempre conta os dias? O K Lendário.
4.68.H,4.68,H,1,train,train,Porque é que apanhar sol não é um desporto olímpico? Porque o melhor que consegues é um bronze.
5.1780.H,5.1780,H,1,train,train,Qual personagem do Far Cry é também apresentador de TV? Joseph Seed Moreira.
5.7.H,5.7,H,1,train,train,Por que a feijoada estava triste? Porque colocaram ela na panela depressão.
5.1532.N,5.1532,N,0,train,train,Por que não vende sal de fruta ENO na China? Porque lá eles não tem problemas gástricos e má digestão.
5.1903.N,5.1903,N,0,train,train,Por que ninguém suportava o caipira que pilotava um caça? Porque era um chato de galocha.
5.3558.H,5.3558,H,1,train,validation,Qual a ex apresentadora infantil que se converteu? Evangélica.
4.686.N,4.686,N,0,train,train,O que acontece quando um salmão morre? Ressuscita.
5.2760.H,5.2760,H,1,train,train,Qual o grupo musical favorito dos leões? Ruge.
4.275.H,4.275,H,1,train,train,Construir um prédio não é fácil... Édifício.
5.3235.H,5.3235,H,1,train,validation,Qual cantor virou desenho da Disney? Stitch Wonder.
5.822.H,5.822,H,1,train,train,"Qual salgado você pergunta se vale a pena comer? Ein, panada..."
5.20.H,5.20,H,1,train,train,Qual é o estado americano que não cai duas vezes no mesmo lugar? Ohio.
5.2097.H,5.2097,H,1,train,train,Qual é o desenho infantil que fala sobre a economia do seu país? Peppa PIB 
5.1202.H,5.1202,H,1,train,train,Porque os pãezinhos nos EUA são cor de abóbora?  Porque é um pumpkin nininho.
4.101.N,4.101,N,0,train,train,Numa reunião de alcoólicos anónimos: Esta semana vejo aqui algumas caras novas e devo dizer que estou muito desapontado.
5.1287.N,5.1287,N,0,train,validation,Qual cantor gosta de chocolate? Frank Sinatra.
5.1793.N,5.1793,N,0,train,train,Qual é o sorvete que foi traído pela esposa? O de flocos.
5.1129.N,5.1129,N,0,train,train,Qual banda tem animais que gozam? Ratos do Porrão
4.733.N,4.733,N,0,train,test,Há anos que procurava um Homem  que bebesse vinho . Para encontrar um foi preciso Ir perguntar .
5.3531.N,5.3531,N,0,train,validation,Que estilo de filme faz a gente refletir sobre a saúde pública? Documentário!
4.708.H,4.708,H,1,train,train,Qual é a cantora preferida dos cirurgiões? É a Anastasia.
5.2839.N,5.2839,N,0,train,test,O que o médico aplicou no paciente que quebrou a perna? Injeção
4.253.N,4.253,N,0,train,train,Porque é que os polícias não gostam de sabão? Porque preferem sabonete.
5.2789.H,5.2789,H,1,train,train,por que o beta não avança no relacionamento? porque se não ele gama. 
5.3713.H,5.3713,H,1,train,train,Qual o humorista que é sucesso de bilheteria? Marvel Lucio 
4.385.H,4.385,H,1,train,train,"Dois gémeos foram presos por homicídio, mas passado um tempo libertaram o que estava mais gordo. Porque o que não mata, engorda."
5.212.H,5.212,H,1,train,test,Porque os mineiros preferem comida salgada? Por causa dos sais minerais.
5.2640.H,5.2640,H,1,train,train,Qual cantor era um extraterrestre? O Vinny.
5.2159.N,5.2159,N,0,train,train,Qual heroína histórica era gótica? Joana d'Arc
5.2777.H,5.2777,H,1,train,test,Um evangélico se apaixonou por alguém da igreja. Qual o nome do jogo? Crente Crush
5.2343.H,5.2343,H,1,train,test,Qual jornalista esportivo é ainda adolescente? TEENo Marcos.
5.3265.H,5.3265,H,1,train,train,Qual produto de limpeza limpa a fundo? Oléo DEEP eroba.
5.3803.N,5.3803,N,0,train,train,Em qual símbolo uma ferramenta avisa que a outra foi embora? Comunista.
5.1757.N,5.1757,N,0,train,train,Qual Rapper só toca em aniversários? Jay-Z
5.2254.H,5.2254,H,1,train,train,Qual é a banda preferida dos gauchos? Tri Bah listas 
5.2599.H,5.2599,H,1,train,test,"O que o pregador de roupa falou pro moço da lavanderia? Ele disse que só quer varau, só quer varau, varau, varau, varau."
4.581.N,4.581,N,0,train,train,Troquei a minha cama de casal por um sofá . A minha namorada até ficou aos saltos.
5.3511.H,5.3511,H,1,train,train,Qual ex-piloto era um índio pronto pro ataque? Mim Ka Salo.
5.3997.H,5.3997,H,1,train,validation,Qual a primeira menstruação bíblica? A Menarca de Noé.
5.1781.N,5.1781,N,0,train,train,Qual é a dupla sertaneja favorita dos leões? Chitãozinho e Xororó.
3.12.H,3.12,H,1,train,test,Por que a aranha é o ser vivo mais carente do mundo? Porque ela é um aracneedyou.
5.3668.N,5.3668,N,0,train,test,Por que o frango caipira não tem problemas jurídicos de identidade? Porque ele não tem hormônios.
5.3752.N,5.3752,N,0,train,train,Jogador do Rio que também é funileiro? Ronaldinho
5.1916.H,5.1916,H,1,train,train,Qual é o país que só tem entulho? Aus trálha
5.717.N,5.717,N,0,train,train,Qual a brincadeira preferida da esteticista do Jô Soares??? Pega-pega
5.429.H,5.429,H,1,train,test,Qual o chocolate que dá mais energia? Choquito.
4.375.H,4.375,H,1,train,train,Como envergonhas um arqueólogo? Dás-lhe um tampão e perguntas de que período data.
5.1674.H,5.1674,H,1,train,train,Qual o nome do cara mudo que comia pessoas? Mudo Canibal
4.268.N,4.268,N,0,train,train,O que é que a aranha diz ao mosquinho? Estás na minha lista negra!
5.2541.N,5.2541,N,0,train,train,"Qual jogador tentou acertar o cantor, mas errou? Cristiano Ronaldo."
5.3083.H,5.3083,H,1,train,train,"Como se chama o motorista que não acredita em nada? Xô, fé."
4.362.H,4.362,H,1,train,train,"Uma família estava perdida no deserto há mais de dois meses, até que encontraram um rio onde todos tomaram banho, exceto a avó. Qual é o filme? A avó tá imunda há 80 dias."
5.1534.H,5.1534,H,1,train,train,Qual o aplicativo de mensagens mais usado em Minas Gerais? O Uai...tzap.
5.3391.H,5.3391,H,1,train,train,Qual cantora famosa nasceu em La Paz? Bolívia Newton-John.
5.426.H,5.426,H,1,train,train,Qual criatura mitológica criou um calendário só com 11 signos? Menostouro.
5.3897.N,5.3897,N,0,train,train,Qual o programa favorito dos trabalhadores autônomos? Não quero mais trabalhar.
5.2666.N,5.2666,N,0,train,train,Qual o sambista com menos pelos do Brasil? Martinho da Vila.
4.298.H,4.298,H,1,train,validation,Qual é o melhor perfume para se usar na praia? Chinel N°5.
5.591.H,5.591,H,1,train,train,Qual cerveja é exclusiva do Rio de Janeiro? Schincarioca.
5.2660.H,5.2660,H,1,train,train,Qual o santo favorito do Cebolinha que tem o mesmo apelido que ele? O xalá.
5.3529.N,5.3529,N,0,train,train,Que estilo de filme tem dois atores se esfregando? Pornô.
5.88.N,5.88,N,0,train,validation,Qual personagem do folclore brasileiro é alucinado por roupas de couro? O saci
5.1793.H,5.1793,H,1,train,train,Como o presidiário faz progressão de pena? Fazendo um up grade
5.3431.N,5.3431,N,0,train,train,Qual cidade espanhola preferida pelo Faustão? Barcelona nos Trinta.
5.1609.N,5.1609,N,0,train,train,"Qual é o nome do filme no foguete? 2001, uma odisseia no espaço."
4.380.N,4.380,N,0,train,train,Qual é o prato prefeiro da Xana? Arroz de pato.
4.221.H,4.221,H,1,train,train,"Os Xutos e Pontapés vão lançar uma música sobre geometria. Vai-se chamar: ""Círculo de esferas""."
5.3557.N,5.3557,N,0,train,train,Qual ditador foi penetrado de surpresa? Kim Jong-un.
5.652.H,5.652,H,1,train,train,Qual é a banda que vem dentro de um botijão? Gás in Roses.
4.612.H,4.612,H,1,train,train,"Porque se diz ""meio ambiente""? Porque já destruímos metade."
5.2577.N,5.2577,N,0,train,train,Como um dançarino faz círculos no chão? Movimentando-se.
4.151.H,4.151,H,1,train,train,Qual é a sobremesa que nunca sai direita? É a torta.
4.514.H,4.514,H,1,train,train,O meu sonho é ser pobre um dia. É que ser pobre todos os dias é lixado.
5.3958.N,5.3958,N,0,train,test,Qual o sorvete favorito dos escoceses? Whisky na neve.
5.3623.N,5.3623,N,0,train,test,Qual é o detetive que assiste tênis? Ace Ventura.
5.924.N,5.924,N,0,train,train,Qual é o jogo de cartas favorito dos policiais depois das manifestações? Poker.
5.2051.H,5.2051,H,1,train,validation,O que acontece com os Leões quando acabam as férias ? Volta as Jaulas 
4.178.H,4.178,H,1,train,train,Que nome se dá a um grupo de homens às compras com as mulheres? 5 à Sec.
4.568.N,4.568,N,0,train,train,"Porque é que a seleção chinesa não tem muito sucesso no futebol? Porque de cada vez que lhes dão um canto, eles falham a baliza."
5.925.N,5.925,N,0,train,train,Qual o animal mais educado que existe? Pavão.
5.3498.H,5.3498,H,1,train,train,Qual o sanduba do Tom Brady? X-egg Bündchen.
4.131.N,4.131,N,0,train,test,Qual é o jogo preferido das batatas fritas? É o Uno.
4.543.H,4.543,H,1,train,train,Em que unidades se medem os cães? Em pulgadas.
5.848.N,5.848,N,0,train,validation,Qual personagem da Disney que ninguém gosta? Jafar.
5.253.H,5.253,H,1,train,train,Qual é o ator mais avoado da Rede Globo? Drone Ramos.
4.724.H,4.724,H,1,train,validation,"Como é que se diz ""abacate"" no Brasil? Abacaxi."
5.3863.N,5.3863,N,0,train,train,Qual o filme em que navegantes desembarcam num hotel? A viagem.
5.1740.N,5.1740,N,0,train,train,Por que os samurais viviam sempre com espadas? Porque eles seguiam o Bushidor.
5.3379.H,5.3379,H,1,train,train,"Qual atriz que mesmo sem companhia, nunca anda sozinha? Uma Thurman."
5.1515.H,5.1515,H,1,train,train,Qual super herói que tem fetiche com a própria mãe? Édipool.
5.3409.N,5.3409,N,0,train,validation,Qual é a melhor coisa pra se desejar a um amigo no Natal? Boas Festas.
5.453.N,5.453,N,0,train,train,Qual o nome do verdadeiro compositor do samba de uma nota só? Castro Alves.
5.2614.H,5.2614,H,1,train,test,Qual a cidade com mais descargas elétricas? Ohio.
5.3834.N,5.3834,N,0,train,train,Qual o ex desgraçado que se empanturra na fazenda? Ex Como um Gado.
5.2278.N,5.2278,N,0,train,train,Qual é o gênio renascentista que adorava jogar RPG? Leonardo Da Vinci
4.421.H,4.421,H,1,train,train,Um engenheiro passa à frente de um espelho. O engenheiro pára. O engenheiro civiu.'
5.941.N,5.941,N,0,train,train,Qual é a cantora que tem pau pequeno? Glória Groove.
4.197.H,4.197,H,1,train,validation,Qual é o peixe mais prestigiado do Reino Unido? Sir Dinha.
4.135.N,4.135,N,0,train,train,O que é um ponto amarelo num Ferrari? É um milionário.
5.30.H,5.30,H,1,train,train,Por que o elefante não pega fogo? Porque ele é cinza.
5.297.N,5.297,N,0,train,train,Por que o gaúcho tirou a bomba do chimarrão? Pra evitar que a erva estrague.
4.464.H,4.464,H,1,train,train,Onde se encontram os piores restaurantes italianos? Massamá.
5.945.N,5.945,N,0,train,train,Qual é o jogo de corrida preferido dos filósofos? Need for Speed.
5.595.H,5.595,H,1,train,train,O que a rainha come de manhã?  Rei queijão.
5.3872.H,5.3872,H,1,train,train,Qual atriz é a rainha do marketing brasileiro? Bruna Marketingne
5.2687.N,5.2687,N,0,train,test,Qual é a banda que não toca em bares nem em praças? Incubus
5.688.H,5.688,H,1,train,test,"O que o técnico da geladeira foi fazer no médico? Consul, tá."
4.229.H,4.229,H,1,train,train,A minha amiga asiática ficou doente. Mas eu Coreia.
5.3370.H,5.3370,H,1,train,train,"Qual ator é a junção de um tigre, um super-herói e um cantor? Tony Thor Naldo."
4.4.H,4.4,H,1,train,test,O que é melhor que o Star Wars? Star de férias.
5.314.N,5.314,N,0,train,train,Sabem qual árvore não fica quieta? A dançante.
5.2966.N,5.2966,N,0,train,train,Por que o Ciro Gomes deixa o celular sem senha? Pro caso da filha precisar usar.
5.1808.H,5.1808,H,1,train,train,Qual é o animal preferido dos Beatles? Ornitorringo
5.3478.H,5.3478,H,1,train,train,Com qual marcha o porco anda? Carré.
5.1924.N,5.1924,N,0,train,train,Qual a série que esconde o campo?  Seinfeld.
5.2598.H,5.2598,H,1,train,validation,Qual cantor que era estéril? Gozaguinha.
4.329.N,4.329,N,0,train,test,"Como é que se diz "" aspirador "" em chinês? Xīchénqì."
5.797.N,5.797,N,0,train,train,Por que o fonoaudiólogo banca uma banda? Porque ele vive de investimentos.
5.3750.H,5.3750,H,1,train,test,O que a serpente fazia no circo? Acobracias
5.1888.N,5.1888,N,0,train,train,Qual cantor que era estéril? Justin.
5.2875.H,5.2875,H,1,train,train,Qual é a apresentadora mais cruel do Brasil? é a Má isa 
5.930.H,5.930,H,1,train,validation,Qual a dança favorita dos bebês? Dança do Ventre
5.2855.H,5.2855,H,1,train,train,Qual o doce chinês? Kin Jin 
4.731.N,4.731,N,0,train,test,"Como é que uma Pessoa elogia uma mulher alta? Eh lá, hoje estás Espantosa!"
4.502.N,4.502,N,0,train,test,"Segui as instruções na embalagem da lasanha que dizia para colocar o forno a 180 graus . Agora como é que eu abro a porta, se o forno está tão quente?"
5.2294.N,5.2294,N,0,train,train,Qual o astrônomo que tinha muita espinha? Newton
5.2030.N,5.2030,N,0,train,train,Qual o canal infantil favorito dos peixes trabalhadores? Nenhum
4.343.N,4.343,N,0,train,validation,Qual é a nacionalidade de um canalizador de bigode? É um mexicano.
4.485.H,4.485,H,1,train,train,Há duas formas de os deputados saírem do parlamento: Há com boleia e Assembleia.
5.2954.N,5.2954,N,0,train,train,Qual é o nome do programa em que Silvana fala sobre as visões divinas que ela já teve? Programa do Sílvio Santos.
5.4006.N,5.4006,N,0,train,train,Por que Caim matou Abel? Porque Abel era obediente.
5.3360.H,5.3360,H,1,train,train,Pra onde os religiosos vão quando estão com calor? Pro com vento.
5.3357.H,5.3357,H,1,train,train,Que tipo de iluminação se usa em partituras? Luz diFusa.
5.1839.N,5.1839,N,0,train,train,Qual mercado vende lagarto? Comper.
5.1588.H,5.1588,H,1,train,test,O que é um gordinho subindo pra cima? Redondância
5.1743.N,5.1743,N,0,train,test,"Quando o Superman morreu, como o vilão dele ficou? De folga."
4.231.H,4.231,H,1,train,test,Onde é que os anões se embebedam? No mini bar.
5.1250.N,5.1250,N,0,train,validation,"Qual a carne que rapidamente disse "" ooooh ""? Picanha."
5.3596.N,5.3596,N,0,train,test,Qual cidade Boliviana em que as pessoas não andam direito? La Paz.
5.2267.N,5.2267,N,0,train,train,Qual índio que envia cobras para cantores em grupo? Cacique cobra coral
4.704.N,4.704,N,0,train,train,As minhas plantas do jardim deram flores . São dálias .
4.309.N,4.309,N,0,train,test,Qual é a doença que mata mais insectos? É a SIDA.
5.3855.H,5.3855,H,1,train,train,Qual o nome que se dá para o assassinato em massa na galáxia do universo da Marvel? Crimes simulThanos.
4.179.N,4.179,N,0,train,train,Que nome se dá a um grupo de lobos numa loja de telemóveis? Alcateia.
5.3870.N,5.3870,N,0,train,train,Qual o nome do dono do cemitério? João.
4.290.H,4.290,H,1,train,train,Como é que o Camões ficou zarolho? A mãe estava a cozinhar e disse-lhe: Luís vou ali à loja. Deita-me aí um olho na comida.
5.319.N,5.319,N,0,train,train,Qual a banda favorita dos padres? Natiruts.
5.3891.N,5.3891,N,0,train,train,Qual a peça de computador mais silenciosa de todas? O Tecalado.
5.2824.N,5.2824,N,0,train,train,Como o Batman dorme? De lado
5.2188.H,5.2188,H,1,train,train,Cantor favorito dos pedreiros? Amado Batistaca 
5.1370.H,5.1370,H,1,train,train,Por que o Mario e o Luigi foram ao psicólogo? Porque estavam passando por uma fase difícil.
4.684.N,4.684,N,0,train,train,Por que é que os turistas não visitam a Flor do Jardim? Porque o TripAdvisor diz que só tem uma estrela.
4.669.N,4.669,N,0,train,train,Qual é o dente que se arranca melhor sem anestesia? O dente desvitalizado .
5.1322.H,5.1322,H,1,train,train,Qual o meio de transporte que aceita qualquer estilo musical? YOUT UBER.
5.2025.H,5.2025,H,1,train,train,Quem é o beatle mais tecnológico? É o Paul
4.374.N,4.374,N,0,train,test,Porque é que na Polónia ninguém se perde? Porque lá há muita sinalização.
5.2622.H,5.2622,H,1,train,train,Qual chá preferido dos pedreiros? Santo Andaime.
4.557.N,4.557,N,0,train,train,Porque é que a cozinheira pôs o seu cabide dentro do tacho? Porque ela queria fazer um arroz de cabinda.
5.3997.N,5.3997,N,0,train,train,Qual a primeira menstruação bíblica? A de Eva.
5.395.N,5.395,N,0,train,test,De onde vem o sentimento mais planejado que existe? Do fundo da imaginação.
4.546.H,4.546,H,1,train,test,Para onde vai o Homem-Aranha depois de morrer? Para um aranha-céus.
5.3322.N,5.3322,N,0,train,train,Que entidade fica de olho no pau dos outros? Exu.
5.3462.N,5.3462,N,0,train,train,Qual equipamento aquático vive com fome? Pede prato.
4.111.N,4.111,N,0,train,train,O que é um descascador? É um instrumento para descascar nabos.
4.646.N,4.646,N,0,train,train,Qual é a rocha preferida nos relógios . O quartzo.
5.958.N,5.958,N,0,train,test,Qual é a lenda que sempre conta os dias? O calendário.
5.990.H,5.990,H,1,train,test,Qual profissional é incumbido de tirar as medidas de estudantes mortos? Medi Colegista.
4.174.H,4.174,H,1,train,train,O que é que o Xutos e Pontapés e um micro-ondas têm em comum? Tim!
4.99.N,4.99,N,0,train,test,"Comprei um livro, mas as páginas vinham em branco . Nem tenho como descrever a minha revolta."
4.741.H,4.741,H,1,train,train,Por que é que os pugilistas não conseguem pescar? Porque têm a cana partida.
3.4.H,3.4,H,1,train,train,Qual é o animal que não vale mais nada? O javali.
5.1591.H,5.1591,H,1,train,train,Qual é o filme em que um salgado lidera um exército em busca da vitória? Croissant Valente.
5.4025.N,5.4025,N,0,train,test,Nome de cervejaria em homenagem a um grande cantor brasileiro? Capitão Bock.
5.4028.H,5.4028,H,1,train,train,Por que o piloto não gosta de passar no meio da nuvem com o avião? Porque ele tem Cloudstrofobia.
5.2356.H,5.2356,H,1,train,train,Qual campeão da Libertadores tem dificuldade de terminar suas tarefas? Inde Pendente.
5.3461.N,5.3461,N,0,train,validation,Onde os artistas americanos dão chilique de tanto dar autógrafos? No tapete vermelho.
4.73.N,4.73,N,0,train,validation,Porque é que as loiras só fazem sexo uma vez por ano? Porque o sexo anual não engravida.
4.441.H,4.441,H,1,train,train,Porque é que as loiras guardam sempre o jornal no frigorífico? Para terem notícias frescas.
5.3102.H,5.3102,H,1,train,train,O que serviram na festa da revista Sexy? Quinua.
5.2805.H,5.2805,H,1,train,test,Por que comer sapo da tesão? Afrogdisíaco 
5.1191.H,5.1191,H,1,train,train,Qual parente trans o padre sempre come na Igreja enquanto bebe vinho? Os tia.
5.3103.H,5.3103,H,1,train,test,Doença comum nos detergentes? Sapólio mielite.
5.3010.H,5.3010,H,1,train,train,Qual cantor é fera em matemática? Carlos Kumon de Andrade.
4.73.H,4.73,H,1,train,train,Porque é que as loiras só fazem sexo uma vez por ano? Porque o sexo anal não engravida.
5.1738.N,5.1738,N,0,train,train,Qual é o animal que faltou a festa na floresta? Gambá.
4.275.N,4.275,N,0,train,train,Construir um prédio não é fácil...É difícil .
5.2522.H,5.2522,H,1,train,train,Qual é o animal que sempre escreve em caixa alta? Caps Vara.
5.589.N,5.589,N,0,train,validation,Qual é a fruta preferida do Neymar? A uva branca.
5.999.H,5.999,H,1,train,train,Qual desodorante ajuda a ir para o céu? Is pray.
5.1045.N,5.1045,N,0,train,validation,"Qual o parente que vive com meus primos? O meu tio, pai dos meus primos"
5.2948.H,5.2948,H,1,train,validation,Por que as crianças da Vila do Chaves só podem brincar de cabra-cega na esquina? Porque o dono dá venda na esquina. 
4.347.H,4.347,H,1,train,validation,Como se chama o homem que monta os presépios? Armando Nascimento de Jesus.
5.2776.H,5.2776,H,1,train,test,Qual jogo obriga escolher entre ir ao Nordeste ou ser eletrocutado? Bahia ou choque.
5.3355.H,5.3355,H,1,train,train,O que mais excita o fazendeiro ? EmpôlGado no Pasto.
5.3593.N,5.3593,N,0,train,train,"Que ator é cremador de manicômio, mas vive fazendo trapalhada? Fábio Assunção."
4.716.N,4.716,N,0,train,train,"Era uma vez um Paraplégico que Recebia tantas tampas das mulheres, mas tantas, tantas...que um dia comprou uma cadeira de rodas."
4.376.H,4.376,H,1,train,train,"Havia uma mulher tão bonita, tão bonita, que uma vez foi a um concurso de cus e ganhou de caras."
5.3601.N,5.3601,N,0,train,train,Qual cantora que mais tem acnes? Britney.
5.39.H,5.39,H,1,train,train,"Qual é o filme preferido dos chineses? ""Como Cães e Gatos""."
5.2145.H,5.2145,H,1,train,test,Qual personagem de desenho animado nunca tem reação? Jimmy Neutro
5.2136.N,5.2136,N,0,train,test,Qual é a massa servida nos EUA? Espaguete
5.1255.H,5.1255,H,1,train,train,Por que as freiras não costumam variar seus namorados? Por que elas tem um crushfixo.
5.2823.H,5.2823,H,1,train,test,"Como a namorada do lutador de kung fu se despede? tchau, lin"
5.233.N,5.233,N,0,train,train,Qual é a atriz mais inspiradora? Tais Araújo
4.500.H,4.500,H,1,train,test,Porque é que o Voldemort tem Instagram mas não tem Facebook? Porque ele prefere ter seguidores em vez de amigos.
5.1739.H,5.1739,H,1,train,train,Qual parte da bicicleta quem se chama Guilherme nunca precisa comprar? Guidão.
4.613.N,4.613,N,0,train,train,Por que é que o rádio não pode ter filhos? Porque é impossivel.
5.3407.H,5.3407,H,1,train,train,"Por que o anão, apesar de não poder ter filhos, é uma ótima companhia para sua esposa quando ela está doente? Por que o mini estéril dá saúde e a diverte."
4.713.H,4.713,H,1,train,train,O que é um anão? É um ano bissexto.
5.1589.H,5.1589,H,1,train,test,O que o Bozo foi fazer na gráfica? Papel de palhaço.
5.537.N,5.537,N,0,train,train,Onde se guardam as pequenas coisas? No armário do banheiro.
4.372.N,4.372,N,0,train,train,Porque é que as pessoas nunca assistem na sueca? Porque estão secas.
5.350.H,5.350,H,1,train,train,Qual o dinossauro que faz sequestros rápidos? O Velocirapto.
4.551.H,4.551,H,1,train,train,Um iogurte fora de prazo mata uma família inteira. Qual é o filme? Activia Paranormal.
4.397.H,4.397,H,1,train,validation,Porque é que os portugueses emigram para o Canadá? Porque cánadá.
5.4075.N,5.4075,N,0,train,train,"Quando um hipócrita visitou o profissional do ferro, que ditado foi criado? Em casa de ferreiro o espeto é de Pau."
5.982.H,5.982,H,1,train,train,Qual é a nota musical mais tocada no asilo? Dó minor.
5.83.N,5.83,N,0,train,validation,Qual é o animal que mais sofre com enfermidades? O gato.
4.34.N,4.34,N,0,train,train,A Maria e o João tiveram um filho . Ouvi dizer que o parto foi de cesariana.
5.3830.H,5.3830,H,1,train,train,De quem é essa dúzia? Dois Seis.
5.4075.H,5.4075,H,1,train,test,"Quando Michael Jackson visitou o cantor do NX Zero, que ditado foi criado? Em casa Di Ferrero o Ex Preto é de Pau."
5.3793.N,5.3793,N,0,train,validation,Qual rede das lojas é maior que o Trump? McDonald's.
5.2994.N,5.2994,N,0,train,train,Qual animal faz promoções na padaria? O padeiro.
4.648.H,4.648,H,1,train,train,O que disse o cientista quando descobriu que o hélio tem dois eletrões? HeHe.
5.1532.H,5.1532,H,1,train,validation,Por que não vende sal de fruta ENO na China? Porque lá eles não tem Ásia e má digestão.
5.3801.N,5.3801,N,0,train,train,Qual o alimento que precisa de senha pra comer? Uva.
1.2.H,1.2,H,1,train,train,Nós chamamos de meio ambiente porque já destruímos metade?
5.1103.H,5.1103,H,1,train,validation,Qual é o animal aquático que bebe até vomitar? O Gorfinho
5.353.H,5.353,H,1,train,test,Qual a época em que o brasileiro foi mais magro? No Regime Militar.
5.2366.H,5.2366,H,1,train,train,Qual é o esporte não recomendado a quem tem pressão alta? FutSAL.
4.108.H,4.108,H,1,train,train,"Uma feminista perguntou-me de que forma eu via as relações lésbicas. Parece que ""em HD"" não era a resposta correta..."
4.414.H,4.414,H,1,train,validation,Porque é que o Justin Bieber passa tanto tempo a ver os vídeos de quando era criança? Porque recordar é Bieber.
5.1051.N,5.1051,N,0,train,train,Qual operação matemática é imortal? O logaritmo
4.189.H,4.189,H,1,train,train,Porque é que o peixe congelado é mais caro que o peixe fresco? Porque o congelado já inclui a sobremesa.
5.1924.H,5.1924,H,1,train,validation,Qual é a pilha que descarrega mais rápido? A PanaSonic 
5.2070.H,5.2070,H,1,train,train,Qual é a banda favorita do império galáctico? Kylo R.E.M. 
4.297.N,4.297,N,0,train,train,Porque é que os comunistas não gostam de propriedade privada? Porque ela leva a desigualdades .
4.220.N,4.220,N,0,train,train,A que velocidade correm as vacas? 20 km/h.
5.2992.H,5.2992,H,1,train,train,E qual é a comida que nunca se perde? O maPÃO de queijo.
5.2408.H,5.2408,H,1,train,test,O que são dois pontinhos cinzas no mar? Two barões.
5.2500.N,5.2500,N,0,train,train,"Se a Bruna Marquezine der um fora no Neymar, o que ela é? Ex-usuária de drogas."
5.220.N,5.220,N,0,train,train,Qual é o escritor mais antigo que existe? Sócrates.
5.2697.H,5.2697,H,1,train,test,Qual revolução brasileira começou por que os añoes não encontravam roupas? Revolução Farroupinha.
5.2367.H,5.2367,H,1,train,train,Qual é o programa esportivo que perdeu seu porte de armas? Globo Ex-porte.
5.20.N,5.20,N,0,train,validation,Qual é o estado americano que não cai duas vezes no mesmo lugar? Massachusetts.
5.244.N,5.244,N,0,train,train,"Qual é o deserto da mãe cujo filho só inventa desculpas para não ir dormir? "" Atacama! """
5.2059.N,5.2059,N,0,train,train,Qual é o vírus baixa renda? Corona vírus
5.1357.H,5.1357,H,1,train,train,Por que a celulose ganhou o Oscar? Porque ela fez o melhor papel.
4.269.N,4.269,N,0,train,train,Qual é o cão mais surpreendente de todos? É o Bobby!
5.2696.H,5.2696,H,1,train,test,Em qual guerra no Brasil os soldados lutavam pelados? Guerra de Canudes.
5.1956.H,5.1956,H,1,train,train,O que a vaca foi fazer na delegacia? Um bom leitinho de ocorrência 
5.1727.N,5.1727,N,0,train,train,Qual é o pior psicanalista? Aquele que não te escuta.
4.525.N,4.525,N,0,train,train,Porque é que não há hipopótamos no polo norte? Por causa da hipotermia.
4.13.N,4.13,N,0,train,train,Por que é que as pessoas não conseguem manter um relacionamento? Porque são diferentes umas das outras.
5.1107.N,5.1107,N,0,train,train,Qual filósofo sofreu de um exorcismo? O Demócrito.
5.3829.H,5.3829,H,1,train,train,Que número foi presidente? Dilma Periódica.
5.2764.N,5.2764,N,0,train,test,Qual cantora não come carne? A VegetaRhianna.
4.556.H,4.556,H,1,train,train,Qual é o melhor sítio para se cozer um ovo? Kosovo.
4.519.N,4.519,N,0,train,train,Um parto não costuma demorar muito tempo . Mas para as grávidas parece uma eternidade.
5.2196.H,5.2196,H,1,train,train,Qual é o Personagem histórico favorito do bode? Pedro Álvares Cabral 
4.531.N,4.531,N,0,train,train,Porque é que a Lassie ganiu? Porque estava cheia de dores.
4.747.N,4.747,N,0,train,train,"A escritora J.K. Rowling lançou hoje um novo livro . Chama-se "" Harry Poter e o Prisioneiro de Azkaban ""."
5.3662.N,5.3662,N,0,train,train,Qual é a novela preferida dos dubladores? O Rei do gado
5.3159.N,5.3159,N,0,train,train,Qual a pintora que se destacou com técnicas inovadoras de pedicure? Tarsila do Amaral.
5.4051.H,5.4051,H,1,train,test,O que a seleção brasileira está fazendo na caverna? Esta lá com Tite.
5.447.H,5.447,H,1,train,test,"Por que o pintor não salvou as pessoas em perigo nem aqui, nem lá? Porque ele é o Salvador Dalí."
5.2852.N,5.2852,N,0,train,train,Qual a comida favorita do pato Donald? Macarrão
4.457.N,4.457,N,0,train,train,Ontem fui ao zoo e vi a minha cobra doméstica numa jaula . O gajo do zoo disse-me que era criada em cativeiro.
5.3760.H,5.3760,H,1,train,train,Por que o povo brasileiro não acha necessário dubladores de super heróis? Porque pro povo herói dublado é redundante 
5.30.N,5.30,N,0,train,validation,Por que o elefante não pega fogo? Porque ele é branco.
5.463.N,5.463,N,0,train,train,"Por que o Fred Flinstone se separou da Wilma? Porque quando foi mexer no pc dela, tinha o tinder"
4.102.H,4.102,H,1,train,test,O que é um javaqui? Um javali que está muito próximo.
5.2203.H,5.2203,H,1,train,train,Qual é o documento que não deixa claro quando a pessoa nasceu? Incertidão de nascimento.
5.1013.H,5.1013,H,1,train,train,"Qual cantor internacional contratou duas bailarinas, uma loira e uma morena? Éotcham John"
4.410.H,4.410,H,1,train,train,Ontem apanhei um homem verde gigante a assaltar-me a casa. Virei-me para ele e disse: Hulk julgas que estás a fazer?!
5.678.H,5.678,H,1,train,test,Como se chama o cara que pensa primeiro nos outros e depois em si mesmo? Eles Eu.
5.56.N,5.56,N,0,train,train,Qual creme de barbear parece um esperma? Nivea.
5.2244.H,5.2244,H,1,train,train,Qual a sobremesa favorita do marceneiro? Leite compensado 
4.111.H,4.111,H,1,train,train,O que é uma nabalha? É um instrumento para descascar nabos.
5.3078.H,5.3078,H,1,train,train,"Qual a dupla sertaneja que um ficou puto e mandou o outro quebrar o computador dele? Quebra meu note, Fabiano."
1.2.N,1.2,N,0,train,train,Nós chamamos de meio ambiente porque já destruímos os lados?
5.3166.H,5.3166,H,1,train,train,Por que o jardineiro estava passando necessidade? Andava meio sem grama.
4.227.N,4.227,N,0,train,validation,O que é que acontece quando o Aladino esfrega a lamparina mágica debaixo de água? Aparece o génio.
4.582.N,4.582,N,0,train,train,Qual é a semelhança entre um Bispo e um Cardeal? Ambos podem ser promovidos a papa.
5.1194.H,5.1194,H,1,train,train,Qual a cantora que indica onde gosta de tomar chá? Tea na Tuner.
5.2700.H,5.2700,H,1,train,test,"""O que as organelas responderam quando perguntaram se elas eram argentinas? """"Pero que sí, somos""""."""
5.1494.N,5.1494,N,0,train,train,O cara saiu do banho e apareceu na sala cheio de gente . O que sua mãe lhe falou? Seque sem molhar o chão.
4.201.H,4.201,H,1,train,train,Era uma vez uma cidade onde quase todas as motos eram Yamaha. Qual é o filme? Poca Hondas.
5.1834.H,5.1834,H,1,train,train,Qual é o jogador de futebol brasileiro que gostava de todo mundo? Amar all
5.3211.H,5.3211,H,1,train,test,Qual o ator favorito do Thor? Odin Carrey.
5.3051.N,5.3051,N,0,train,train,Como o galo reage a uma boa piada? Gar galhando.
5.2305.H,5.2305,H,1,train,train,Por que na casa da sogra todo barulho parece ser mais alto? Porque as ondas são noras.
5.1136.N,5.1136,N,0,train,train,Por que a piriguete era tão egoísta? Porque é insegura!
4.288.H,4.288,H,1,train,train,Um homem foi apanhado a roubar um calendário. Apanhou 12 meses.
5.2144.N,5.2144,N,0,train,test,Porque não se paga bandido com cheque? Porque o crime não beneficia.
5.1990.H,5.1990,H,1,train,train,Uma cerveja se associou a um comediante para apresentar um programa de tv... que programa é esse? Stella&Tom 
4.539.N,4.539,N,0,train,test,"Será que os meus amigos vão passar férias a países do médio oriente? Uns, sim . Os outros, não ."
5.2477.N,5.2477,N,0,train,validation,O que o burro disse para a mula? Nhó.
5.2689.H,5.2689,H,1,train,train,Renata voltou do médico com o braço furado. Qual é o acontecimento histórico? Rê volta da Vacina.
5.2162.N,5.2162,N,0,train,test,Qual é o cantor que é inimigo dos Vingadores? Loki
5.2789.N,5.2789,N,0,train,validation,por que o beta não avança no relacionamento? porque se não ele se machuca.
5.2243.H,5.2243,H,1,train,train,Por que a mulher com carteira assinada nunca tira a lingerie? Porque ela tá de renda fixa 
5.3807.N,5.3807,N,0,train,test,Qual senador que proíbe piadas? Confúcio Moura.
5.1673.N,5.1673,N,0,train,train,Qual é o nome para se colocar na filha do salva-vidas? Maria.
5.1469.H,5.1469,H,1,train,train,Qual é a guitarra com menor popularidade no Brasil? Michel Fender.
5.2836.H,5.2836,H,1,train,train,"Qual é a máquina agrícola que levou o irmão pro hospital psiquiátrico? O Tra-Thor, porque o irmão tava Lokit"
5.1642.H,5.1642,H,1,train,train,Por que eu entreguei o prato ao Robson Caetano depois de lavá-lo? Porque ele é um ex-corredor.
4.687.N,4.687,N,0,train,train,Qual é o prato preferido do Dalai Lama? Arroz de pato.
5.2252.H,5.2252,H,1,train,train,Qual personagem de desenho falsifica assinaturas com caneta? Bic Vigarista 
5.873.N,5.873,N,0,train,validation,Em qual shopping as pessoas tem medo das mesmas coisas? Igual Temi.
5.2193.H,5.2193,H,1,train,train,Qual é a bala favorita dos pedreiros? Cimenthos
4.617.H,4.617,H,1,train,train,Por que é que o Napoleão era sempre convidado para todas as festas? Porque era bom na party.
5.2938.N,5.2938,N,0,train,validation,Qual é a comida do pássaro gigante que toca trompete? O alpiste.
5.1274.H,5.1274,H,1,train,train,Qual país mais natalino que existe? Rena Unida.
4.217.H,4.217,H,1,train,train,Quando estiveres triste abraça um sapato. Um sapato com sola.
5.1250.H,5.1250,H,1,train,train,"Qual a carne que rapidamente disse ""ooooh""? Carne disse oh já."
5.795.H,5.795,H,1,train,validation,Qual é o cachorro mais depressivo que existe? É o Golden Rivotril.
5.3294.H,5.3294,H,1,train,train,Qual nome da parente que você adora por na comida? Ingrid ente querida.
4.166.N,4.166,N,0,train,validation,Uma assistente de moda foi despedido . Qual é o filme? O Diabo Veste Prada.
4.117.H,4.117,H,1,train,train,O que é que é de graça mas tem que se pagar? Os serviços de um palhaço.
5.3922.H,5.3922,H,1,train,train,Qual o peido mais assustador? Poltergases.
5.3766.H,5.3766,H,1,train,train,Qual é a dupla musical de extremos opostos? PP e GG 
5.580.H,5.580,H,1,train,train,Por que a esposa do baterista dos Beatles ficou puta quando não tinha ninguém em casa? Porque era pra Ringo Star.
4.388.H,4.388,H,1,train,train,Hoje passei por uma família de cães na rua. Foi ali em Family-cão.
5.2479.H,5.2479,H,1,train,validation,Qual é o personagem mais fedido da Disney? O Ursinho Pum.
5.3056.N,5.3056,N,0,train,train,Qual personagem mais incrível de GOT? Oberyn!
5.250.H,5.250,H,1,train,test,"Por que sempre depois que eu durmo à tarde, eu acordo com 1kg de arroz, de feijão, macarrão, açúcar e etc.? Porque foi uma siesta básica."
5.1046.H,5.1046,H,1,train,train,Qual o canal para fumantes infantis? Carlton Network.
5.2946.N,5.2946,N,0,train,train,"O que o Prof . Girafales disse quando não conseguiu descompactar um arquivo no Windows? "" Tar, tar, tar, tar … Tar! """
4.188.N,4.188,N,0,train,test,Porque é que o poste caiu? Vento forte.
4.468.H,4.468,H,1,train,train,"Quando peço molhos o ketchup vem logo, mas a mostarda."
4.126.H,4.126,H,1,train,train,Quais são os peixes que não andam de elevador? As pescadas.
5.2896.N,5.2896,N,0,train,train,Qual cantor só pode ser visto pela internet? Lucas Inutilismo
5.2360.N,5.2360,N,0,train,validation,Por que a atleta foi presa por atentado ao pudor enquanto jogava? Porque estava jogando uma partida.
4.226.N,4.226,N,0,train,test,Porque é que o João Silva está feliz? Porque teve um dia positivo.
4.428.N,4.428,N,0,train,train,Eu sempre quis comprar um cavalo . Por isso fui a uma quinta e pedi um orçamento.
5.405.N,5.405,N,0,train,test,Onde ficam as maiores dúvidas dos dentistas? Na cabeça.
5.687.H,5.687,H,1,train,test,"O que os moradores de rua falam em louvor a Deus? Amém, digo..."
4.255.N,4.255,N,0,train,train,O que é um descarrilamento? É o despiste de um comboio.
4.398.N,4.398,N,0,train,train,"Era um vez um esquilo tão pequeno, tão pequeno, que em vez de chamar esquilo, chamava-se esquilinho."
4.220.H,4.220,H,1,train,train,A que velocidade correm as vacas? Acém.
5.2701.H,5.2701,H,1,train,train,"O que a pessoa faz quando tem que dividir uma palavra, mas não sabe? Uma divisão seilábica."
4.134.H,4.134,H,1,train,test,O que é um quartzo? É um aposentzo de um apartzamentzo.
5.224.N,5.224,N,0,train,train,"O Faustão se espantou com o tamanho do pé de uma criança . Qual é a empresa de ônibus? "" Gontijo ""."
4.409.H,4.409,H,1,train,test,Como é que as galinhas vendem droga? Pó! Pó! Pó! Pó! Pó! Pó! Pó! Pó!
5.3155.N,5.3155,N,0,train,train,Qual atriz deveria ter feito parte do elenco de Vingadores? Angelina Jolie
5.622.H,5.622,H,1,train,train,Qual é o estilo musical favorito das plantas? Regue.
5.780.N,5.780,N,0,train,train,Qual a mulher que mais gostava de andar de avião? Simone de É Souza.
5.2414.N,5.2414,N,0,train,train,O que o cílio falou pro outro depois que contou uma piada? Entendeu.
5.658.N,5.658,N,0,train,train,Qual é a cidade que oferece manteiga? Quebec.
4.98.N,4.98,N,0,train,train,O que é um carro amarelo no trânsito? É um táxi.
4.433.N,4.433,N,0,train,validation,Hoje descobri que a minha torradeira não é à prova de água . Fiquei surpreendido.
4.378.H,4.378,H,1,train,train,"Se eu comer um instrumento musical na Austrália, ele é didjeridu no estômago?"
5.1006.H,5.1006,H,1,train,train,Qual a concorrente mais desbocada da Marvel??? DC Gonçalves.
5.2458.N,5.2458,N,0,train,train,"Qual é a semelhança entre uma carta de amor de um ex-goleiro brasileiro e uma luta do Mike Tyson? Ambas podem acabar "" fim ""."
4.625.H,4.625,H,1,train,train,O que é um indivíduo numa poça de lama? Um sujeito.
5.3496.N,5.3496,N,0,train,train,Qual o sanduíche do Silvio Santos? Baú ru da felicidade.
5.3379.N,5.3379,N,0,train,test,"Qual atriz que mesmo sem companhia, nunca anda sozinha? Fernanda Montenegro."
5.3460.H,5.3460,H,1,train,train,"Qual feriado religioso que não é nem pra preto, nem pra branco? Quarta freira de cinzas."
5.567.H,5.567,H,1,train,train,Que cantor caiu de cara na calçada? Milton No Cimento.
4.308.H,4.308,H,1,train,train,"Hoje levantei-me às 6 da manhã para correr. Para correr os cortinados, porque assim o sol não bate na cama e eu posso dormir descansado."
4.142.N,4.142,N,0,train,train,Qual é o melhor chá para a calvície? É o chá verde.
5.3799.N,5.3799,N,0,train,train,Qual bandeira está guardada dentro do armário? Bandeira do Equador.
4.322.H,4.322,H,1,train,train,Qual é a semelhança entre um sapato e uma PlayStation? Ambos são consola.
5.3008.N,5.3008,N,0,train,train,O que o cara gripado faz quando está perto de um grupo de doutoras? Contamina.
5.1324.H,5.1324,H,1,train,train,Qual o meio de transporte que aceita qualquer estilo musical? Bicieclética.
5.3907.N,5.3907,N,0,train,train,Por que quem não tem ferro não se preocupa em sair com roupa amassada? Porque a hora passa.
5.3864.N,5.3864,N,0,train,train,Qual o ator que se recusa a dar o seu voto? Stênio Garcia.
5.2238.H,5.2238,H,1,train,train,Qual o programa musical favorito da turma do Chaves? Pops Star 
5.2679.N,5.2679,N,0,train,train,Qual padre é um cavalo? Marcelo Rossi.
5.3768.H,5.3768,H,1,train,test,Onde o Jabba come? No pizza hutt 
4.74.H,4.74,H,1,train,train,O que é que a mãe terrorista diz ao filho que está aos saltos na cama? Daesh daí!
5.327.N,5.327,N,0,train,train,Desde quando o pedreiro comete erros de concordância? Desde seu “ supletivo ”
5.1140.H,5.1140,H,1,train,train,Qual é a moeda preferida que quem fica em casa cuidando dos filhos? Do Lar
5.1089.H,5.1089,H,1,train,train,"Por que o gato mia pra lua, mas a lua não mia pro gato? Porque astronomia."
5.1307.N,5.1307,N,0,train,train,Como chamam a pessoa calma que não percebe o que tá fazendo? Desatenta.
5.2221.H,5.2221,H,1,train,train,Qual personagem infantil tem a rosquinha mais gostosa? O Pato Donut 
5.3521.H,5.3521,H,1,train,train,"O que o cara gritava quando foi preso por 171? ""Mentira daqui!"""
5.614.N,5.614,N,0,train,test,Qual é o carro preferido do Ricardo? Logan.
5.3053.N,5.3053,N,0,train,train,O que a vaca disse quando vazaram seus nudes? Apaga!
5.1750.N,5.1750,N,0,train,train,Qual é o humorista que é a musa do positivismo? O Felipe Diih Lopes.
5.1379.H,5.1379,H,1,train,train,Qual é o carro que acabou de sair do forno? O Kia Soul.
4.660.N,4.660,N,0,train,test,"Como se chama um cão sem donos? Não se chama, vai-se buscar."
5.2987.N,5.2987,N,0,train,train,Qual microorganismo é viciado em drogas? Bactérias.
5.248.H,5.248,H,1,train,train,Qual foi o dinossauro mais zoeiro que existiu? Tirando Sarro Rex.
5.2746.H,5.2746,H,1,train,train,Qual o estado onde são assassinados todos os gaúchos ignorantes? Mate o grosso do sul
5.3755.N,5.3755,N,0,train,train,Por que o Lulu Santos desenha os melhores e mais perfeitos círculos do mundo? Porque usa compasso
4.250.N,4.250,N,0,train,test,Qual é a especialidade de um médico bipolar? Otorrinolaringologista .
5.3789.N,5.3789,N,0,train,train,Qual o vinho caro do Lamartine Babo? Merlô.
5.2974.H,5.2974,H,1,train,test,Qual banda que só usa tenis? Oasics.
5.3787.N,5.3787,N,0,train,test,Qual ator estrangeiro já foi PM? Guiliano Gemma
5.3646.H,5.3646,H,1,train,test,"Qual a banda do pai caipira que reclama dos passos de dança do filho? Se mexe mal, fi...  "
4.735.H,4.735,H,1,train,train,O que é que a vegan fez à carnívora? Quinoa.
4.244.H,4.244,H,1,train,train,O Tom Cruise está à frente dum urinol durante duas horas. Qual é o filme? Micção Impossível.
5.2041.H,5.2041,H,1,train,validation,Qual é a padroeira da construção civil? Alvenaria cheia de graça 
5.1803.N,5.1803,N,0,train,train,Por que é recomendável ficar protegido em um tiroteiro? Para não levar tiro à queima-roupa.
5.1209.N,5.1209,N,0,train,train,"Qual verdura assustasse? Ai, pô!"
5.4039.N,5.4039,N,0,train,train,Qual grupo baiano é animado? Araketu.
5.747.H,5.747,H,1,train,train,"Por que bactérias, fungos e protozoários gostam de criar músicas? Porque são seres decompositores."
5.3087.H,5.3087,H,1,train,train,Qual remédio é bom pra rir dormindo? Rino sono.
5.308.H,5.308,H,1,train,train,Pra que o peixe foi se confessar? Pra pagar seus pescados.
5.2404.H,5.2404,H,1,train,train,Qual é o estado que queria ser um carro? Ser Jipe.
5.1421.H,5.1421,H,1,train,test,Qual é o inseto que pode ser usado como forma de pagamento? Borboleto.
5.2291.H,5.2291,H,1,train,train,Qual é a grife de roupa chique pra acampar? Dolce & Cabana
5.750.H,5.750,H,1,train,validation,Qual marca de automóvel é a mais atlética? O Cross Fiat.
4.266.H,4.266,H,1,train,train,Porque é que os cangurus não pagam propinas? Porque têm bolsa.
5.3682.N,5.3682,N,0,train,test,Qual a localidade onde o urso passa a maior parte do tempo? Ele gosta de hibernar na caverna.
5.3630.H,5.3630,H,1,train,train,Qual herói da Marvel trabalhou pro Silvio Santos? Thor Ragnaroque.
4.259.N,4.259,N,0,train,test,O que é que acontece quando o Frodo morre? Passam-lhe uma certidão de óbito.
5.2406.H,5.2406,H,1,train,train,Porque o jogador de futebol resolveu treinar na piscina? Para melhorar os passes com profundidade.
4.329.H,4.329,H,1,train,train,"Como é que se diz ""aspirador"" em chinês? Lin Po Po."
5.1226.N,5.1226,N,0,train,train,Por que o Ronaldo teve que dar satisfação na delegacia depois de perder um penalty? Porque pegou no goleiro.
5.1781.H,5.1781,H,1,train,train,Porque os peixes amam a franquia Far Cry? Porque eles adoram jogos que tenham Guelra.
5.1900.H,5.1900,H,1,train,train,Que música só toca às 16h50? Despacito
5.4020.H,5.4020,H,1,train,train,Qual animal é sempre do contra? Anta gonista.
5.3623.H,5.3623,H,1,train,train,Qual é o detetive que joga tênis? Ace Ventura.
5.2524.H,5.2524,H,1,train,test,Qual banda dos amigos perdedores? Loser Manos.
5.573.H,5.573,H,1,train,train,Por que o Mickey não precisa ser bem dotado? Porque a Minnie-atura.
4.7.N,4.7,N,0,train,train,Um casal teve relações no meio do mato e teve dois filhos . São filhos do bosque.
4.435.H,4.435,H,1,train,train,"Como é que se diz ""médico estagiário"" em japonês? Otikuro Otimato"
5.1206.N,5.1206,N,0,train,validation,Qual cantor sempre abre as portas para tudo? Gabriel O pensador.
4.750.N,4.750,N,0,train,train,O que disse o Yoda quando se viu a si próprio em 4 K? Nada!
5.2941.N,5.2941,N,0,train,train,O que aconteceu com o garoto depois de horas jogando Street Fighter no Mega Drive? Ficou com o polegar vermelho.
5.2620.H,5.2620,H,1,train,test,Em qual cidade ninguém é mais virgem? Juiz Deflora.
5.235.N,5.235,N,0,train,train,Por que o Mickey comprou um sutiã? Presentear.
4.8.N,4.8,N,0,train,train,"O Adão decidiu fazer uma tatuagem . "" Adão &Eva """
5.1625.H,5.1625,H,1,train,test,Qual é o maior cantor do mundo? Marilyn Imenso.
5.868.H,5.868,H,1,train,validation,Por que o oftamologista anão foi pra Disney? Pra comprar minnie eye-pads.
5.2276.N,5.2276,N,0,train,train,Qual é o chá que abre portas na nossa vida? De hibisco.
5.3451.N,5.3451,N,0,train,train,Em qual cidade europeia as pessoas que bebem tem que se molhar quando chove? Dublin.
4.451.H,4.451,H,1,train,train,Detesto ir ao cabeleireiro quando estou nervoso. Fico sempre com os nervos em franja.
5.130.H,5.130,H,1,train,train,Qual rua de São Paulo sofre frequentemente do mesmo mal súbito? Vinte e Três Desmaio.
5.2772.N,5.2772,N,0,train,train,Qual o jogo feito para fãs de modelos de carros da Chevrolet? The Legends of Zelda
5.2632.N,5.2632,N,0,train,train,Qual vilão de cinema gosta de chocolate? Thanos.
4.209.N,4.209,N,0,train,test,Em que parte da cidade há mais restaurantes italianos? No centro.
5.2640.N,5.2640,N,0,train,train,Qual cantor era um estrafalário? O Vinny.
4.48.H,4.48,H,1,train,train,O que é um pontinho verde numa noiva? A greenalda.
5.502.H,5.502,H,1,train,train,Quais plantas só usam sapatos baixos? São Dálias.
5.2433.N,5.2433,N,0,train,train,"Depois de um acidente de caiaque, o jovem teve seus dois pés amputados . Qual é o nome do filme? O náufrago."
5.3581.H,5.3581,H,1,train,train,Qual artista gosta de pintar os personagens de Toy Story usando cores bem vivas? O Andy Warhol.
5.2534.N,5.2534,N,0,train,test,Onde moram os dançarinos da Xuxa? São Paulo.
5.847.N,5.847,N,0,train,train,Qual a canção favorita de quem tem um Nintendo? November Rain.
5.3361.N,5.3361,N,0,train,train,Qual a cidade europeia que mais tem show de humor? Berlim.
5.3108.N,5.3108,N,0,train,train,Qual sanduíche do McDonalds te faz sair de qualquer enrascada? Quarteirão.
4.463.N,4.463,N,0,train,test,Qual é o melhos carro para o dia-a-dia e conforto? É o Volkswagen Bora!
5.598.N,5.598,N,0,train,train,Qual cantor na verdade é uma lésbica? Wesley Safadão.
5.2261.H,5.2261,H,1,train,train,Qual o filme que o Jerry mais tem medo? 50 Tons de Cinza
5.317.N,5.317,N,0,train,train,Qual banda é formada por um padre? É o Tchan! Com Alexandre Pires.
5.310.H,5.310,H,1,train,train,Por que o peixe não tem sorte? Porque pegou uma maré de azar.
5.3416.H,5.3416,H,1,train,test,Qual o programa que só passa excepcionalmente ? Exceção da Tarde.
5.2216.N,5.2216,N,0,train,train,Por que o astronauta desistiu de fazer mingau com farinha de trigo? Porque não havia gravidade
5.1419.H,5.1419,H,1,train,test,O que aconteceu com o Tony Stark quando ele disse que curtia rapazes? Ele virou o homo de ferro.
5.2083.H,5.2083,H,1,train,test,"Qual figura do carnaval que dá em cima das mulheres? Boneco de Oi, linda! "
5.3064.N,5.3064,N,0,train,train,Qual acessório de roupa que você paga por mês? Gravata Borboleta.
5.481.H,5.481,H,1,train,train,Por que a jogadora de baseball foi internada no hospício?  Porque ela não estava batendo bem.
5.1527.H,5.1527,H,1,train,test,Qual a bebida mais velha do bar? Vó dka.
5.1678.H,5.1678,H,1,train,train,O que acontece com o homem do interior que cai e bate a cabeça? Cai e pira.
5.3249.N,5.3249,N,0,train,train,Qual o produto de limpeza mais antigo? Ala.
4.333.N,4.333,N,0,train,test,Em quantas partes se parte o corpo do homem? Depende da força da pancada.
4.364.N,4.364,N,0,train,train,O que diz um ouriço quando entra na casa de banho? Pivete!
4.246.H,4.246,H,1,train,train,"Eu até pensei fazer uma piada sobre sódio e hidrogénio, mas NaH..."
5.454.N,5.454,N,0,train,train,Por que a criança vivia no quarto sem poder falar nada? Porque foi maltratado.
4.449.H,4.449,H,1,train,train,Porque é que o soutien foi preso para interrogatório? Porque era sous-peito.
5.540.H,5.540,H,1,train,train,Qual o grão usado na confecção de roupas? Gergelinho.
5.2237.H,5.2237,H,1,train,train,"Qual o cantor que, ao descobrir que é corno, resolve partir pra briga com o amante? Pau no Ricardo "
5.3965.H,5.3965,H,1,train,test,Pra onde vão os escritores? Pa Lavras.
4.742.N,4.742,N,0,train,train,O que teria acontecido se Adão e Eva fossem canibais? A Eva teria comido Adão.
5.3906.H,5.3906,H,1,train,train,Qual o nome do Gato do japonês? Ary Gato.
5.2961.H,5.2961,H,1,train,train,Como o piloto paga a tripulação? Cheque de portas.
5.102.H,5.102,H,1,train,train,Qual o conto de fadas preferido dos bebês?  Conto de Fraldas.
4.686.H,4.686,H,1,train,train,O que acontece quando um salmão morre? Re-sushi-ta.
5.2496.H,5.2496,H,1,train,validation,"O que o médico disse para o homem que entrou gemendo de dor no hospital? ""Seja paciente""."
5.660.N,5.660,N,0,train,train,Qual o chocolate favorito dos fiéis? Bis.
4.260.H,4.260,H,1,train,train,Quando era criança quis ser astronauta. Mas depois os meus pais disseram-me que o céu era o limite.
5.64.N,5.64,N,0,train,train,De como a mulher do Mozart o chamava? Marido.
5.1362.H,5.1362,H,1,train,train,Uma moça usava um grampo que começou a enferrujar. Ela pediu pra uma costureira o forrar. Qual é o nome do filme? Forra este Grampo.
5.1431.N,5.1431,N,0,train,test,Qual é o nome do X-Men que é ginecologista? Wolverine.
5.4073.N,5.4073,N,0,train,train,Qual aeroporto foi feito para arrecadar dinheiro? Guarulhos.
5.1000.N,5.1000,N,0,train,train,Qual cantora tentou adotar Jesus Cristo? Vanusa.
4.431.H,4.431,H,1,train,train,"""Ontem"" não tem H. ""Hoje"" tem H. Como as coisas mudam de um dia para o outro..."
5.3145.N,5.3145,N,0,train,train,Qual a comida preferida do paciente com Ebola? É biscoito.
5.638.N,5.638,N,0,train,validation,Onde o mineiro aprendeu inglês? No trem!
5.1667.H,5.1667,H,1,train,train,Qual o penteado que te faz triturar encanamentos? Moicano
5.1631.N,5.1631,N,0,train,train,Como se chama a sessão de fotos do Estado Islâmico? Sessão de fotos
5.3353.H,5.3353,H,1,train,validation,Qual a música mais ouvida nas cordilheiras? Snow or neve.
4.1.H,4.1,H,1,train,train,Por que é que o Capitão América ficou sem abrigo? Porque ainda usa o escudo.
2.21.N,2.21,N,0,train,train,"Eu não esperei, mas o ônibus esperou."
5.100.H,5.100,H,1,train,validation,Qual a data mais importante do calendário grego? Dia de Ação de Grécias.
4.167.N,4.167,N,0,train,test,Qual é o passatempo preferido de um mexicano de 12 anos? Bricar às escondidas.
5.1286.N,5.1286,N,0,train,validation,Qual o nome do piloto do dirigível? Feodor Nenov.
5.934.N,5.934,N,0,train,train,Qual é o seriado da Nickelodeon em que uma menina sempre caçoa de alguém e depois dá a bunda? iCarly.
4.738.H,4.738,H,1,train,train,O meu cão fez anos ontem. Fiz-lhe uma festa.
4.351.H,4.351,H,1,train,train,"Pai Natal, tu róis as unhas? Roo! Roo! Roo!"
5.1343.N,5.1343,N,0,train,train,O Batman vestiu seu Batblazer e seu Batsapato social . Para onde ele foi? Para o casamento.
5.263.N,5.263,N,0,train,test,Qual é o nome do filme protagonizado por duas motos bem nervosas? A parede.
4.213.H,4.213,H,1,train,train,Como é que se chama uma empregada doméstica chinesa? Lee-xívia.
5.3251.N,5.3251,N,0,train,test,"Por que Fernando foi preso por matar, e Gonçalves não? Porque cometeram crimes diferentes: Gonçalves furto, e o Fernando homicidio."
5.3197.H,5.3197,H,1,train,test,O que faz o jardineiro perder a cabeça? Garden-all
4.141.N,4.141,N,0,train,train,Qual é a sobremesa mais popular na Rússia? O Pudim flan.
5.117.H,5.117,H,1,train,train,Qual peixe viveu uma aventura digna dos contos de fadas? Aliche no país das Maravilhas.
5.63.H,5.63,H,1,train,train,Do que os antigos atores que fizeram o Thor foram acusados? De extorsão.
5.742.N,5.742,N,0,train,train,Como se chamavam os artesãos franceses que viviam o corpo em forma? Os saudáveis.
5.199.N,5.199,N,0,train,train,Por que se deve sair na rua com um segurança? Para evitar sequestro relâmpago.
4.200.N,4.200,N,0,train,train,Qual é a marca de computadores que vende melhor? A Dell.
5.108.N,5.108,N,0,train,validation,Qual é a lagoa que não sabe o alfabeto? Pampulha.
5.1009.N,5.1009,N,0,train,train,O que o 7 perguntou pro amigo dele? Tu vens?
5.484.H,5.484,H,1,train,train,Em qual país que todo mundo mente? Em Gana.
4.504.N,4.504,N,0,train,train,"Qual é a diferença entre a maçã e um iogurte? Se deixares o iogurte sozinho durante 300 anos, eventualmente acaba por se formar uma cultura."
5.2929.N,5.2929,N,0,train,validation,Qual é a cantora mais conhecida por assédio? é a Lizzo
5.742.H,5.742,H,1,train,validation,Como se chamavam os artesãos franceses que viviam o corpo em forma? Os sem culote.
5.3697.N,5.3697,N,0,train,train,Qual a série policial favorita do Guga? C.S.I. .
5.1210.H,5.1210,H,1,train,train,"O que um empacotador gay falou para o outro? ""Lacrou, viado?"""
5.2802.N,5.2802,N,0,train,train,Qual o leite mais poderoso? Leite Ninho
5.2614.N,5.2614,N,0,train,train,Qual a cidade com mais descargas elétricas? Teresina.
5.4098.N,5.4098,N,0,train,test,Qual molho é sempre servido em proporções exageradas? De tomate.
5.3027.N,5.3027,N,0,train,test,Qual o estado americano preferido dos sadomasoquistas? Nevada.
5.1469.N,5.1469,N,0,train,train,Qual é a guitarra com menor popularidade no Brasil? Fender.
5.1737.N,5.1737,N,0,train,train,Qual é o cachorro que nasce depois que se tira o cordão umbilical? Um beagle.
5.886.N,5.886,N,0,train,train,Qual cantor usa hack nos jogos? O Xororó.
5.2399.H,5.2399,H,1,train,train,Qual é o jogo que no final sempre dá merda? K game.
5.158.N,5.158,N,0,train,train,Qual é o alimento que só pode ser servido em duas mesas de tamanho considerável? Queijo.
4.577.N,4.577,N,0,train,train,Algumas pessoas têm dificuldade em dormir . Eu cá consigo fazê-lo.
5.518.N,5.518,N,0,train,test,Qual ator eu costumo difamar? Robert Pattinson.
4.230.N,4.230,N,0,train,train,"Sonhei que pesava menos de uma milésima de grama . E fiquei tipo "" Incrível ""."
5.3625.N,5.3625,N,0,train,train,Qual a banda que ajuda as pessoas a alcançar a seu destino? U2.
5.3548.H,5.3548,H,1,train,test,Qual a banda especializada na remoção de carpetes? Revela chão.
5.2060.H,5.2060,H,1,train,train,Qual o personagem de star wars que vive espirrando? An atchim skywalker 
4.616.H,4.616,H,1,train,train,Por que é que os hospitais não atendem plantinhas? Porque só têm médicos de plantão.
5.638.H,5.638,H,1,train,train,Onde o mineiro aprendeu inglês? No Uai...zap!
5.435.H,5.435,H,1,train,train,Qual animal vive no esteticista? A TrataRuga.
4.510.N,4.510,N,0,train,test,"No outro dia estava a lavar o carro com o meu filho, vira-se ele: Pai, porque é que usas uma esponja?"
5.2778.N,5.2778,N,0,train,train,Qual jogo do Windows só funciona se você fizer tudo o que ele quer? O Campo Minado
2.21.H,2.21,H,1,train,validation,"Eu não esperei, mas o Jack Sparrow."
5.3822.N,5.3822,N,0,train,train,Qual comediante tem um carro da Renaut? Murilo Couto.
5.2877.H,5.2877,H,1,train,train,Qual a marca de roupa predileta do proctologista? Tome-lhe finger!!
5.2152.H,5.2152,H,1,train,train,Qual é o médico da Elsa da Frozen? O otorrinolaringooo laringooo… 
5.3101.N,5.3101,N,0,train,train,Qual herói do cinema é o melhor em fuxicar as redes sociais de seus inimigos? Luke Skywalker.
5.3998.N,5.3998,N,0,train,train,Qual presidente brasileiro foi o mais pombo de todos? Michel Temer.
5.3712.N,5.3712,N,0,train,train,Qual padre fazia merchan de sapato? Fábio de Melo
4.657.H,4.657,H,1,train,validation,O Aníbal foi ao Campeonato do Mundo e apareceu na TV. Ficou conhecido Aníbal Mundial.
5.1750.H,5.1750,H,1,train,train,Por que o mesário se jogou na piscina no dia da eleição? Pra fazer um salto urnamental
4.552.H,4.552,H,1,train,validation,Como é que um Pokémon espirra? Pika-Pika-ACHU!
5.3890.N,5.3890,N,0,train,test,Qual cantora pop sempre te convida pra tomar uma xícara de café? Beyoncé.
4.472.H,4.472,H,1,train,train,Qual é a fruta mais comum nos churrascos? É o açaí.
5.683.N,5.683,N,0,train,test,Qual é a jornalista mais genérica do mundo? Lucy Morgan.
4.426.N,4.426,N,0,train,test,"O Humberto era tão gordo, tão gordo, que um dia teve de mudar o nome."
4.530.H,4.530,H,1,train,train,Adoro pessoas com sardas. Têm centenas de pontos a seu favor.
5.3058.H,5.3058,H,1,train,train,Qual assassino possui um vasto conhecimento? John Wick Pédia.
5.2641.H,5.2641,H,1,train,train,Qual o lutador de UFC mais intenso? Over dum.
5.884.H,5.884,H,1,train,test,Por que o jogador deixou o outro time empatar? Por Empatia.
5.4102.N,5.4102,N,0,train,train,Qual a quantia que te pagam e vc fica ofendido? 1 centavo.
5.2930.H,5.2930,H,1,train,test,O que o policial disse à seleção argentina? Ninguém se Messi!!! 
5.463.H,5.463,H,1,train,train,"Por que o Fred Flinstone se separou da Wilma? Porque quando foi mexer no pc dela, tinha aba da badoo"
5.3995.N,5.3995,N,0,train,train,Qual a atriz mais feminina do Brasil? Ines Brasil.
4.504.H,4.504,H,1,train,validation,"Qual é a diferença entre a América e um iogurte? Se deixares o iogurte sozinho durante 300 anos, eventualmente acaba por se formar uma cultura."
4.115.H,4.115,H,1,train,train,Qual é a bebida alcoólica preferida do Pai Natal? É o gin Gobel.
4.248.N,4.248,N,0,train,train,"Qual é o único país que pode conduzir? A Indonésia, porque tem carta de condução."
5.1043.H,5.1043,H,1,train,train,Qual é o pokémon da umbanda? O pikaEXU
4.417.N,4.417,N,0,train,test,Porque é que os daltónicos têm péssima memória? Porque não sabem nada decor.
4.505.N,4.505,N,0,train,train,"O casamento é muito bonito e tal, mas se casares com a pessoa errada, é como a COVID-19 . Todo os dias novos sintomas."
4.632.N,4.632,N,0,train,test,Nem todos os esqueletos ouvem . Só os que têm ouvidos.
2.13.N,2.13,N,0,train,train,"Quando o Papai Noel morrer, ele não estará mais entre nós."
4.316.H,4.316,H,1,train,train,Como é que os sapateiros entram nas piscinas? Fazem um salto.
5.1609.H,5.1609,H,1,train,train,"Qual é o nome da vovó no foguete? 2001, uma old Célia no espaço."
5.3047.H,5.3047,H,1,train,train,Qual o estado americano especializado em palestras? TEDxas.
5.87.H,5.87,H,1,train,train,Qual a embarcação criada para salvar os dinossauros do dilúvio?  A arca DINO É
4.148.H,4.148,H,1,train,train,Que nome se dá a uma mulher que tem a mania que é esperta? Eugénia.
5.1170.H,5.1170,H,1,train,train,Como chama o programa em q artistas não profissionais se apresentam para um júri e engordam bagarai? Show de calourias.
4.130.H,4.130,H,1,train,test,Qual é a parte do corpo mais leve? É o sóvácuo.
5.872.H,5.872,H,1,train,train,Qual comediante vive com calor? Renato Abane.
5.247.H,5.247,H,1,train,train,Qual cantor está sempre querendo uma bebida? MC Quer Vinho.
5.2959.H,5.2959,H,1,train,train,Qual empresa responsável por encher o avião? Infla Aero.
5.710.H,5.710,H,1,train,train,Como se faz para desenterrar um Jockey? É só escavá-lo.
5.661.H,5.661,H,1,train,train,Qual é o time da língua inglesa que é uma porcaria? Manchester Shit.
5.1063.N,5.1063,N,0,train,train,Qual a cidade que paga um valor fixo pra todo mundo? Capivari do Sul.
4.246.N,4.246,N,0,train,train,"Eu até pensei fazer uma piada sobre sódio e hidrogénio, mas não ..."
5.2044.H,5.2044,H,1,train,train,Que carro vale mil curtidas? 1k de like 
5.1506.N,5.1506,N,0,train,train,Qual é o funkeiro que embriaga as pessoas? MC Ryan
5.1439.H,5.1439,H,1,train,train,O que o passarinho falou para o passarinho? Quer danoninho?
5.2008.N,5.2008,N,0,train,validation,Em qual cidade todas as pedras preciosas e incomuns são protegidas? Sertãozinho
4.144.N,4.144,N,0,train,train,Porque é que as moedas não podem ter relações? Porque são inanimadas.
5.200.H,5.200,H,1,train,train,"O que o pão disse para o padeiro quando este abriu o forno? ""Assôoo""!"
5.3247.N,5.3247,N,0,train,validation,Qual verdadeiro nome de Malcom X? Malcolm.
4.723.N,4.723,N,0,train,train,Como é que as mães ralham com os filhos? Ai de ti que voltes a fazer isso!
4.21.N,4.21,N,0,train,train,Um turista asiático entra numa padaria . - Tem pão?
5.311.N,5.311,N,0,train,train,Por que o pato tem inveja do cachorro? Porque ele tem 1 rabo.
5.3153.N,5.3153,N,0,train,train,O que o bob esponja come pra ser tão serelepe? Hambúrguer de Siri com Queijo.
5.2270.H,5.2270,H,1,train,validation,O que o diretor de cena gay falou pro contra regra ? Me croma ki
5.1028.H,5.1028,H,1,train,train,Como os baianos chamam os cabelos loiros? Pelo ourinho.
5.3401.H,5.3401,H,1,train,train,Por que os indios receberam os portugueses com uma fogueira? Porque era cara a vela.
5.250.N,5.250,N,0,train,train,"Por que sempre depois que eu durmo à tarde, eu acordo com 1 kg de arroz, de feijão, macarrão, açúcar e etc.? Porque foi uma doação."
5.2623.N,5.2623,N,0,train,test,Qual ator é resultado do avanço da clonagem? George Clone.
5.2322.N,5.2322,N,0,train,train,Um homem perguntou quanto comia o vira-lata . Qual o nome do jogo? Rex tá um.
4.629.H,4.629,H,1,train,train,"Quando tiver um irmão, vai chamar-se Herrare. Porque Herrare é o mano."
5.568.N,5.568,N,0,train,train,Qual o cão farejador mais famoso? Scooby Doo.
5.2618.H,5.2618,H,1,train,train,Qual ator é uma frutinha? Char Lichia.
5.3192.N,5.3192,N,0,train,test,Qual personagem de desenho que não tem pinto? Patolino.
5.141.N,5.141,N,0,train,test,Qual o herói da ovelha? Batman.
5.2183.N,5.2183,N,0,train,validation,Qual é a hortaliça que faz sucesso no norte e nordeste? Macaxeira
5.2557.H,5.2557,H,1,train,train,Qual é o jogador brasileiro que não chega a caprichar na pontaria? Quase Miro.
5.3791.H,5.3791,H,1,train,validation,Qual loja vende roupas e dardos? Zara Batana.
5.3739.N,5.3739,N,0,train,train,"O que uma jogadora disse à outra quando quis mostrar sua lealdade? "" Vou aonde você for, amiga! """
4.601.H,4.601,H,1,train,test,"Qual é a diferença entre piadas de física e química? As piadas de física têm muito potencial, as de química são mais periódicas."
4.312.H,4.312,H,1,train,train,Porque é que a mulher do Einstein usa bikini? Porque tem um bom físico.
4.375.N,4.375,N,0,train,train,Como envergonhas um arqueólogo? Dás-lhe um pedragulho e perguntas de que período data.
5.3045.H,5.3045,H,1,train,test,"""Por que a pessoa não paga pelo absorvente? Porque """"quer free""""."""
5.485.N,5.485,N,0,train,train,Onde o Diabo almoça? No inferno.
5.1449.H,5.1449,H,1,train,train,Po rque o carteiro foi à feira? Porque tinha uma carta na manga.
5.3794.H,5.3794,H,1,train,train,Que dia do ano todos fazem os mesmos movimentos na piscina? Finados Sincronizado.
4.469.N,4.469,N,0,train,train,O meu médico disse-me que eu tinha uma úlcera no estômago . Foi uma notícia bastante difícil de aceitar.
5.1272.N,5.1272,N,0,train,validation,Qual rato que mais trabalha pela cultura do Brasil? Mickey Mouse.
5.3803.H,5.3803,H,1,train,train,Em qual símbolo uma ferramenta avisa que a outra foi embora? Foi-se o martelo.
4.721.H,4.721,H,1,train,validation,Como se sabe que Salazar tomava viagra? Foi o homem que mais tempo manteve a dita-dura.
5.3103.N,5.3103,N,0,train,train,Doença comum nos detergentes? Póliomielite.
5.1858.H,5.1858,H,1,train,train,Que cantora faz pequenas transmissões na internet? Avril Livinha.
5.567.N,5.567,N,0,train,train,Que cantor caiu de cara na calçada? Milton Nascimento.
5.764.H,5.764,H,1,train,train,"Qual o carro heróico, defensor dos fracos e oprimidos, que foi inventado na época da Pangeia?  Opala dino."
5.1237.N,5.1237,N,0,train,train,Qual o tio que faz pesquisa sobre o câncer? O Oncologista.
5.2700.N,5.2700,N,0,train,train,""" O que as organelas responderam quando perguntaram se elas eram argentinas? "" "" Pero sí, somos "" "" . """
5.2908.H,5.2908,H,1,train,train,Qual churrascaria serve quase nada de comida no seu rodízio? Churrascaria Poucão 
5.3722.N,5.3722,N,0,train,train,Qual personagem do Mortal Kombat sempre se despede de seu animal? O Kung Lao
4.355.H,4.355,H,1,train,train,Qual é o fenómeno meteorológico mais natalício? É a rabanada de vento.
5.4007.N,5.4007,N,0,train,train,Por que a Eva nunca dizia em que ano estudou? Porque Eva idosa.
5.229.N,5.229,N,0,train,test,Qual inseto está muito gordo? Mosquito.
5.771.H,5.771,H,1,train,test,Por que a ideia ficou cansada depois da reforma? Porque perdeu o assento.
5.3618.H,5.3618,H,1,train,test,Qual os piores inimigos dos MINIons??? MAXIoffs
4.319.H,4.319,H,1,train,test,A camaleoa vira-se para o marido: Volta para a camaleão...
4.683.H,4.683,H,1,train,train,Nunca li uma boa piada sobre granola. Mas sobre muesli.
5.1078.H,5.1078,H,1,train,train,Qual o bolo mais barulhento que existe? Bolo de Noises.
5.1746.H,5.1746,H,1,train,train,Por que o ciclista ficou com medo de entrar na mata? Porque ele viu umacobra radical
5.307.N,5.307,N,0,train,train,Qual a inflamação que manja de futebol? Lombalgia.
4.583.H,4.583,H,1,train,train,"""Cada dia, temos de fazer com que as pequenas coisas contem"" - disse a professora de matemática de anões."
5.1209.H,5.1209,H,1,train,test,"Qual verdura grita? Ai, pô!"
5.176.N,5.176,N,0,train,train,Como o pessoal do Street Fighter comemora o Réveillon? De roupa azul.
5.539.H,5.539,H,1,train,train,Qual personagem literário gosta de música nordestina? Dom Quis Xote.
4.497.N,4.497,N,0,train,train,O que fazia o médico sem-abrigo? Ortopedia.
5.3079.H,5.3079,H,1,train,train,Qual o cineasta mais odiado em Goiânia? Martin ScorCÉSIO.
4.273.N,4.273,N,0,train,train,"Chamei "" Migas "" à minha cadela . Assim, sempre que me perguntam se estou sozinho eu respondo que estou com a minha Migas."
5.3143.N,5.3143,N,0,train,test,Qual o grupo dos heróis? Os Vingadores.
4.271.N,4.271,N,0,train,train,Já disse ao meu filho que devia comer mais arroz . Mas ele ri-se disso.
5.841.N,5.841,N,0,train,validation,Qual escritor usava roupas de frio? Edgar Alã Põe.
4.550.N,4.550,N,0,train,train,O que faz um drogado no bingo? Dinheiro.
5.1089.N,5.1089,N,0,train,train,"Por que o gato mia pra lua, mas a lua não mia pro gato? Porque a lua não mia."
5.2788.N,5.2788,N,0,train,train,Qual atração que só pode entrar quem se chama Leonardo? Circus Oz
5.1657.H,5.1657,H,1,train,train,Qual é a lanchonete favorita dos góticos? Black Donald's.
5.2604.H,5.2604,H,1,train,train,Qual cantora morreu ligada? Celine DieOn.
5.3912.H,5.3912,H,1,train,train,Qual supermercado diz o preço de uma carne em inglês? Carré Four.
5.564.N,5.564,N,0,train,train,Qual pássaro vive depressivo? Papagaio.
4.326.N,4.326,N,0,train,test,Porque é que os homens são mais burros ao pé das mulheres? Porque passam de homo sapiens para homo australopitecos.
5.633.H,5.633,H,1,train,test,Quais heróis se preocupam mais com as poses para foto do que com o destino do seu planeta? Os Tumblrcats.
4.217.N,4.217,N,0,train,validation,Quando estiveres triste abraça um sapato . Um sapato consola.
5.1647.N,5.1647,N,0,train,train,"Por que o James Bond não conseguiu entrar no restaurante? Porque tinha uma placa escrito "" No Mobile ""."
4.512.N,4.512,N,0,train,train,"A minha vida sexual é como a tua . Dantes era normal, depois ficou pobre e agora é zero."
5.1069.N,5.1069,N,0,train,train,Qual é o esporte mais antigo? A justa.
5.1822.N,5.1822,N,0,train,test,Qual o ex-ator mirim mais invejoso de Hollywood? Macaulay Culkin.
5.3345.N,5.3345,N,0,train,train,"Um cara comprou uma dúzia de bananas, mas comeu dez . O que ele faz agora? Come as outras duas."
5.2670.N,5.2670,N,0,train,train,Qual a dança que a Princesa Isabel mais gostava? Valsa.
5.3537.H,5.3537,H,1,train,train,Qual rockeiro não engorda? É o Regime Hendrix.
5.1858.N,5.1858,N,0,train,test,Qual é o cigarro que todos os comediantes gostam? Malboro.
5.1294.N,5.1294,N,0,train,train,Qual candidato vai dar preferência a transporte como barcos e navios? Geraldo Alkmin.
5.2538.N,5.2538,N,0,train,train,Qual atriz da Globo tem o olho torto? Cristiana Oliveira.
4.610.H,4.610,H,1,train,test,Por que é que os robôs fazem cirurgias? Porque têm nervos de aço.
5.3936.N,5.3936,N,0,train,train,Qual grupo de gordos ganhava todas as corridas? Os Corredores.
5.75.H,5.75,H,1,train,train,Qual é o contrário de centopeia? Levantomãofoi.
5.3275.H,5.3275,H,1,train,train,Qual jogo de adulto mais infantil que existe? Poker mon.
5.2606.H,5.2606,H,1,train,train,Qual a figura mitológica mais velha? Antígona.
4.46.N,4.46,N,0,train,test,Estão dois gatinhos à procura da mãe . Qual é o filme? Os Aristogatos.
4.234.N,4.234,N,0,train,train,"Se os cães pudessem acordar os humanos com um instrumento musical, qual seria? Acordeão!"
5.3605.H,5.3605,H,1,train,train,Qual a banda que mais faz sucesso entre os jovens na internet? U2be.
4.598.N,4.598,N,0,train,train,Estou a pensar começar uma relação com a minha amiga . Ao menos ela sabe dar-me o devido valor.
4.18.H,4.18,H,1,train,test,"Cristiano Ronaldo, está nervoso para o jogo com a Suécia? Não, Estocolmo."
5.2988.H,5.2988,H,1,train,train,Qual microorganismo é sempre passado pra trás? Protozotário.
4.254.N,4.254,N,0,train,train,Qual é a língua menos falada no mundo? Ter Sami.
4.186.H,4.186,H,1,train,train,Qual é a série preferida dos cagalhões? Prison Break.
5.3315.N,5.3315,N,0,train,train,Em qual cidade o santo é guia turístico? Ouro Preto.
5.3845.H,5.3845,H,1,train,train,Qual diretora de cinema também corta cabelo? Tizoura Yamazaki.
5.3791.N,5.3791,N,0,train,train,Qual loja vende roupas e dardos? Loja de produtos para caça.
4.560.N,4.560,N,0,train,train,O que é um pêssego careca enfiado no nariz? Uma bizarrice.
5.3499.H,5.3499,H,1,train,train,Qual sanduíche que só paquita come? Xuxalada.
5.2033.H,5.2033,H,1,train,train,Por que contrataram um tagarela no Pet Shop? Porque ele era especialista em banho e prosa 
4.571.H,4.571,H,1,train,train,"Porque é que o semáforo ficou encarnado? Tu também ficarias, se tivesses de te mudar no meio da rua"
5.964.N,5.964,N,0,train,validation,Qual é a cantora que tomou conta do Menino Jesus? Gal Costa.
5.3367.H,5.3367,H,1,train,train,Como se chamam quatro pessoas azaradas? In four túnio.
5.2448.H,5.2448,H,1,train,test,Qual é o animal que faltou a festa na floresta? Fura Cão.
5.569.N,5.569,N,0,train,train,"Qual personagem histórico sempre pede um império? Alexandre, o Grande."
5.2197.N,5.2197,N,0,train,train,Porque o frango usava smoking? Porque era elegante no último!
5.2278.H,5.2278,H,1,train,train,Qual é o gênio renascentista que adorava jogar RPG? Leonardo d20 
5.4059.H,5.4059,H,1,train,train,Qual cantor de Rap nunca chega antes? Marcelo Depois.
5.1214.N,5.1214,N,0,train,train,Por que a ginasta ficou com um gosto amargo na boca? Porque era a Rebeca Andrade.
5.5.N,5.5,N,0,train,validation,Por que o celular foi para o centro de reabilitação? Porque a bateria estava perdendo-se.
5.3327.H,5.3327,H,1,train,test,Quais são os ídolos do Silvio Santos no esporte? Pelé-Senna.
5.3706.N,5.3706,N,0,train,train,Qual cantor brasileiro que só usa tênis? Léo Santana.
5.4064.H,5.4064,H,1,train,validation,Qual o legume que toca música? Aipo-d.
5.94.H,5.94,H,1,train,validation,Qual o material bélico mais carente? Miss you.
4.741.N,4.741,N,0,train,train,Por que é que os pescadores não conseguem pescar? Porque têm a cana partida.
5.2767.N,5.2767,N,0,train,train,Qual banda faz protesto nos blocos de carnaval? Francisco el Hombre
5.3489.H,5.3489,H,1,train,test,O que o cara fez depois que rasgou a roupa cinco vezes? Apelou pra Quinta Emenda.
5.3018.H,5.3018,H,1,train,train,Qual a série que fala de fato quem é sua mãe? Realmente your mother.
5.749.H,5.749,H,1,train,train,Qual parte do automóvel é uma lenda? Chassi Pererê.
5.994.H,5.994,H,1,train,test,Qual é a bebida mais intelectual que existe? Yacult.
5.1524.H,5.1524,H,1,train,validation,Como se chamava o cara que roubava discos do Eric Clapton? Claptonmaníaco.
5.561.N,5.561,N,0,train,test,Qual personagem do Star Wars? xubaca.
5.2268.N,5.2268,N,0,train,train,Qual mote favorito do faustão? Alá
5.4057.N,5.4057,N,0,train,train,Qual rapper nasceu na Itália? MC Romano.
3.14.H,3.14,H,1,train,train,Por que as plantas pequenas não falam? Porque elas são mudas.
5.2603.N,5.2603,N,0,train,train,Qual cantor enxergava tudo o que o professor escreve em sala de aula? Caetano Veloso.
5.1936.H,5.1936,H,1,train,train,Por que que em Minas Gerais eles não armazenam os discos em recipientes? Porque se guardar NOS POTE FAIA
5.1349.H,5.1349,H,1,train,validation,"Qual é o contrário de volátil? Vem cá, sobrinho."
5.2020.N,5.2020,N,0,train,test,O que o nordestino disse pro amigo que sempre aceitava desaforo calado? XIA ÔMI
4.737.H,4.737,H,1,train,train,Que nome se dá a uma manifestação de bêbados? Alcoólicos Anonymous.
5.3098.N,5.3098,N,0,train,train,Qual o mais engraçado ator de pegadinhas? Divo Holanda.
5.363.N,5.363,N,0,train,train,"Qual o filme em que a mãe fica indignada quando chega em casa e vê que as crianças cagaram fora do vaso? "" O que é isso com a sala? """
5.3257.H,5.3257,H,1,train,validation,Qual o veículo favorito do gay misterioso? Bisecreta.
5.4088.N,5.4088,N,0,train,test,Qual é a dupla viciada em drogas? Zezé de Camargo e Luciano.
5.2836.N,5.2836,N,0,train,train,"Qual é a máquina agrícola que levou o irmão pro hospital psiquiátrico? O trator, porque o irmão tava doente"
5.2846.N,5.2846,N,0,train,train,Qual escritor era o mais nojento? Fernando Pessoa
4.273.H,4.273,H,1,train,train,"Chamei ""Migas"" à minha cadela. Assim, sempre que me perguntam se estou sozinho eu respondo que estou com a Migas."
4.744.H,4.744,H,1,train,train,Onde nasceu o Harry Potter? Salvaterra de Magos.
5.782.H,5.782,H,1,train,train,Qual a tartaruga ninja que mais gosta de dormir? O Fronhatelo.
5.603.H,5.603,H,1,train,test,Qual é atriz que está sempre com uma coceirinha no pé? Suzana Frieira.
4.446.H,4.446,H,1,train,train,Qual é a banda preferida dos obesos? A banda gástrica.
4.606.H,4.606,H,1,train,validation,"O que diz um brasileiro numa ourivesaria? E aí, tudo joia?"
4.685.N,4.685,N,0,train,train,O que diz um cavalheiro quando abre uma porta? Primeiro as senhoras.
4.626.H,4.626,H,1,train,test,"Como é que se diz ""bicicleta"" em japonês? Kasimoto."
5.2300.H,5.2300,H,1,train,train,Por que as pessoas estavam testando comidas dentro do ônibus? Porque era um teste do Busfeed.
5.3822.H,5.3822,H,1,train,test,Qual comediante tem um carro da Renaut? MuriLogan.
5.336.N,5.336,N,0,train,train,Qual o meio de transporte mais barato na Bahia? Uber imbau
4.321.H,4.321,H,1,train,test,O que é que uma gata com o cio diz aos gatos? Cio later.
4.465.H,4.465,H,1,train,validation,O que recebe um filho quando tem boas notas? Uma mesada. E quando tem más notas? Uma cadeirada.
4.23.H,4.23,H,1,train,test,Que nome se dá a um cão que adivinha o futuro? Cãoguru.
4.689.H,4.689,H,1,train,train,"Até vos contava uma piada sobre obras, mas ainda está em construção."
5.3780.N,5.3780,N,0,train,train,Por que o Zé Bonitinho fazia as mulheres se engasgarem? Porque ele era o galã das mulheres
4.744.N,4.744,N,0,train,train,Onde nasceu o Gregório Fernandes? Salvaterra de Magos.
4.247.N,4.247,N,0,train,test,"Se algum dia te sentires triste por não receberes correio, vai ao Google e faz uma pesquisa . Vais ter milhares de explicações."
1.3.N,1.3,N,0,train,train,"Se um pato perde a esposa, ele fica manco ou viúvo?"
5.1440.H,5.1440,H,1,train,train,Qual o instrumento musical mais vendido no Sul? Bahteria.
5.906.N,5.906,N,0,train,train,Qual doce fica bem se você comer só um pouquinho? O Bom um Bocado.
5.3165.H,5.3165,H,1,train,test,Qual pintor ganhou mais dinheiro com sua arte? Ricasso.
5.541.H,5.541,H,1,train,test,"Por que apareço sorrindo nas redes sociais, quando abasteço o meu carro? Porque só Posto Shell fie."
4.22.H,4.22,H,1,train,test,Os médicos vão começar a passar receitas no computador. Ouvi dizer que são ficheiros comprimidos.
5.1237.H,5.1237,H,1,train,test,Qual o tio que faz pesquisa sobre o câncer? O Uncle Logista.
5.939.H,5.939,H,1,train,train,Qual é o cantor que tem o pênis mais rechonchudo? Zeca Pau Gordinho.
5.1490.H,5.1490,H,1,train,test,O que o whisky falou pro cadeado que estava cansado? Keep locking.
4.396.N,4.396,N,0,train,train,Com o que é que os dinossauros enchem o depósito? Com gasolina.
5.1061.N,5.1061,N,0,train,test,Qual doença temos que coletar esperma? Prostatite.
4.93.N,4.93,N,0,train,train,Porque é que no Reino Unido só existem hotéis em meia-pensão? Porque os outros estão lotados.
5.612.N,5.612,N,0,train,validation,Qual é o atleta que nunca fica no meio? Lateral.
5.3381.N,5.3381,N,0,train,test,Qual cantora baiana gosta de heavy metal? Margareth Menezes.
5.2253.N,5.2253,N,0,train,train,Doce preferido dos gatos quando estão no cio? Jujuba
5.2170.H,5.2170,H,1,train,train,"O que o Darth Vader falou pro Beto Jamaica? Sabre de nada, inocente!"
5.3053.H,5.3053,H,1,train,train,O que a vaca disse quando vazaram seus nudes? NUUUUUU!
5.553.N,5.553,N,0,train,test,O que a Minnie falou pro namorado dela quando encostou na fogueira? Mickey está quente.
5.1045.H,5.1045,H,1,train,train,"Qual o Pokémon que vive com meus primos? O mewtwo, pai dos meus primos"
4.14.H,4.14,H,1,train,train,O meu sonho é ser probre um dia. É que ser probre todos os dias é lixado.
5.3728.H,5.3728,H,1,train,train,"Como se chama o aquecedor que honesto, humilde e honrado? Aquecedor Hs."
5.254.N,5.254,N,0,train,train,Qual é o youtuber que ama a Microsoft? Bill Gates.
5.922.H,5.922,H,1,train,train,Qual é o gadget favorito das manicures? Esmalte Phone.
4.433.H,4.433,H,1,train,train,Hoje descobri que a minha torradeira não é à prova de água. Fiquei chocado.
4.127.N,4.127,N,0,train,train,Porque é que as pessoas honestas têm dificuldade em tirar a carteira a alguém? Porque não gostam de tirar o que quer que seja a ninguém.
5.3253.H,5.3253,H,1,train,train,Como se chamam aqueles parentes que você não vê nunca? Os Trans Parentes.
5.999.N,5.999,N,0,train,train,Qual desodorante ajuda a ir para o céu? Rexona.
4.49.N,4.49,N,0,train,train,Como se chama o irmão do Clemente? É o Júlio.
4.294.N,4.294,N,0,train,train,Encontrei um sapo dentro do meu computador . Agora tenho mais memória RAM.
5.2564.H,5.2564,H,1,train,train,Por que o Charlie Brown sofria de dores na cervical? Porque ele só olhava pro seum beagle.
5.733.N,5.733,N,0,train,train,Qual o sambista passou a dar presente pra todo mundo depois de ter o primeiro filho? Zeca Pagodinho.
5.593.N,5.593,N,0,train,train,Qual filme revela que nem todas as letras são leves? A insustentável leveza do C.
5.1083.N,5.1083,N,0,train,train,Qual a dança de rua é a mais famosa? Frevo.
5.1386.H,5.1386,H,1,train,train,Qual é o aplicativo de encontros onde as pessoas só falam numa língua morta? Latinder.
4.185.H,4.185,H,1,train,train,"Estão duas sapateiras num aquário, uma espirra e a outra diz: Santola!"
5.1627.N,5.1627,N,0,train,train,Qual é a atriz menos dramática do mundo? A tristeza
5.2877.N,5.2877,N,0,train,train,Qual a marca de roupa predileta do proctologista? Abercrombie & Fitch!
5.1811.N,5.1811,N,0,train,train,O que o Faustão tem acima das ombreiras? Mais do que nuca.
5.3234.N,5.3234,N,0,train,train,Quem é Castro Alves? Machado de Assis? Como? Camões?
5.1660.N,5.1660,N,0,train,train,Onde os piratas armazenam suas músicas favoritas? Google Drive.
5.3891.H,5.3891,H,1,train,train,Qual a peça de computador mais quieta de todas? O Tecalado.
5.1086.H,5.1086,H,1,train,train,"O que o Tico falou pro Teco?  ""Me dá um teco do seu lanche?"""
4.655.N,4.655,N,0,train,test,Hoje a São acordou toda molhada . O que aconteceu? Choveu.
5.1897.N,5.1897,N,0,train,train,O que o mano falou pro outro quando foi pra Paris? Vai ver a Monalisa?
5.1171.H,5.1171,H,1,train,train,Qual cantora espera um dia ser rainha? Mariah QUÉ REI.
4.666.H,4.666,H,1,train,train,Que chá bebem os colombianos? Chá kira.
5.3877.H,5.3877,H,1,train,train,Qual o cantor favorito da xícara? Alexandre Pires.
4.183.N,4.183,N,0,train,train,Como é que o António se chama quando anda de autocarro? António.
4.627.N,4.627,N,0,train,test,Um homem viu um filme nos Estados Unidos . Qual é o filme? American Pie.
5.3621.N,5.3621,N,0,train,train,Qual é a cantora que faz mais sucesso no Natal? Simone.
5.1044.N,5.1044,N,0,train,test,"Qual banda que se piscar, vira da umbanda? Mensageiros de Aruanda"
5.427.N,5.427,N,0,train,train,Qual filósofo demitiu o Aristóteles? O Platão.
4.408.N,4.408,N,0,train,train,Qual é o melhor ar para curar doenças? O ar puro.
5.3357.N,5.3357,N,0,train,train,Que tipo de iluminação se usa em teatro? Luz diFusa.
5.3149.N,5.3149,N,0,train,train,Por que o tenor podia trabalhar com qualquer orquestra que quisesse? Porque nao tinha contrato com nenhuma.
5.1862.H,5.1862,H,1,train,test,Qual é a unidade de medida mais serena? Tran-quilo 
5.3765.N,5.3765,N,0,train,train,Qual é o jogo favorito da Ivete Sangalo? Imagem e Ação
5.192.N,5.192,N,0,train,train,"Qual é o nome do grupo que toca música de macumba, mas só tem um integrante? Legião Urbana."
5.3730.N,5.3730,N,0,train,train,Por que a máquina consertou o som do guitarrista? Porque o pedal era de distorção.
5.674.H,5.674,H,1,train,train,Qual parente sempre deixa um pouco de comida no prato? A sobrinha.
5.1670.H,5.1670,H,1,train,train,Qual é o app que os jardineiros fazem questão de cortar da vida social deles? Instagrama.
5.1759.N,5.1759,N,0,train,train,Qual é o lutador do Mortal Kombat preferido pelo mosquito aedes aegypti? Sangue Azul.
5.2252.N,5.2252,N,0,train,test,Qual personagem de desenho falsifica notas com caneta? Bic Vigarista
5.122.N,5.122,N,0,train,test,Como chama a cerveja que você só toma de 2 em 2 anos? Skoll.
5.942.N,5.942,N,0,train,train,Qual banda não está bem? Banda Djavú.
5.3663.N,5.3663,N,0,train,train,Qual atacante visitou o Olimpo? Pelé.
4.169.H,4.169,H,1,train,train,O que diz um gato comunista? Mao.
5.229.H,5.229,H,1,train,train,Qual inseto está muito gordo? Obesouro.
5.2743.H,5.2743,H,1,train,train,Qual o animal que sempre tá de brinks? Tira no Sarro
4.61.H,4.61,H,1,train,train,Uma mulher manda-se dum prédio e acerta num homem que ia a passar. Qual é o filme? A cusada de morte.
4.482.N,4.482,N,0,train,train,"O homem já vivei no período Paleolítico, no Mesolítico, no Neolítico...Ao período atual chamamos Idade Contemporânea que veio depois da Idade Moderna e da Idade Média."
5.2184.N,5.2184,N,0,train,train,"Qual é o ator que participa de roda de pagode, de umbanda e de capoeira? Lázaro Ramos"
5.636.N,5.636,N,0,train,train,Qual a parte do corpo favorita do Muralha? Cabelo.
5.894.N,5.894,N,0,train,train,Qual carro você encontra numa concessionária? Pálio.
5.1918.H,5.1918,H,1,train,train,"Como as mulheres se comunicam entre si, no trabalho? Por fe-mail "
5.3258.N,5.3258,N,0,train,train,Qual apresentadora teve um ataque de susto? Infarte na Bernardes.
5.3264.N,5.3264,N,0,train,train,Qual o produto de limpeza mais animado? Multiuso.
5.3662.H,5.3662,H,1,train,test,Qual é a novela preferida dos dubladores? O Rei Dublado
5.3737.H,5.3737,H,1,train,test,Qual é o nome da lei que criminaliza bater em jogadores uruguaios? Lei Maria da Peñarol.
5.2385.H,5.2385,H,1,train,train,Por que o atrito e a resistência do ar foram ao psicólogo? Porque eles são muito desprezados
4.127.H,4.127,H,1,train,validation,Porque é que as pessoas honestas têm dificuldade em tirar a carta? Porque não gostam de tirar o que quer que seja a ninguém.
4.399.H,4.399,H,1,train,validation,Hoje vi o Jorge Jesus num anúncio de detergentes em que ele dizia: Este é o melhor detergente que tenho Tide!
5.849.H,5.849,H,1,train,train,Por que a namorada do Mickey quando não está bem começa a organizar as coisas? Porque ela é Minnie Má Lista.
5.1035.H,5.1035,H,1,train,test,Qual animal usa calça de cintura baixa? A SAINT-TROPEIA
4.743.H,4.743,H,1,train,train,Por que é que os professores de matemática saem de casa em cima da hora? Para chegarem à tangente.
5.620.H,5.620,H,1,train,train,Como chama uma reta que faz várias curvas? RETArdada…
4.752.N,4.752,N,0,train,test,"As sardinhas dormem? Não, só descansam em cardume."
5.2216.H,5.2216,H,1,train,test,Por que o astronauta desistiu de fazer mingau com farinha de trigo? Porque havia lactea 
5.3687.H,5.3687,H,1,train,validation,Qual o nome do cara que toma muita sopa? Claudio Knorr.
5.956.N,5.956,N,0,train,train,Como o ciclista reage a uma notícia ruim? Ele fica triste.
5.1772.N,5.1772,N,0,train,train,Qual é o colunista de fofoca preferido do Mufasa? Zazu.
5.3116.H,5.3116,H,1,train,train,Qual tipo de carne que só vai bem com cerveja? CoStella Artois.
5.1947.N,5.1947,N,0,train,train,O que pediram pro velho no dentista? A Carteira de Motorista.
4.263.H,4.263,H,1,train,train,"Um boi e uma vaca passaram uma noite num motel. Quem pagou? Os dois, fizeram uma vaquinha."
4.235.N,4.235,N,0,train,train,"Era uma vez um homem tão pequeno, tão pequeno, que em vez de praticar natação, praticava pesca desportiva."
5.4103.N,5.4103,N,0,train,validation,Qual a bebida preferida de Romeu e Julieta? Milk Shake.
5.261.H,5.261,H,1,train,train,Qual é o cantor que se suicidou? Frank Simata.
4.580.H,4.580,H,1,train,train,Que nome se dá ao karaté para amputados? Artes parciais.
5.2675.H,5.2675,H,1,train,train,Qual cantor sempre manda uma jogada boa no baralho? Mando Reis.
4.211.N,4.211,N,0,train,validation,O que é que os turcos usam para fazer o chá? Chaleira.
5.2491.H,5.2491,H,1,train,train,Qual é a dupla sertaneja favorita dos leões? Leãodro e Leãonardo.
5.3323.N,5.3323,N,0,train,test,Qual doce favorito do Bolsonaro? Cocada.
4.420.H,4.420,H,1,train,train,Porque é que a joaninha foi à farmácia? Foi comprar creme para os pontos negros.
5.1970.H,5.1970,H,1,train,train,O que o indiano faz ao cortar unha? Pedecurry 
5.2324.N,5.2324,N,0,train,train,Por que os países da Europa vivem bagunçados? Por causa da União Européia.
5.713.N,5.713,N,0,train,train,Qual o jogo mais picante do Atari? Pac Man.
5.766.N,5.766,N,0,train,train,Qual o bairro de SP favorito do Schwarzenegger?   A Bela Vista.
4.635.N,4.635,N,0,train,test,Por que é que o Mozart vai à igreja? Porque crê.
5.2009.H,5.2009,H,1,train,test,Nome do cara que não joga na linha? Hugo Leiro 
5.3051.H,5.3051,H,1,train,validation,Como o veado reage a uma boa piada? Gar galhando.
5.2325.H,5.2325,H,1,train,train,"O que a mãe religiosa disse para o pai agnóstico sobre o filho deles? ""Cuida, que o filho é ateu""."
5.1999.N,5.1999,N,0,train,train,Qual tecnico vende sanduiches de alto padrão? Ronaldinho
5.3993.H,5.3993,H,1,train,train,Por que o cara sentia prazer em bater em si mesmo com um sapato? Porque era um calçadomasoquista.
4.266.N,4.266,N,0,train,validation,Porque é que os cangurus não querem bolsas? Porque já  têm bolsa.
5.1103.N,5.1103,N,0,train,train,Qual é o animal aquático que bebe até vomitar? O tubarão
5.1229.H,5.1229,H,1,train,train,Qual casal gosta de bonecos? Mario e Nete.
5.38.N,5.38,N,0,train,test,Qual é o supermercado dos ETs? O Extra.
5.3824.H,5.3824,H,1,train,test,Qual a personagem de seriado da Netflix que está sempre querendo acalmar a situação? rEleven.
5.3300.H,5.3300,H,1,train,test,Qual é o animal que regurgita muito? Gorfinho.
2.18.N,2.18,N,0,train,test,Recolhi duas sacas de grãos para a salada.
4.563.N,4.563,N,0,train,train,O que come um drogado ao pequeno-almoço? Ovos.
5.3094.N,5.3094,N,0,train,test,Qual o nome do cinema pra veganos? Cinemark.
5.3373.N,5.3373,N,0,train,validation,Qual médico está sempre com gases? O meu.
5.2535.H,5.2535,H,1,train,train,Por que o cavaquinho andava tão arrogante? Porque ele disse: sou um ex banjo!
5.3529.H,5.3529,H,1,train,train,Que estilo de filme tem dois microscópios se esfregando? Fricção Científica.
5.149.N,5.149,N,0,train,train,Qual doença acomete geralmente aos arquitetos? Osteoporose.
4.351.N,4.351,N,0,train,train,"Pai Natal, tu róis as unhas? Quando se aproxima o Natal ..."
4.56.H,4.56,H,1,train,train,Porque é que os carpinteiros são bons a fazer contas? Porque tabuada é com eles.
4.218.N,4.218,N,0,train,train,"Que tipo de bebida bebe um dinossauro? Água, porque é um animal com sede."
5.1182.N,5.1182,N,0,train,test,Por que o Chico Buarque foi preso na saída do Santander? Por quebrar o banco.
4.368.H,4.368,H,1,train,validation,Qual é o carro preferido dos mitras? É o Renault La Guna.
5.985.N,5.985,N,0,train,train,Qual profissão serve de diversão? Humoristas.
5.3875.H,5.3875,H,1,train,test,Por que dois cães irmãos não vão juntos ao veterinário? Porque o veterinário castra os brothers.
5.2532.H,5.2532,H,1,train,train,Qual o ex-ator mirim mais invejoso de Hollywood? Macaulay Reculkin.
5.2532.N,5.2532,N,0,train,train,Qual o ex-ator mirim mais invejoso de Hollywood? Greg.
2.18.H,2.18,H,1,train,train,Recolhi duas sacas de grãos para a Patrícia Pillar.
5.383.H,5.383,H,1,train,train,Qual hortaliça não enxerga nada? Acelga.
5.2564.N,5.2564,N,0,train,test,Por que o Charlie Brown sofria de dores na cervical? Porque ele só olhava pro céu.
5.3846.N,5.3846,N,0,train,train,Qual o remédio que não se importa se é álcool ou gasolina? Paracetamol.
4.722.N,4.722,N,0,train,train,O último membro da família Real morreu . Qual é o filme? O Último imperador.
5.2661.H,5.2661,H,1,train,train,Quais as três letras que te perguntam o motivo de tudo? K d q?
5.3956.N,5.3956,N,0,train,train,Qual sambista voava? Dona Ivone Lara.
5.933.N,5.933,N,0,train,test,Qual é o nome do especialista em temperar carnes que não se esquecia do passado? Olívio.
5.1073.N,5.1073,N,0,train,test,"Qual filme conta a história do casal mais perdido do mundo em beira-mar? "" Procurando; né, mô? """
5.2188.N,5.2188,N,0,train,test,Cantor favorito dos pedreiros? Gusttavo Lima
5.184.N,5.184,N,0,train,train,Qual é o cantor que acha tudo um exagero? Jão.
5.2606.N,5.2606,N,0,train,validation,Qual a figura mitológica mais velha? Zeus.
5.2483.H,5.2483,H,1,train,train,Um homem tenta matar seu cachorro. Qual é o nome do crime? Atentado ao poodle.
4.730.H,4.730,H,1,train,train,A minha namorada ciclista acabou comigo. Eu não tinha pedalada para ela.
5.2140.H,5.2140,H,1,train,train,Por que a irmã ficou doente depois de pregar muito? Porque ficou com salmo nela.
5.2556.H,5.2556,H,1,train,train,Que doença alguém da seleção teve que surpreendeu até o médico? Hepatite.
4.236.N,4.236,N,0,train,train,"Hoje encontrei uma formiga no chão, mas ela estava a dormir . Era uma dorminhoca."
4.187.N,4.187,N,0,train,train,Que nome se dá a um turista inglês  com a mania? Camone?
5.3691.H,5.3691,H,1,train,test,O que o Jaspion foi fazer em Buenos Aires? Foi dan sa-tangoss.
5.3741.H,5.3741,H,1,train,validation,Qual comentarista esportivo se gaba da reforma em seu domicílio? Vaiter Casagrande.
5.1302.H,5.1302,H,1,train,train,"Qual o nome da moça que não toma café, não almoça e nem janta? Solange."
4.292.H,4.292,H,1,train,train,"Estão dois matemáticos a discutir, vira-se um: Já não conto mais contigo!"
4.466.N,4.466,N,0,train,validation,Como é que as pombas se reproduzem? Uma em cima da outra!
4.272.N,4.272,N,0,train,train,Como é que o pastor conta as suas vacas? Com uma calculadora.
5.629.N,5.629,N,0,train,train,"Eu achei que minha mãe fosse de táxi ao hospital, para tratar da tosse e do nariz entupido, mas me enganei . Por quê? Por que ela foi de moto."
5.1739.N,5.1739,N,0,train,validation,Qual é o pintor que vai para Aparecida a pé? O Edu de Barros.
5.2589.H,5.2589,H,1,train,train,Qual a semelhança de um polvo com um restaurante mexicano? Ambos Tentacos.
5.1633.H,5.1633,H,1,train,test,Qual é o zumbi que cuida dos seus movimentos? O mortopedista.
4.29.N,4.29,N,0,train,test,Qual é o único animal que tem quatro joelhos? O elefante.
5.3244.N,5.3244,N,0,train,train,Qual o sentimento mais frequente em um coveiro? Amor.
5.2160.H,5.2160,H,1,train,validation,Qual é a figura geométrica que tem um cheiro muito ruim? O paralelepípeido 
5.1844.N,5.1844,N,0,train,train,Qual é a pessoa que não tá rica? A pobre.
5.2.N,5.2,N,0,train,validation,Por que na China tem tanta gente? Porque lá eles comem com hashis.
4.752.H,4.752,H,1,train,train,"As sardinhas dormem? Não, só passam pelas brasas."
5.2119.N,5.2119,N,0,train,train,Por que o bolo não sabia de nada? Porque estava dormindo
5.1860.H,5.1860,H,1,train,test,Por que os hospitais convocaram políticos? Por necessidade d'eleitos.
4.207.H,4.207,H,1,train,train,O meu médico disse-me que tinha uma amignalite. Foi uma notícia bastante difícil de engolir.
5.1070.N,5.1070,N,0,train,train,Qual pagodeiro é todo enrolado??? Belo.
4.740.N,4.740,N,0,train,train,O que diz um mineiro antes de usar a picareta? Cá vai disto!
5.2021.H,5.2021,H,1,train,train,Qual é o cantor que faz buracos no chão? Ca Wando 
5.2888.N,5.2888,N,0,train,train,qual atriz deixa os carecas cabeludos? Paolla Oliveira
5.683.H,5.683,H,1,train,train,Qual é a jornalista mais genérica do mundo? Ana Paula Padrão.
2.12.H,2.12,H,1,train,train,Por que a vaca foi para o espaço? Para se encontrar com o vácuo.
5.1286.H,5.1286,H,1,train,train,Qual o nome do piloto do dirigível? José Pelin.
4.540.N,4.540,N,0,train,train,Que carro conduz a professora de matemática? Um Jeep.
5.607.H,5.607,H,1,train,train,Qual é a cantora mais tocada na papelaria? Ana Cartolina.
5.1803.H,5.1803,H,1,train,train,Qual é a dupla sertaneja fit? Christian e Healthy
5.2657.N,5.2657,N,0,train,train,O que pediram pro velho no dentista? A Carteira de identidade.
4.52.N,4.52,N,0,train,test,O que é um ponto preto no oceano? É um bacalhau.
5.163.N,5.163,N,0,train,train,"O que o amigo falou no último domingo do ano? Essas férias, bicho."
5.4079.N,5.4079,N,0,train,test,Onde as pessoas andam sem roupa? Em casa.
4.177.N,4.177,N,0,train,train,"Porque é que o Dobby, o elfo doméstico, recebeu uma peúga do Harry Potter? Porque o Dobby nunca teve o mesmo jeito com as mulheres que o seu primo."
5.830.H,5.830,H,1,train,train,Qual a escola de inglês dos nordestinos? CCArá.
5.3315.H,5.3315,H,1,train,train,Em qual cidade o santo é guia turístico? São Tomé dá a Letra.
4.653.H,4.653,H,1,train,train,O Artur detesta chuva e o Paulo Bento.
4.709.N,4.709,N,0,train,test,"Se a Terra é redonda, por que é que se chama "" planeta "" e não "" bola ""?"
5.3284.N,5.3284,N,0,train,train,Qual banda dá um toque dizendo que não tá bem? Banda Uó
5.2302.H,5.2302,H,1,train,train,Por que uma parede ficou decepcionada com a outra? Porque ela era parede falsa.
4.113.N,4.113,N,0,train,train,Porque é que o Pai Natal é tão feliz? Porque sabe onde ficam as prendas.
4.724.N,4.724,N,0,train,train,"Como é que se diz "" abacate "" no Brasil? Abacate."
5.1181.H,5.1181,H,1,train,train,Qual tipo de carne usada por churrasqueiros sovinas? Mão de Vaca.
3.17.N,3.17,N,0,train,test,Que nome se dá a uma ferramenta perdida? Marreta.
4.667.H,4.667,H,1,train,test,Que tipo de música ouvem os mortos-vivos? Kizombie.
5.95.H,5.95,H,1,train,train,Qual é a cantora que aposta na carreira? Investe Sangalo.
5.1226.H,5.1226,H,1,train,validation,Por que o Ronaldo teve que dar satisfação na delegacia depois de perder um penalty? Porque pegou no Travecão.
5.2004.H,5.2004,H,1,train,train,Qual grupo de comédia que faz consultoria de investimentos? Porta dos Fundos de Investimentos 
4.436.N,4.436,N,0,train,train,Se mentes . Deus castiga.
1.6.H,1.6,H,1,train,test,"Você sabe qual é a montanha mais limpa de todas? O vulcão. Porque primeiro solta cinzas. E depois, lava."
5.4051.N,5.4051,N,0,train,train,O que a seleção brasileira está fazendo na caverna? Fingindo não existir.
5.3622.N,5.3622,N,0,train,train,Qual o resultado do cruzamento do Pikachu com Peter Quill? Uma briga.
4.232.H,4.232,H,1,train,test,Qual é a banda preferida dos desempregados? LinkedIn Park.
5.177.N,5.177,N,0,train,train,Qual cantor faz shows em Spa? Belo.
5.2245.N,5.2245,N,0,train,train,Qual é a parte da casa que machuca o queixo de muitos? A Janela
5.1307.H,5.1307,H,1,train,train,Como chamam a pessoa calma que não percebe o que tá fazendo? Socegada.
5.2977.H,5.2977,H,1,train,validation,Qual grupo só tem negão criança? Negro é tudo júnior.
4.153.N,4.153,N,0,train,train,O que é que as crianças comem ao pequeno almoço? Papa.
5.3097.H,5.3097,H,1,train,train,Qual comida favorita dos cães de rua? Ervilha Lata.e
5.2209.N,5.2209,N,0,train,train,"Um britânico mandou um aviso para um português, a resposta parecia o nome de um filme . Qual? "" O paciente inglês . """
5.3091.N,5.3091,N,0,train,train,Qual ator não para de fumar? Steven Seagal.
5.2088.H,5.2088,H,1,train,train,O que perguntaram pro Silvio Santos quando ele voltou da Itália ? O que A Show do Milão ? 
4.241.H,4.241,H,1,train,test,"Na vida, só existem dois livros realmente importantes: A Bíblia, que diz para nos amarmos, e o Kama Sutra, que explica como."
4.2.H,4.2,H,1,train,test,Por que é que os matemáticos bebem pouca água? Para fazerem cálculo renal
5.4026.H,5.4026,H,1,train,validation,Porque o carro passou a virada de ano andando pra trás? Por que a ré veio on.
4.451.N,4.451,N,0,train,test,Detesto ir ao dentista quando estou nervoso . Fico sempre com os nervos em franja.
5.3534.N,5.3534,N,0,train,test,Qual o telefone que já foi de outro planeta? Ex Marte Phone.
5.587.H,5.587,H,1,train,train,Por que não fico bronzeado em casa? Porque uso protetor só lar.
5.2509.H,5.2509,H,1,train,train,Qual desenho fala de pessoas fugindo de uma louca? Corri da Maluca.
5.516.N,5.516,N,0,train,test,Para onde o José se mudou com a esperança de um mundo melhor? Europa.
5.2872.N,5.2872,N,0,train,train,Por que o chefe do tráfico foi pra Itália? Porque quem tem dinheiro vai a Roma.
5.2376.H,5.2376,H,1,train,train,Qual profissional auxilia novatos que chegam em Asgard? O moniThor.
5.2578.H,5.2578,H,1,train,train,Qual o programa favorito dos gaúchos? The Noitchê.
5.687.N,5.687,N,0,train,train,O que os moradores de rua falam em louvor a Deus? Amém ...
5.1888.H,5.1888,H,1,train,validation,Em qual órgão mundial mais tiram fotos? Uniself 
5.484.N,5.484,N,0,train,train,Em qual país que todo mundo mente? Em Portugal.
5.1360.N,5.1360,N,0,train,test,Por que o anão foi surfar na cozinha? Porque lá tem fogão.
4.305.N,4.305,N,0,train,train,O que é um fuinho? É um animal.
4.729.H,4.729,H,1,train,train,Qual é a árvore mais sexy? É a que tem o tronco nu.
5.1285.N,5.1285,N,0,train,test,Qual a cidade favorita do comediante Mussão? Teresina.
5.2039.H,5.2039,H,1,train,train,Qual é o cachorro do Cazuza? O cão de nome Beija Flor 
5.1517.N,5.1517,N,0,train,validation,"O que o pastor leva para comer na hora do almoço? Não sei, mas o judeu leva latkes."
5.573.N,5.573,N,0,train,train,Por que o Mickey não precisa ser bem dotado? Porque a miniatura.
4.716.H,4.716,H,1,train,train,"Era uma vez um homem que levava tantas tampas das mulheres, mas tantas, tantas... que um dia comprou uma cadeira de rodas."
4.7.H,4.7,H,1,train,test,Um casal pinou no meio do mato e teve dois filhos. São frutos do bosque.
5.2783.H,5.2783,H,1,train,train,Qual o nome da irmã do Pinóquio? Narisis Valverde.
4.529.N,4.529,N,0,train,train,O que são oito Hobbits? Um grupo de Hobbits.
5.342.N,5.342,N,0,train,train,Qual o sambista que gosta de zoar os outros? O Zeca Pagodinho.
5.722.N,5.722,N,0,train,validation,Qual a conta de e-mail que a mulher do filho nunca checa? Gmail.
5.2446.N,5.2446,N,0,train,train,Qual é a cantora favorita do Tony Hawk? Shakira.
5.1189.H,5.1189,H,1,train,train,Que elemento químico a gente avalia depois de usar? U berílio.
4.105.H,4.105,H,1,train,test,Recementecemente foi descoberta uma nova doença na manteiga. Parece que se espalha com muita facilidade.
5.437.H,5.437,H,1,train,train,Qual banda é formada por profissionais que viviam fazendo doações? Engenheiros Doava Ai
5.2528.N,5.2528,N,0,train,train,Qual o animal mais antigo que existe? Ma Mute.
5.984.N,5.984,N,0,train,train,Levei meu carro na feira ao invés de levar para a oficina . Qual é o nome do filme? Em Ritmo de Fuga.
4.289.N,4.289,N,0,train,train,Porque é que a rapariga não entrou na discoteca? Porque foi barrada.
5.1672.N,5.1672,N,0,train,train,Qual é a pizza que inibe os efeitos da maconha? Portuguesa.
5.452.H,5.452,H,1,train,test,Qual instrumento o boi toca? Toca CaVaquinha
5.1404.N,5.1404,N,0,train,train,Por que o Spock passou mal? Porque ele teve um mal súbito.
5.3700.H,5.3700,H,1,train,train,Qual remédio feito com peixe? Neosardinha.
5.3136.H,5.3136,H,1,train,test,"O que Beth Carvalho disse quando fez show nos Emirados Árabes? Ô coisinha tão bonitinha, Dubai."
3.1.H,3.1,H,1,train,train,Qual o contrário de paixão? Mãeteto.
5.3209.N,5.3209,N,0,train,test,Qual rainha que bebe cerveja? Rainha Charlotte.
5.1311.N,5.1311,N,0,train,train,Qual cantor sertanejo faliu? Leonardo.
5.1909.N,5.1909,N,0,train,train,Em qual cidade todo mundo nasce no final de março? Asunción.
5.802.N,5.802,N,0,train,train,Qual cantora sempre pede livros infantis? Marisa Monte
4.70.N,4.70,N,0,train,train,Como se chama o protagonista do Dragon Ball com hemorroidas? Sangoku.
4.71.H,4.71,H,1,train,train,Porque é que uma mulher partiu a perna ao filho na cozinha? Porque não tinha canela para pôr no bolo.
5.268.H,5.268,H,1,train,train,Sabe qual é a bebida popular que não dá para beber hoje? O refrigerontem.
5.3569.H,5.3569,H,1,train,train,Em que momento do dia seus segredos são revelados? No expor do sol.
5.1530.H,5.1530,H,1,train,train,"Qual a banda que não pode andar de avião, pois nunca passa na segurança do aeroporto? Metallica."
5.3278.H,5.3278,H,1,train,train,Como os X-men comemoram os seus 15 anos? Com baile de mutante.
5.3804.H,5.3804,H,1,train,train,Como falece quem peida muito? Infart.
5.1766.N,5.1766,N,0,train,train,"O que o Mickey disse quando pôs a mão no fogo? "" Ai! quente ""."
5.3197.N,5.3197,N,0,train,train,O que faz o jardineiro perder a cabeça? Infestação de insetos
5.1700.H,5.1700,H,1,train,train,Qual o animal que mais faz intriga? A fofoca
4.609.N,4.609,N,0,train,validation,Um fulano passou três dias na piscina e depois foi ao médico . Qual foi o diagnóstico? Exercício demais.
4.332.N,4.332,N,0,train,train,"Uma ovelha, um tambor e uma serpente caíram num precipício."
5.310.N,5.310,N,0,train,train,Por que o peixe não tem sorte? Porque pegou uma maré decrescente.
5.2582.N,5.2582,N,0,train,train,Qual o nome do programa de quem tem pau mole? Vídeo Show.
5.2605.H,5.2605,H,1,train,train,Qual cantora teve o destino dos gatos? Alanis Morri Sete.
5.152.N,5.152,N,0,train,validation,Por que antigamente o Brasil era mais cheiroso? Porque era perfumado.
5.2056.H,5.2056,H,1,train,train,Qual é o jogo da pessoa gripada? Over atchim 
5.1202.N,5.1202,N,0,train,test,Porque os pãezinhos nos EUA são cor de abóbora? Porque é um Baguette de abóbora.
5.2948.N,5.2948,N,0,train,train,Por que as crianças da Vila do Chaves só podem brincar de cabra-cega na esquina? Porque o dono reclama na esquina.
5.2421.N,5.2421,N,0,train,train,Qual a festa de carnaval voltada só pra quem é ansioso? O Trio Elétrico.
5.3478.N,5.3478,N,0,train,validation,Com qual marcha o porco anda? Devagar.
5.930.N,5.930,N,0,train,train,Qual a dança favorita dos bebês? Dança da Mãozinha
5.2096.H,5.2096,H,1,train,train,Qual o estado que solta hadouken? O Ryu de Janeiro 
4.589.N,4.589,N,0,train,train,O que acontece se o Pai Natal morrer? Ele não estará mais entre nós.
4.535.H,4.535,H,1,train,test,O que é mil vezes melhor do que o Instagram? O Instaquilogram.
5.2434.N,5.2434,N,0,train,train,Qual o contrário de salmão? oamlas.
5.646.N,5.646,N,0,train,train,Qual a brincadeira inventada por dois nobres aposentados? Dama e dominó.
5.409.H,5.409,H,1,train,train,Qual a história sobre a princesa adolescente que não gostava de cobrir os pés? A Pequena Sem Meia
5.378.N,5.378,N,0,train,train,Qual remédio pode ser comprado na padaria? O paracetamol
5.3005.N,5.3005,N,0,train,test,Qual é a carne que volta muito mais rápido do que vai? Carne mal cozida.
5.3737.N,5.3737,N,0,train,train,Qual é o nome da lei que criminaliza bater em jogadores uruguaios? Lei Maria da Penha.
5.441.N,5.441,N,0,train,test,Por que todo fã de Nirvana também gosta do Jorge Ben Jor? Porque fã de Nirvana Curte MPB.
5.1394.H,5.1394,H,1,train,train,O que é um pontinho verde no mundo de Dragon Ball Z? É um Verdita.
5.272.N,5.272,N,0,train,train,Qual é o carro francês mais usado em safaris? Jeep.
5.2170.N,5.2170,N,0,train,train,O que o Darth Vader falou pro Beto Jamaica? nada!
4.157.N,4.157,N,0,train,train,Porque é que o 2 e o 3 não podem casar? Porque são números e os números não casam.
5.1685.N,5.1685,N,0,train,train,Qual é o remédio que se compra quando vai à padaria? Tylenol.
5.3947.H,5.3947,H,1,train,train,Qual título da nobreza ficou vermelho quando foi promovido ? Condecorado.
4.240.N,4.240,N,0,train,train,Como se chama a mulher do Pai Natal? Mãe Natal.
2.9.N,2.9,N,0,train,test,Sabe por que um homem estava com a orelha encostada na pedra? Porque ele estava ouvindo funk.
5.470.N,5.470,N,0,train,train,Qual personagem do programa do Bozo vivia cheio de fungo? Nenhum.
5.3355.N,5.3355,N,0,train,validation,O que mais excita o fazendeiro? Lucros no Pasto.
5.552.N,5.552,N,0,train,train,Qual o tio que vive nos navios? Cézar.
5.1186.H,5.1186,H,1,train,test,"O que o cliente disse ao arquiteto depois do bom trabalho realizado?  Obrigado, eu estava precisando de algo concreto na minha vida."
5.1531.N,5.1531,N,0,train,train,Qual é o pão que é um pão? Todos.
5.346.H,5.346,H,1,train,test,Qual a doença que só gatos conseguem ler o diagnóstico? Leu se mia
4.54.N,4.54,N,0,train,train,Como se manda calar uma rapariga numa sessão de cinema do Star Wars? Silêncio!
4.749.H,4.749,H,1,train,train,Por que é que o rufia bateu no sem-abrigo? Porque estava mesmo a pedi-las.
5.1025.N,5.1025,N,0,train,train,Quem financiou o Ben 10? O Cartoon Network
5.21.H,5.21,H,1,train,train,Por que a estante não se move? Porque ela é cômoda.
4.748.N,4.748,N,0,train,train,"Até vos contava uma piada sobre mim, mas vocês não iam apanhar."
5.575.H,5.575,H,1,train,test,Qual a cor do medo? A cor varde.
5.1225.H,5.1225,H,1,train,test,Por que o vidro perdeu a cabeça e se quebrou? Porque teve vidrocefalia.
5.48.H,5.48,H,1,train,train,O que o Marciano foi fazer em São Paulo? Foi visitar o Tio Etê.
5.3622.H,5.3622,H,1,train,train,Qual o resultado do cruzamento do Pikachu com Peter Quill? Pika das Galáxias.
5.3595.H,5.3595,H,1,train,train,Qual o chinelo mais vendido em Salvador? Há baianas.
4.746.H,4.746,H,1,train,train,Os ambientalistas afirmam que o buraco de ozono já não é um buraco. Agora é só uma Greta.
4.418.N,4.418,N,0,train,validation,"Qual é o masculino de "" tábua ""? Eu digo, é tabu."
5.1358.N,5.1358,N,0,train,train,Qual é o trabalho que você se vê fazendo? Limpar banheiros.
5.1074.N,5.1074,N,0,train,test,Qual marca vai em cima da letra? Acento.
5.2823.N,5.2823,N,0,train,train,Como a namorada do lutador de kung fu se despede? Até mais
5.3327.N,5.3327,N,0,train,train,Quais são os ídolos do Silvio Santos no esporte? Pelé e Garrincha.
5.3473.H,5.3473,H,1,train,train,O que faxineiro fazia na casa do Mussolini? Passava pano pra fascista.
5.1817.N,5.1817,N,0,train,train,Qual a comida que quer ser japonesa? O yakissoba.
5.1381.H,5.1381,H,1,train,train,Por que colocaram uma cama elástica no Polo Norte? Para o urso polar.
5.246.H,5.246,H,1,train,train,Qual é o auxílio que o Sérgio Moro deveria deixar para receber em outro momento? Auxílio Moro Adia.
5.3366.H,5.3366,H,1,train,test,Qual ex-jogador de futebol trabalhava com construção civil? Entúlio Maravilha.
5.3700.N,5.3700,N,0,train,test,Qual remédio feito com peixe? Biotônico.
2.10.H,2.10,H,1,train,train,Como o padre bateu o carro? Dando uma rezinha.
5.520.N,5.520,N,0,train,test,Porque o elefante sente na pele o atraso das encomendas do correio? Porque é um acionista.
5.321.N,5.321,N,0,train,train,Como chama o caminho que só a mulher do filho (ou da filha) pode seguir? Trilha individual.
4.82.N,4.82,N,0,train,train,O que é um ponto rosa no chão? Uma grainha.
5.2557.N,5.2557,N,0,train,validation,Qual é o jogador brasileiro que não chega a caprichar na pontaria? Fred.
4.658.H,4.658,H,1,train,test,"Um camião cheio de Vicks VapoRub capotou na autoestrada. Surpreendentemente, não houve congestionamento durante 8 horas."
5.691.H,5.691,H,1,train,train,Qual é o nome da hiena que se aposentou? Hiena SS.
5.2915.H,5.2915,H,1,train,train, Qual é a festa favorita dos árbitros? Festa Juiznina
5.2933.H,5.2933,H,1,train,test,Qual a moeda inacreditável? Surreal
5.2022.N,5.2022,N,0,train,train,Que vilão famoso também é médico? O Mike Myers
4.694.N,4.694,N,0,train,train,"Será que os políticos corruptos vão para o inferno? Não, vão para o paraíso."
5.513.N,5.513,N,0,train,test,Qual o contrário de diagnóstico? Desconhecimento.
5.2198.N,5.2198,N,0,train,train,Qual é o Animal favorito da galinha? O galo
4.296.H,4.296,H,1,train,train,O que diz um prédio para outro? Tens um andar tão lindo...
4.278.N,4.278,N,0,train,test,Quando é que se celebra o Dia Mundial do Lúpus? 10 / maio.
5.3834.H,5.3834,H,1,train,test,Qual o ex desgraçado que se empanturra na churrascaria? Ex Como um Gado.
5.2821.N,5.2821,N,0,train,test,Qual organização vai entrar com uma ação contra os crimes cometidos na língua portuguesa? OAB Cedário
5.3108.H,5.3108,H,1,train,train,Qual sanduíche do McDonalds te faz sair de qualquer enrascada? McGuyver.
4.753.N,4.753,N,0,train,train,O meu pai tem uma loja de material elétrico . É por isso que tenho material elétrico de graça.
5.601.N,5.601,N,0,train,train,Qual o grupo favorito das flores? Lulu Santos.
5.3487.H,5.3487,H,1,train,train,Por que os editores da coquetel querem muito ir à terra santa? Porque elas fazem cruzadinhas.
5.3289.H,5.3289,H,1,train,test,Qual programa de TV mais pobre do mundo? Somáliação.
5.3354.H,5.3354,H,1,train,train,Qual bebida consumida na cordilheira? Refrigerandes.
5.3071.N,5.3071,N,0,train,train,Como se chama o ato da pessoa crescer na vida por ser bonita? Desfilar.
5.881.H,5.881,H,1,train,train,Como a manicure se refere a esposa do irmão dela? Unhadinha.
4.169.N,4.169,N,0,train,train,O que diz um gato comunista? Miau.
5.809.N,5.809,N,0,train,train,O que a Xuxa foi fazer no bar? Foi beber suco.
5.1386.N,5.1386,N,0,train,train,Qual é o aplicativo de encontros onde as pessoas só falam numa língua morta? Tinder.
4.3.N,4.3,N,0,train,train,Quem é aquela velhinha ali a ouvir música no telemóvel? É a avó da Maria. .
5.1087.H,5.1087,H,1,train,train,"Por que o pessoal que pede recurso vai no curso de story telling? Porque quem conta um conto, aumenta um ponto."
4.439.H,4.439,H,1,train,test,Como é que o Einstein faz uma pizza? Com massa cinzenta.
5.1980.N,5.1980,N,0,train,train,Qual o dispositivo usado pra enxergar melhor uma determinada nota musical? Lente
4.662.N,4.662,N,0,train,test,"Decidi começar a usar um pano nas cuecas . Assim, sempre que me peido liberto gás cheiroso."
5.2075.N,5.2075,N,0,train,train,Qual é o bilionário mais discreto da ficção? Batman
5.3320.N,5.3320,N,0,train,train,Qual personagem sabe tudo sobre dietas? Johnny Bravo.
5.1314.H,5.1314,H,1,train,train,Por que a manicure foi demitida? Porque ela estava pouco se lixando.
5.2753.N,5.2753,N,0,train,train,Como se chama a ave da grávida? Cegonha
5.1167.H,5.1167,H,1,train,train,Quem é o musico rei do Si em dose dupla? B B King
5.3606.N,5.3606,N,0,train,train,"Na corrida das pedras preciosas, quem nunca sobe no pódio? O Rubinho Barrichelo . Ele fica em quarto lugar."
5.843.N,5.843,N,0,train,train,Qual ator da Globo entende muito de estômago? Caique Brito.
5.1225.N,5.1225,N,0,train,train,Por que o vidro perdeu a cabeça e se quebrou? Porque teve microcefalia.
5.3499.N,5.3499,N,0,train,train,Qual sanduíche que só paquita come? X-Burguer.
5.2414.H,5.2414,H,1,train,train,O que o cílio falou pro outro depois que contou uma piada? Rímel.
5.2334.H,5.2334,H,1,train,train,Qual é o locutor esportivo que fica sempre chamando as pessoas? Psiuvio Luiz.
5.3318.N,5.3318,N,0,train,train,Qual é o sambista menos peludo? Zeca Pagodinho.
5.2173.H,5.2173,H,1,train,train,Qual personagem de desenho nasceu em La Paz? Bolívia Palito 
4.66.H,4.66,H,1,train,train,Eu adoro fiambre. E o Nicolas Cage.
5.826.H,5.826,H,1,train,train,Como chama o cara que filma a missa? Camera Amen.
3.7.H,3.7,H,1,train,train,"O que é um pontinho amarelo na limusine? É um ""milhonário""."
5.3091.H,5.3091,H,1,train,train,Qual ator não para de fumar? Steven Seagarro.
4.664.H,4.664,H,1,train,test,Nunca morei em Hollywood. Mas a Marilyn Monroe.
4.78.H,4.78,H,1,train,train,Como se chama um homem sem mão? Simão.
4.352.N,4.352,N,0,train,test,Qual é a diferença entre um boneco de neve e uma boneca de neve? As roupas de neve.
4.124.N,4.124,N,0,train,train,Porque é que o pescador alentejano bateu na rocha? Não a viu.
5.2033.N,5.2033,N,0,train,train,Por que contrataram um tagarela no Pet Shop? Porque ele era especialista em banho e tosa
5.1844.H,5.1844,H,1,train,test,Qual é a pessoa que não tá rica aqui? Ta lá rica
5.2121.H,5.2121,H,1,train,train,Qual o nome do hotel que não é meu? Hoteu 
4.536.H,4.536,H,1,train,train,Porque é que o espantalho recebeu um prémio Nobel? Porque foi o que mais se destacou no seu campo.
5.2843.H,5.2843,H,1,train,train,Qual padre falava tudo que pensava? Padre Síncero 
5.3292.N,5.3292,N,0,train,train,Por que quando eu bebo dou risada? Porque só bebo no bico.
5.1361.N,5.1361,N,0,train,validation,Qual é o melhor legume que existe? A beterraba.
5.620.N,5.620,N,0,train,train,Como chama uma reta que faz várias curvas? Estrada …
4.412.H,4.412,H,1,train,train,Porque é que o computador não pára de espirrar? Porque apanhou um vírus.
5.7.N,5.7,N,0,train,validation,Por que a feijoada estava triste? Porque colocaram ela na panela de pressão.
5.3799.H,5.3799,H,1,train,test,Qual bandeira está guardada dentro do armário? Bandeira Dobra Sil.
5.2097.N,5.2097,N,0,train,train,Qual é o desenho infantil que fala sobre a economia do seu país? Peppa Pig
4.704.H,4.704,H,1,train,train,As minhas plantas dos pés deram flores. São dálias.
4.604.H,4.604,H,1,train,train,Qual é a semelhança entre os cães e os anéis de ouro? Há alguns quilate.
5.1377.N,5.1377,N,0,train,test,"Por que o professor de natação amava o emprego? Porque ele ensinou, ensinou, e o aluno nada."
5.3163.N,5.3163,N,0,train,train,Por que a pessoa que não melhora de vida não quebra as coisas nunca? Porque tá prestando atenção.
5.309.N,5.309,N,0,train,validation,Por que a música portuguesa me encanta? Porque é um misto de emoções.
5.693.H,5.693,H,1,train,train,Qual é a bebida que conecta com seu celular? Red Bluetooth.
5.2287.N,5.2287,N,0,train,train,Qual é o restaurante frequentado por monges? O Outback
5.2779.N,5.2779,N,0,train,train,Qual inseto toma muito chá? Marimbondo
5.2381.N,5.2381,N,0,train,train,Qual cantora é mais de uma? Maiara e Maraisa
5.1744.H,5.1744,H,1,train,train,Qual a série favorita dos Skatistas? Tony How I Met Your Mother
4.366.N,4.366,N,0,train,train,"Porque é que o Mozart se livrou das suas galinhas? Porque elas só diziam "" Có! Có-ró! Có! """
5.251.H,5.251,H,1,train,train,O que acontece com o galo que come carretel? Caga Linha.
5.1470.N,5.1470,N,0,train,train,"Por qual crime, a estelionatária pode ser presa? Um sete um."
4.387.H,4.387,H,1,train,test,Foi lançada uma nova manteiga com sabor a merda. Chama-se Flora Intestinal.
4.661.N,4.661,N,0,train,train,Para onde vão os perus que têm frio? Para o calor.
5.3942.H,5.3942,H,1,train,train,Qual a bebida preferida dos sindicalistas? YaCUT.
5.3487.N,5.3487,N,0,train,test,Por que os editores da coquetel querem muito ir à terra santa? Porque elas fazem puzzles.
5.1141.N,5.1141,N,0,train,test,Qual o cachorro é bom de briga? Jiu shih-tzu
5.3047.N,5.3047,N,0,train,train,Qual o estado americano especializado em palestras? Filadélfia.
5.376.H,5.376,H,1,train,train,Qual é o banco do capeta? Satander
5.2285.H,5.2285,H,1,train,train,Qual personagem histórico mais gostava de lutas? Martinho Luteiro 
5.2518.H,5.2518,H,1,train,train,Qual personagem da literatura chupava tudo o que via? San Chupança.
5.133.H,5.133,H,1,train,train,Qual cantor adora ventiladores? Hélice Cooper.
5.572.H,5.572,H,1,train,validation,Qual escritor tem vitiligo? Manchado de Assis.
4.182.N,4.182,N,0,train,train,Por que é que a ASAE fechou a cantina? Porque comiam todos do mesmo tacho.
5.420.H,5.420,H,1,train,train,Qual fruta nasce às margens do Rio Negro? Só-limões.
5.810.N,5.810,N,0,train,test,Por que quando você elogiou eles nunca responderam? Porque eram lentos de contato.
5.1087.N,5.1087,N,0,train,train,"Por que o pessoal que pede recurso vai no curso de story telling? Porque quem conta um conto, fica famoso."
5.1825.N,5.1825,N,0,train,test,Por que o cavaquinho andava tão arrogante? Porque ele disse: sou um sucesso!
4.680.N,4.680,N,0,train,train,Uma vez apaixonei-me por uma pessoa que só sabia três vogais . Ela não sabia que consoante existia.
5.1230.N,5.1230,N,0,train,train,Qual a dupla sertaneja que cantava no queijo? Cheddar Menoti e FaBrieano.
4.392.N,4.392,N,0,train,train,NOTÍCIA DE ÚLTIMA HORA: Um camião carregado de tijolos despistou-se no IC19 . A fila não pára de crescer.
5.967.H,5.967,H,1,train,train,Qual é a comida baiana preferida dos músicos? AcaraJazz.
5.439.N,5.439,N,0,train,train,Onde o Drácula precisa levar seu carro todo ano? No mecânico
4.639.N,4.639,N,0,train,train,NOTÍCIA DE ÚLTIMA HORA: Ocorreu uma grave fuga de gás no edifício . O staff teve de ser evacuado.
5.4013.H,5.4013,H,1,train,train,Qual personagem sempre é o último a saber na Terra Média? O Chifrodo.
5.865.N,5.865,N,0,train,train,Fui comer um doce e quando vi tinha pelos . Qual o nome do doce? Torrone.
5.1155.N,5.1155,N,0,train,train,Qual grupo de pagode preferido dos japoneses? Sorriso Maroto.
5.2656.H,5.2656,H,1,train,train,Por que o cantor colocou cocaína no chão? Porque ele queria uma carreira solo.
4.690.H,4.690,H,1,train,test,"Até vos contava uma piada sobre eletrecidade, mas é demasiado chocante."
4.723.H,4.723,H,1,train,test,Como é que as mães ralham com os filhos nas Caraíbas? Haiti que voltes a fazer isso!
3.15.N,3.15,N,0,train,train,Sabe por que a panela não procurou um terapeuta? Porque é uma panela.
5.2182.H,5.2182,H,1,train,train,Qual é o ator que só interpreta médicos com roupa apertada? Reinaldo Jalequinho 
5.405.H,5.405,H,1,train,train,Onde ficam as maiores dúvidas dos dentistas? In the ciso.
4.450.N,4.450,N,0,train,test,O que é que o fumador diz quando fuma uma ganza? Esta bate man ...
5.4067.N,5.4067,N,0,train,train,Qual a farofa do pai da minha mulher? Farofa Yoki.
5.92.N,5.92,N,0,train,test,Qual o parente que não serve pra nada? Primo.
5.2835.H,5.2835,H,1,train,test,Por que os jogos de futebol de campo sempre começam na hora? Porque lá é tudo pro gramado 
5.350.N,5.350,N,0,train,test,Qual o dinossauro que faz sequestros rápidos? O estegossauro.
4.469.H,4.469,H,1,train,train,O meu médico disse-me que eu tinha uma úlcera no estômago. Foi uma notícia bastante difícil de digerir.
5.1517.H,5.1517,H,1,train,train,"O que o pastor leva para comer na hora do almoço? Não sei, mas o judeu leva marmitzvah."
5.3874.N,5.3874,N,0,train,train,Qual a cidade favorita das moscas? Nova York.
5.2172.N,5.2172,N,0,train,train,Qual a promoção de quadros que uma pintora famosa faz na última sexta-feira de novembro? Ofertas
4.547.H,4.547,H,1,train,train,Qual é a cerveja mais linda? É a Jolinha Jolie.
5.3944.H,5.3944,H,1,train,train,Por que o cara resolveu dormir no bueiro? Porque ele tava esgotado.
5.592.N,5.592,N,0,train,train,Por que o Tom Cruise tomou diuréticos quando saiu do set? Porque estava assinando Micção Impossível.
5.1520.H,5.1520,H,1,train,validation,O que o Michael Jackson fez quando se deitou para assistir a sua série favorita? Break in bed.
4.622.N,4.622,N,0,train,validation,Que tamanho de roupa vestem as altas? Tamanho grande.
4.591.N,4.591,N,0,train,test,Alguém quer comprar um aparelho avariado? Sem pressão ...
5.1831.H,5.1831,H,1,train,train,"O que disse o filho de um apresentador ao nascer, que revelou a homosexualidade do pai? Gugu dá dá"
4.578.N,4.578,N,0,train,train,"Como é que o pintor faz a namorada pintar duas vezes? Primeiro de pincel, depois a segunda demão."
5.3678.N,5.3678,N,0,train,train,Qual rodovia não é mais criança? A via marginal
5.2238.N,5.2238,N,0,train,train,Qual o programa musical favorito da turma do Chaves? The Voice Kids
2.16.N,2.16,N,0,train,validation,Qual é o doce preferido dos átomos? Pé-de-moleque.
5.594.N,5.594,N,0,train,train,O que um irmão apoiador falou pro outro? Tamo Junto!
4.440.N,4.440,N,0,train,train,Como se chama um homem com unhas compridas? É o João.
4.117.N,4.117,N,0,train,test,O que é que é de graça mas tem que se registar? Os serviços de um produto digital.
4.623.N,4.623,N,0,train,train,"Qual é o contrário de "" simpatia ""? Antipatia."
5.2133.H,5.2133,H,1,train,train,Qual o sentimento dos detentos aos que ganham liberdade? Menosprezo.
5.129.N,5.129,N,0,train,train,Qual cantora ganhou uma patente em 2018? Marjorie Estiano.
5.3267.N,5.3267,N,0,train,test,Qual produto de limpeza uso no jardim? Sapólio.
5.1814.N,5.1814,N,0,train,test,Qual banda dos amigos perdedores? The killers.
5.3922.N,5.3922,N,0,train,train,Qual o peido mais fedido? Poltergases.
5.2125.N,5.2125,N,0,train,test,O que o rapaz fez com as fotos que tirou no ano novo? Guardou
5.1353.N,5.1353,N,0,train,train,Qual é a doença preferida dos jogadores de futebol? Gripe.
5.3981.N,5.3981,N,0,train,test,Qual o super herói dono de uma igreja? Hulk.
4.423.H,4.423,H,1,train,validation,Porque é que o Salvador não se perde em Barcelona? Porque ele era Dalí.
5.3926.N,5.3926,N,0,train,train,Como chama o animal mais mau caráter? Pilantra.
5.410.N,5.410,N,0,train,train,Qual a história sobre um pagodeiro que decidiu roubar o marido de uma princesa? A biografia do Grupo Revelação.
5.3115.N,5.3115,N,0,train,train,Por que o fazendeiro ficou pobre depois de ir ao banheiro? Porque o intestino delgado.
5.3665.N,5.3665,N,0,train,train,O cara reclamou do vaso trincado e a namorada ficou com a boca cheia d'água . Por que? Porque o cara exclamou: temos que arrumar isso!
2.8.N,2.8,N,0,train,train,Sabe por que o argumento do Dumbo foi completamente ignorado? Porque era incongruente.
5.218.H,5.218,H,1,train,train,Como se chama o demônio de camisola? Encosto de Renda.
5.2569.H,5.2569,H,1,train,train,Qual marca de perfume favorita dos socialistas revolucionários? Che quiti.
5.2895.N,5.2895,N,0,train,test,Qual cantor só vê notícias pela internet? Latino
4.388.N,4.388,N,0,train,test,Hoje passei por uma família de cães na rua . Foi ali em Famalicão.
5.3878.H,5.3878,H,1,train,train,Por que o lápis foi malhar? Pra ficar grafitness.
5.3763.N,5.3763,N,0,train,train,Qual é a profissão mais feia que existe? Deputado
5.97.N,5.97,N,0,train,train,Qual o índio que envia boletos para cantores em grupo? Cacique.
5.1819.H,5.1819,H,1,train,train,Qual é o militar que manda bater nos outros? Coro neles
5.3656.N,5.3656,N,0,train,test,Qual vilão da Marvel data do período paleolítico? Thanos.
5.2074.N,5.2074,N,0,train,train,Qual o ator que nunca deixa a mulher sair sozinha? Milton Naciumento
5.4035.N,5.4035,N,0,train,train,"Por que o nariz, às vezes, sente cheiro de arrogância? Por causa da humildade do ar."
5.1062.H,5.1062,H,1,train,train,Qual a doença da nota musical contente? Si Feliz.
5.574.N,5.574,N,0,train,train,Qual o estúdio de dublagem que mais tinha brigas? Delart.
5.1288.N,5.1288,N,0,train,test,Qual atriz gosta de chocolate? Fernanda Lima.
5.2279.N,5.2279,N,0,train,train,Qual o filme da franquia Star Wars que a pessoa constata que é todo mundo da mesma família? A Ameaça Fantasma …
4.518.H,4.518,H,1,train,validation,"O que é a eficiência? É a ciência que estuda as propriedades da letra ""F""."
4.732.H,4.732,H,1,train,train,Já alguma vez experimentaste tiro com arco de olhos vendados? Nem sabes o que andas a falhar...
4.325.N,4.325,N,0,train,train,"É tão difícil ser professor de natação...Uma pessoa ensina, ensina, ensina...e o aluno não aprende!"
5.2051.N,5.2051,N,0,train,train,O que acontece com os Leões quando acabam as férias? Nada
5.1056.N,5.1056,N,0,train,train,Por que a cachorra modernista não latiu? Porque ela morreu.
5.2585.H,5.2585,H,1,train,train,Qual apresentador de TV vive gripado? Faus TOSSIR va.
5.670.H,5.670,H,1,train,train,Qual é a música em que o sobrinho do Michael Jackson nos convida a assistir a um moonwalk feito pelos Jackson Five? Tios em ré... vem!
5.2820.N,5.2820,N,0,train,train,Cantora que sempre fez dieta? Elis Regina
4.89.H,4.89,H,1,train,train,"Como é que se diz ""ano"" na Índia? Indiano."
5.772.N,5.772,N,0,train,train,Onde o policial budista faz compras? No Atacadão.
5.2688.H,5.2688,H,1,train,test,Qual é a cantora que imprime suas músicas? A Tina Tonner
5.5.H,5.5,H,1,train,train,Por que o celular foi para o centro de reabilitação? Porque a bateria estava viciada.
4.558.H,4.558,H,1,train,train,Porque é que as batatas não têm orgasmos? Porque ninguém lhes come o grelo.
4.87.H,4.87,H,1,train,train,Que nome se dá a uma chinesa muito docinha? Shanti-Lee.
5.3134.N,5.3134,N,0,train,train,Que prato é criminoso no fim de ano? Arroz.
4.643.N,4.643,N,0,train,train,O que é que a Adele gosta de barrar no pão? Queijo.
5.3458.N,5.3458,N,0,train,train,Qual cantora é instrumento?  Ligiana Costa.
5.3716.N,5.3716,N,0,train,validation,Qual instrumento leva os dentistas à morte? Arma
5.142.N,5.142,N,0,train,train,Por que os redatores de Star Wars e filmes do gênero não podem enlouquecer? Porque são filmes de terror.
5.1491.H,5.1491,H,1,train,train,Sabe qual é a música heavy metal de Chitãozinho e Xororó? Heavydências.
5.3057.H,5.3057,H,1,train,train,Do que os frangos gostam de conversar? Conversam Sobre Coxas.
5.710.N,5.710,N,0,train,test,Como se faz para desenterrar um osso? É só escavá-lo.
5.3644.H,5.3644,H,1,train,train,Qual é o artista brasileiro que tem mãos enormes? Marcelo Dedões.
4.588.N,4.588,N,0,train,train,"Estão dois patos a atravessar a estrada . De repende um cai, vira-se o outro: caíste"
5.3866.N,5.3866,N,0,train,validation,Qual religioso quer matar todo mundo? Edir Macedo.
4.695.H,4.695,H,1,train,train,"Qual é o contrário de ""extraordinário""? Extra ordinário."
5.3166.N,5.3166,N,0,train,test,Por que o jardineiro estava passando necessidade? Andava meio sem dinheiro.
4.557.H,4.557,H,1,train,train,Porque é que a cozinheira pôs o seu cabide dentro do tacho? Porque ela queria fazer um arroz de cabide dela.
4.643.H,4.643,H,1,train,test,O que é que a Adele gosta de barrar no pão? Queijo Phil-Adele-phia.
5.3597.H,5.3597,H,1,train,train,Qual atriz cômica que tem mania de reparar do pescoço das pessoas? Tara ver neck.
5.4088.H,5.4088,H,1,train,train,Qual é a dupla viciada em drogas? Pitaunzinho & Cheirumpó.
5.2309.H,5.2309,H,1,train,train,Por que a mulher que trabalhava na joalheria virou piloto? Porque ela sabia decolar
5.2368.N,5.2368,N,0,train,train,Qual rockeiro não usa drogas e nem sacaneia os outros? O Gene Simmons
5.551.N,5.551,N,0,train,train,Qual marca de maiô da galera que vai à praia de nudismo? Samsumga.
4.131.H,4.131,H,1,train,train,Qual é o jogo preferido das batatas fritas? É o Monop-óleo.
5.4021.N,5.4021,N,0,train,train,Qual animal aponta a merda que vc fez? Papagaio.
5.3460.N,5.3460,N,0,train,train,"Qual feriado religioso que não é nem pra preto, nem pra branco? Sexta feira Santa."
5.3216.H,5.3216,H,1,train,train,Em qual apresentador vomitaram? Rodrigo Golfaram.
5.2041.N,5.2041,N,0,train,train,Qual é a padroeira da construção civil? Frei de Sant´Ana Galvão
5.2442.H,5.2442,H,1,train,test,Onde os detentos escrevem as coisas no seu dia-a-dia? No presidiário.
4.555.H,4.555,H,1,train,train,Quando é que os carros não trabalham? Quando vão de ferries.
5.740.H,5.740,H,1,train,train,"Qual número que quando cai, vira uma fruta? Pitomba."
5.4029.H,5.4029,H,1,train,train,"Qual pássaro quer fazer fuxico sobre uma mulher, mas esquece o que ia falar? Sabe a."
5.4037.N,5.4037,N,0,train,train,Por que o cantor não sorri mais? Porque ele cry na real.
5.3140.N,5.3140,N,0,train,train,Qual humorista retém uma pequena quantidade de líquido? Rafinha Bastos.
4.567.N,4.567,N,0,train,test,"O que é que a mulher do senhor diz quando o viagra perde o efeito? Foi-se o martelo, camarada."
4.227.H,4.227,H,1,train,train,O que é que acontece quando o Aladino esfrega a lamparina mágica debaixo de água? Aparece o hidrogénio.
5.3005.H,5.3005,H,1,train,train,Qual é a carne que volta muito mais rápido do que vai? Carne mó ida.
4.667.N,4.667,N,0,train,train,Que tipo de música ouvem os mortos-vivos? Kizomba.
4.255.H,4.255,H,1,train,train,O que é um descarilamento? É o despiste de um comboio na Índia.
5.3342.N,5.3342,N,0,train,test,Qual o nervo que tem uma loja? O nervo ciático.
5.1462.H,5.1462,H,1,train,train,Qual o jogo preferido da galera de Stranger Things? Winning Eleven.
4.15.H,4.15,H,1,train,validation,A Apple vai lançar um novo GPS em parceria com o Tony Carreira. Vai-se chamar iDestino.
4.197.N,4.197,N,0,train,train,Qual é o peixe mais prestigiado do Reino Unido? Salmão
5.3001.H,5.3001,H,1,train,train,Qual microorganismo sofre bullying? Protozoado.
5.3094.H,5.3094,H,1,train,train,Qual o nome do cinema pra veganos? Quinoaplex.
4.691.N,4.691,N,0,train,train,"Até vos contava uma piada sobre animais, mas é fraquinha."
5.1298.N,5.1298,N,0,train,test,Qual político é mal arejado? Lula.
4.480.N,4.480,N,0,train,test,"Como é que se diz "" surpresa "" em onomatopeias? Chan-chan-chan-chan!"
5.1449.N,5.1449,N,0,train,test,Po rque o carteiro foi à feira? Porque tinha uma carta para entregar.
5.3364.N,5.3364,N,0,train,train,O que os homens em Rio Branco costumam beber? Pinga.
4.570.H,4.570,H,1,train,test,"Era uma vez um restaurante tão chique, tão chique, que até os cachorros tinham pedigree."
4.206.N,4.206,N,0,train,validation,O que diz um castor excitado? Bate os dentes
5.3736.N,5.3736,N,0,train,test,Qual clube campeão da Libertadores consegue segurar bebês gêmeos? Lanus.
5.1807.N,5.1807,N,0,train,train,Qual herói da literatura atirava em patos? Jack.
5.1956.N,5.1956,N,0,train,validation,Qual o sambista com menos pelos do Brasil? Dudu Nobre.
5.1891.N,5.1891,N,0,train,validation,Qual cantor escrevia na lousa? Gilberto Gil.
5.2812.N,5.2812,N,0,train,test,Qual carro é a mistura de um prato árabe e um suco? Nenhum
5.545.H,5.545,H,1,train,train,Qual o programa mais formal que existe? Altas Honras.
4.647.H,4.647,H,1,train,train,Por que é que o Peter Pan ficou KO? Porque levou um soco de gancho.
5.3789.H,5.3789,H,1,train,train,Qual o vinho predileto do Lamartine Babo? Merlô.
5.1894.N,5.1894,N,0,train,test,Qual cantora morreu ligada? Tina Turner.
5.1696.H,5.1696,H,1,train,test,Por que uma piada muito específica pode te levar pra UTI? Porque a piada interna
5.3061.H,5.3061,H,1,train,train,Qual o vilão mais calmo que existe? Relax Luthor.
4.372.H,4.372,H,1,train,train,Porque é que as piadas nunca assistem na sueca? Porque estão secas.
5.1738.H,5.1738,H,1,train,train,Qual o nome da manobra mais arriscada que apenas Suellen e Aparecida foram capazes de fazer? Manobra Su e Cida.
4.132.H,4.132,H,1,train,validation,O que é uma externa? É uma pessoa que já não é tão meiga como dantes.
4.747.H,4.747,H,1,train,test,"A escritora J.K. Rowling lançou hoje um novo livro. Chama-se ""Harry Pote e o Prisioneiro de As Adán""."
5.1109.N,5.1109,N,0,train,train,Qual filósofo gostaria de ser um Cavaleiro do Zodíaco? Aristóteles
4.486.N,4.486,N,0,train,test,"Vira-se um computador grande para o pequeno: Olha só para ti, tão pequeno e já trabalhas."
5.95.N,5.95,N,0,train,train,Qual é a cantora que aposta na carreira? Ivete Sangalo.
5.1538.N,5.1538,N,0,train,train,Qual cara que tira fotos comprometedora dos ricos para dar pros pobres? O paparazzi profissional.
4.317.H,4.317,H,1,train,train,Como é que se trava um carro desportivo? Coupé.
4.522.N,4.522,N,0,train,train,O que é que sabe três vezes pior do que menta? Cravinhos.
5.3176.H,5.3176,H,1,train,train,Qual personagem do Harry Potter fica a cada dia mais tosco e selvagem? Regrid.
4.190.H,4.190,H,1,train,test,Quando é que os americanos comeram carne pela primeira vez? Quando chegou lá o Cristóvão Co-lombo.
5.3875.N,5.3875,N,0,train,train,Por que dois cães irmãos não vão juntos ao veterinário? Porque o veterinário proibiu.
5.2594.N,5.2594,N,0,train,test,Como se referiam a Jesus quando ele ficava bravo? Assertivo.
4.256.H,4.256,H,1,train,train,Que som faz um peixe a cair dum prédio de 20 andares? AAAAAAAAAAAAAAAAAAAATUM!
4.586.N,4.586,N,0,train,test,Porque é que as aulas da professora vesga são sempre uma balbúrdia? Porque ela tem dificuldade em controlar os seus alunos.
5.1882.H,5.1882,H,1,train,train,Por que a menina estava tão fraca que precisou se comunicar usando as mãos? Porque estava anemímica 
5.2330.H,5.2330,H,1,train,train,Qual sobremesa faz a barriga da gente crescer em perímetro e diâmetro? O Pi-colé.
4.570.N,4.570,N,0,train,train,"Era uma vez um restaurante tão chique, tão chique, que até os bolos tinham trufa."
4.537.N,4.537,N,0,train,validation,Eu dantes era viciado em cocaína . Mas agora já estou limpo.
4.390.N,4.390,N,0,train,train,"Estão dois bifes na frigideira, vira-se um: que estava mal passado."
5.2143.H,5.2143,H,1,train,validation,"Por que é difícil acreditar quando a testemunha, de forma muito enfática, diz que presenciou o crime? Porque ela vê e mente! "
5.2612.N,5.2612,N,0,train,validation,Qual música tem coreografia diurética? A dança do gorila.
5.1329.H,5.1329,H,1,train,test,O que é uma maconha enrolada num jornal? Um baseado em fatos reais.
5.1184.N,5.1184,N,0,train,train,Qual ex-presidente dos Estados Unidos ama fazer obras? Bill Clinton.
5.604.H,5.604,H,1,train,test,Qual é a loja que no ENEM só chutava a terceira e primeira alternativas? C e A.
4.503.N,4.503,N,0,train,train,Em que sítio se pode doar esperma? Banco de esperma.
5.200.N,5.200,N,0,train,test,"O que o pão disse para o padeiro quando este abriu o forno? "" Pronto ""!"
5.1343.H,5.1343,H,1,train,validation,O Batman vestiu seu Batblazer e seu Batsapato social. Para onde ele foi? Para o Batzado.
4.459.N,4.459,N,0,train,train,Qual é o santo padroeiro dos músicos? Santa Cecília.
2.9.H,2.9,H,1,train,train,Sabe por que um homem estava com a orelha encostada na pedra? Porque ele estava ouvindo arrocha.
5.2981.H,5.2981,H,1,train,train,Qual personagem mais peludo dos desenhos? Tony Jerry.
4.544.H,4.544,H,1,train,train,"A Érica e a Ester decidiram adotar uma jovem. Quando ela soube, ficou estérica."
5.75.N,5.75,N,0,train,test,Qual é o contrário de centopeia? Nenhum.
5.449.H,5.449,H,1,train,train,Qual o professor que te abre portas? Professor Chave é.
5.179.H,5.179,H,1,train,validation,Qual é o nerd que bate na própria mulher? Nerdinho de Paula.
5.2590.H,5.2590,H,1,train,validation,Um cara entrou na Ralph Lauren e deitou no chão. Qual o nome do filme? Deitou na Ralph.
5.678.N,5.678,N,0,train,train,Como se chama o cara que pensa primeiro nos outros e depois em si mesmo? Pedro.
5.104.H,5.104,H,1,train,test,Qual lugar do mundo incentiva a caminhada? Cordilheira dos Andes.
5.3476.H,5.3476,H,1,train,train,Por que o Fábio Assunção nunca usa perfume? Pra nao saírem dizendo que ele cheira bem.
4.308.N,4.308,N,0,train,train,"Hoje levantei-me às 6 da manhã para correr os cortinados, porque assim o sol não bate na cama e eu posso dormir descansado."
5.2926.H,5.2926,H,1,train,train,Qual fruta prevê o futuro ? Li mão
5.1162.N,5.1162,N,0,train,test,Qual o bairro de São Paulo que só tem Japoneses? Liberdade
4.333.H,4.333,H,1,train,train,Em quantas partes se divide o cérebro do homem? Depende da força da pancada.
5.1599.N,5.1599,N,0,train,train,Qual é o nome da loja do músico veterinário? Musicolândia.
4.376.N,4.376,N,0,train,test,"Havia uma mulher tão bonita, tão bonita, que uma vez foi a um concurso de beleza e ganhou de caras."
4.116.N,4.116,N,0,train,train,Comi tanto este Natal que no dia 1 de janeiro acho que vou fazer uma resolução de dieta nova.
4.675.H,4.675,H,1,train,train,Onde é que a Shakira celebra o Carnaval? Loulé Loulé Loulé!
5.3111.H,5.3111,H,1,train,train,O que o Galvão falou para um pássaro? Caca tuuuuua... Taffarel!
5.224.H,5.224,H,1,train,train,"O Faustão se espantou com o tamanho do pé de uma criança. Qual é a empresa de ônibus? ""Eita, Pé Mirim""."
4.563.H,4.563,H,1,train,test,O que come um drogado ao pequeno-almoço? Papas da veia.
4.6.H,4.6,H,1,train,train,Decidi começar a usar flores nos pés. São dálias.
5.3771.N,5.3771,N,0,train,train,Que tipo de fruta a Leia gosta de comer? Melancia
5.1221.H,5.1221,H,1,train,train,Qual o jornalista esportivo mais pesado? 1000 ton. Neves.
5.2489.H,5.2489,H,1,train,test,Qual jogo de videogame conta a história de um presidente monstro que acaba com os direitos da população? Presidente Evil
5.1282.H,5.1282,H,1,train,train,Qual castanha sempre interpreta personagens maus? Avilã.
5.1245.N,5.1245,N,0,train,validation,Por que a ovelha gosta de salgadinhos? Porque ela come.
5.2987.H,5.2987,H,1,train,train,Qual microorganismo é viciado em drogas? Protousuário.
5.722.H,5.722,H,1,train,train,Qual a conta de e-mail que a mulher do filho nunca checa? Ig nora.
5.648.H,5.648,H,1,train,validation,Qual é o medicamento mais usado pelas prostitutas? O Ibuprofana.
4.195.H,4.195,H,1,train,train,De onde vem a lã virgem? Das ovelhas feias.
5.3844.H,5.3844,H,1,train,test,Qual a frase do vilão que se lesionou? Eu Voltaren.
4.664.N,4.664,N,0,train,train,Nunca morei em Hollywood . Mas a Marilyn mora.
5.1696.N,5.1696,N,0,train,train,Porque o jogador de futebol resolveu treinar na piscina? Para melhorar os passes de bola.
5.1269.N,5.1269,N,0,train,train,Qual seleção trabalha pesado? Brasil.
5.2435.N,5.2435,N,0,train,train,Quais jogadores de basquete fundaram Brasília? Kobe Bryant e Michael Jordan .
5.587.N,5.587,N,0,train,validation,Por que não fico bronzeado em casa? Porque uso protetor facial.
5.1523.N,5.1523,N,0,train,train,Qual parte do corpo que te torna um Deus? Cabeça.
5.3072.N,5.3072,N,0,train,train,Como se chama o ato da pessoa crescer na vida por tem um bocão? Falador.
4.167.H,4.167,H,1,train,train,Qual é o passatempo preferido de um mexicano de 12 anos? Bater à piñata.
5.1341.H,5.1341,H,1,train,validation,Por que a fita isolante é melhor do que a fita crepe? Porque é faixa preta.
5.1989.N,5.1989,N,0,train,test,Qual carro acha graça so por um tempo? Gol
3.13.H,3.13,H,1,train,train,Sabe por que o pinheiro não se perde na floresta? Porque ele tem uma pinha.
5.3635.N,5.3635,N,0,train,validation,Qual é o nome do jogo de luta que só se pode jogar tomando tequila? Tekken.
5.3292.H,5.3292,H,1,train,validation,Por que quando eu bebo dou risada? Porque só bebo no gargalho.
5.1360.H,5.1360,H,1,train,train,Por que o anão foi surfar na cozinha? Porque lá tem micro ondas.
4.432.H,4.432,H,1,train,validation,"Um homem tentou comer 1000 passas, mas chegou às 999 e desistiu. Qual é o filme? Mil São Impossível."
4.193.H,4.193,H,1,train,train,"Hoje, vinte mulheres convidaram-me para sair. Nunca mais entro no WC das mulheres."
5.1554.N,5.1554,N,0,train,train,Qual a Miss EUA que foi escolhida por engano? A Sheena Monnin.
5.3140.H,5.3140,H,1,train,train,Qual humorista retém uma pequena quantidade de líquido? Garrafinha Bastos.
5.456.N,5.456,N,0,train,validation,Qual é a numeração que vive online? IP.
4.166.H,4.166,H,1,train,train,Um domador de ursos foi despedido. Qual é o filme? O ex-ursista.
5.472.H,5.472,H,1,train,train,Qual a faculdade dos carangueijos? Crustáceo de Sá.
5.3719.N,5.3719,N,0,train,train,Qual é a cidade russa que fala gíria na zona leste? Moscou
4.511.N,4.511,N,0,train,test,"Porque é que não há professores de Geografia daltónicos? Porque se houvesse, não viam a cor."
4.143.N,4.143,N,0,train,train,O que é uma foca? É um mamamífero.
4.522.H,4.522,H,1,train,train,O que é que sabe três vezes pior do que menta? Pi menta.
5.3720.H,5.3720,H,1,train,train,Qual político é mal arejado? Brizolla
5.3375.N,5.3375,N,0,train,train,Qual a margarina de quem curte uma suruba? Qualy.
4.495.H,4.495,H,1,train,train,O que é que a areia disse para o homem das obras? Deixa-me em pás.
5.3287.H,5.3287,H,1,train,train,Qual o ingrediente presente na comida de quem apanhou? RepOlho Roxo.
4.199.N,4.199,N,0,train,train,O que é um rodapé? É um homem que costumava ter carro mas que agora anda a pé.
4.634.H,4.634,H,1,train,test,"Por que é que a apresentadora do Querido, Mudei a Casa foi para o hospital? Porque tinha um problema decoração."
4.189.N,4.189,N,0,train,test,Porque é que o peixe congelado é mais caro que o peixe fresco? Porque o congelado já inclui o gelo.
5.2693.N,5.2693,N,0,train,train,"Por que o artigo, o substantivo e o adjetivo nunca discutiam? Porque estavam sempre em paralelo."
4.148.N,4.148,N,0,train,train,Que nome se dá a uma mulher que tem a mania que é esperta? Intelectual.
5.1337.H,5.1337,H,1,train,train,Qual autor o Harry Potter lê quando está doente? O Saramago.
5.2400.H,5.2400,H,1,train,train,Qual o jogo favorito de um ator famoso de Hollywood? DO JUDE? LOL!
5.840.N,5.840,N,0,train,train,Qual filme do Eddie Murphy ocupa muita locação? Um Tira da pesada.
5.3704.H,5.3704,H,1,train,train,Onde o Sílvio conseguiu comprar novelas tão ruins? Na porta da espelunca!
4.638.H,4.638,H,1,train,train,"O amor é como um jogo de sueca. Ou se tem um bom parceiro, ou o melhor mesmo é ter uma boa mão."
5.140.N,5.140,N,0,train,train,Qual cantor nunca fica preso? MC Livinho.
5.3064.H,5.3064,H,1,train,train,Qual acessório de roupa que você paga por mês? Gravata Borboleto.
5.3696.N,5.3696,N,0,train,train,O que o Guga fez quando viu o Kid Bengala? Disse: que grande.
5.1121.H,5.1121,H,1,train,train,Qual poeta já foi cabeleireiro? O Lavo Bilaquê
5.1215.N,5.1215,N,0,train,train,Qual ator joga com o Neymar? Robert dá ao Ney Jr.
5.1999.H,5.1999,H,1,train,train,Qual tecnico vende sanduiches de alto padrão? Luxoemburguer 
5.1927.H,5.1927,H,1,train,test,Por que a beata vivia embreagada? Porque bíblia muito 
5.1221.N,5.1221,N,0,train,test,Qual o jornalista esportivo mais pesado? Milton Neves.
4.163.N,4.163,N,0,train,train,Como é que a mulher do Vasco da Gama o cumprimenta? Com um beijo no lábio.
5.3234.H,5.3234,H,1,train,validation,Quem Castrou Alves? Machado de Assis. Como? Camões.
4.36.N,4.36,N,0,train,test,Uma loira viu um jogo de futebol que acabou 1-0 . Qual foi o seu jogador preferido? O Vidoso . Porque o golo foi dele.
5.1404.H,5.1404,H,1,train,validation,Por que o Spock passou mal? Porque ele teve um star treco.
5.4007.H,5.4007,H,1,train,validation,Por que a Eva nunca dizia em que ano nasceu? Porque Eva idosa.
5.815.H,5.815,H,1,train,test,Qual verdura concorda com tudo? Agree-ão.
5.2329.N,5.2329,N,0,train,test,O que o videogame espera que a gente faça? Que o console.
5.2852.H,5.2852,H,1,train,test,Qual a comida favorita do pato Donald? Empata
5.143.N,5.143,N,0,train,test,Qual é o elemento químico mais nervoso que existe? Flúor.
4.306.N,4.306,N,0,train,test,Qual é o contrário de sequei-te? Molhei-te.
4.576.H,4.576,H,1,train,validation,Quanto tempo demoras a escorregar numa banana? Um banano-segundo.
5.2478.N,5.2478,N,0,train,train,Por que o cachorro do Cebolinha sempre vê musicais? Porque ele se chama Floquinho.
4.462.N,4.462,N,0,train,train,Qual é o melhor desporto para os jovens? Ténis.
5.2998.N,5.2998,N,0,train,train,Qual é o cosmético que nunca consegue terminar de explicar uma localização? É Lápis de olho ...
4.702.H,4.702,H,1,train,validation,O meu carro foi roubado. E o da Nelly Furtado.
5.3709.H,5.3709,H,1,train,test,Qual é o personagem do Chaves que representa a bondade encarnada? Goodinez.
4.43.H,4.43,H,1,train,train,Porque é que o caracol foi preso? Porque deixou rasto.
4.679.N,4.679,N,0,train,train,O que acontece quando pões especiarias no salmão? Apanhas salmonella.
5.1054.H,5.1054,H,1,train,train,Por que o carbono alfa ficou nervoso?  Porque uma carboxila tirou amina dele.
5.3763.H,5.3763,H,1,train,test,Qual é a profissão mais feia que existe? Ourrives 
4.5.H,4.5,H,1,train,train,Hoje caí e entornei meu leite com chocolate. Molhei-me Toddynho.
5.1325.N,5.1325,N,0,train,train,O que aconteceu quando o policial olhou no espelho? O polícia se achou.
5.3494.N,5.3494,N,0,train,train,Qual o programa favorito do proctologista? Programa do Luciano Hulk.
5.1993.H,5.1993,H,1,train,test,"Qual o livro que conta as aventuras de um cavaleiro que não usava armadura, mas modelitos que deixavam as coxas à mostra? Dom Que Shorts! "
4.599.N,4.599,N,0,train,train,Acabei de encomendar duas capas para smartphone na internet . São da Wish.
4.319.N,4.319,N,0,train,train,A camaleoa vira-se para o marido: Volta para a sala ...
4.608.H,4.608,H,1,train,validation,Qual é o desporto preferido dos músicos? Lançamento do disco.
5.2057.H,5.2057,H,1,train,train,Qual o herói que gosta de esporte radicais ? O Peter Parkour 
4.603.N,4.603,N,0,train,train,O que acontece quando chove em Inglaterra? Fica tudo molhado.
5.74.H,5.74,H,1,train,train,"O que o Faustão diria se fosse professor de geometria? Ô loco, meu! Essa esfera."
5.1084.H,5.1084,H,1,train,train,Qual carro não sai da cabeça das pessoas?  Lêndia Rover
4.172.H,4.172,H,1,train,test,Qual é a banda desenhada mais popular na Rússia? Putintin.
4.711.H,4.711,H,1,train,test,Porque é que o drogado foi ao médico? Porque tinha um carocho no pescoço.
4.395.N,4.395,N,0,train,train,Como é que o Simba perdeu a carteira? Foi o Timon e o pumba!
4.185.N,4.185,N,0,train,train,"Estão duas sapateiras num aquário, uma espirra e a outra diz: santinho!"
4.338.N,4.338,N,0,train,validation,Que nome se dá a um hipopótamo a dançar com uma tartaruga? Dançarino.
4.402.H,4.402,H,1,train,train,Encontrei um casaco caído ao pé do meu carro. Era uma parka de estacionamento.
4.285.N,4.285,N,0,train,test,Chumbei no exame de medicina gastrointestinal . Não estudei o sistema digestivo.
5.1920.H,5.1920,H,1,train,validation,O que nós professores fizemos pra derrubar a escola? Nós Demo Lição 
4.281.H,4.281,H,1,train,test,Porque é que a galinha fez um striptease na capoeira? Para chocar os ovos.
5.1897.H,5.1897,H,1,train,train,Por que é bom criar galinha? Porque vale muito a pena! 
4.209.H,4.209,H,1,train,train,Em que parte da cidade há mais restaurantes italianos? No espar-gueto.
5.781.N,5.781,N,0,train,train,Qual cantor eu quero que repare em mim? Harry Styles.
4.721.N,4.721,N,0,train,train,Como se sabe que Paulo tomava viagra? Foi o homem que mais tempo manteve a erecção.
4.377.N,4.377,N,0,train,test,"Qual é o carro preferido das raparigas? É o Fiat, tipo."
5.1179.H,5.1179,H,1,train,validation,"Por que as montagens da internet tem q ser postadas imediatamente, não podem ficar esperando? Porque são memergência."
5.3381.H,5.3381,H,1,train,train,Qual cantora baiana gosta de heavy metal? Margadeath Menezes.
5.3311.N,5.3311,N,0,train,test,Qual jogador de basquete incentiva a leitura? LeBron James.
4.370.N,4.370,N,0,train,train,"É boa ideia comprar um relógio em forma de peixe? Não, é um gasto de tempo."
5.2467.H,5.2467,H,1,train,train,Qual Rapper só toca em aniversários? Rapper Birthday
4.401.N,4.401,N,0,train,train,Vira-se uma amiga para outra: Hoje estás cá com uma fronha!
5.1540.H,5.1540,H,1,train,test,Qual vinho que não tem álcool? Ovinho de codorna.
5.2512.N,5.2512,N,0,train,test,Por que ninguém na Terra consegue entender a língua nativa do Super-Homem? Porque é diferente.
4.585.H,4.585,H,1,train,train,"Nunca quis acreditar que o meu pai roubava enquanto trabalhava nas Estradas de Portugal. Mas quando eu chegava a casa, os sinais estavam todos lá."
5.1885.H,5.1885,H,1,train,test,Que loja só vende óculos para mulheres ansiosas? Neuróticas 
5.2399.N,5.2399,N,0,train,train,Qual é o jogo que no final sempre dá merda? Futebol.
5.682.H,5.682,H,1,train,test,Qual é o nome de menino mais escolhido pelos pais nos Estados Unidos? The new son.
4.725.H,4.725,H,1,train,test,Que nome se dá a uma planta malcheirosa? Erva doninha.
3.16.H,3.16,H,1,train,test,Sabe qual é o nome do intestino do boi em espanhol? Intestino del gado.
5.242.N,5.242,N,0,train,train,Em qual programa um papagaio ficou satisfeito em investir em sua nova plumagem? Jornal Nacional.
5.1276.H,5.1276,H,1,train,train,Qual menina sempre bota pilha nos outros pra sair? A Vamnessa.
5.2047.H,5.2047,H,1,train,train,"Qual conto mostra a história de alguém que acha a esposa linda, mas quando ela o procura de noite, ele nega? ah, bela.... dorme, cida. "
5.3244.H,5.3244,H,1,train,train,Qual o sentimento mais frequente em um coveiro? Pá e chão.
5.2458.H,5.2458,H,1,train,validation,"Qual é a semelhança entre uma carta de amor de um ex-goleiro brasileiro e uma luta do Mike Tyson? Ambas podem acabar ""com amor, Dida""."
5.3101.H,5.3101,H,1,train,train,Qual herói do cinema é o melhor em fuxicar as redes sociais de seus inimigos? Luke Skystalker.
5.3476.N,5.3476,N,0,train,test,Por que o Padre Fábio nunca usa perfume? Pra nao saírem dizendo que ele cheira bem.
5.1789.H,5.1789,H,1,train,train,Qual é o cineasta que tem melhor pontaria? Quentin Tarantiro.
5.736.N,5.736,N,0,train,train,Qual membro do governo começou a fumar? Presidente
5.558.N,5.558,N,0,train,train,Por que não prenderam o japonês que matou a faxineira? Porque foi um caso complicado.
5.2504.H,5.2504,H,1,train,train,Qual é o órgão público representado por um anão infértil? Miniestéril.
4.590.N,4.590,N,0,train,train,Onde é que se guarda uma foto da pila? Numa caixa.
4.79.N,4.79,N,0,train,validation,O que é o Exu? São doze búzios.
5.3670.N,5.3670,N,0,train,train,Qual país que as pessoas não tem o dedo polegar? Barbados
5.3071.H,5.3071,H,1,train,train,Como se chama o ato da pessoa crescer na vida por ser bonita? Meritogracinha.
5.346.N,5.346,N,0,train,train,Qual a doença que só gatos conseguem ler o diagnóstico? Nenhuma
5.1375.H,5.1375,H,1,train,train,"O que o espermatozoide falou para o óvulo? ""Deixa eu morar com você? Minha casa é um saco."""
5.2496.N,5.2496,N,0,train,train,"O que o médico disse para o homem que entrou gemendo de dor no hospital? "" Seja bem vindo ""."
4.534.N,4.534,N,0,train,train,Qual é a rádio mais ouvida ao pequeno-almoço? É a Rádio Comercial.
5.3988.N,5.3988,N,0,train,train,"Qual o epígrafe das empresas do Faustão? O lucro, bixo!"
5.3387.H,5.3387,H,1,train,test,Onde vivem os índios advogados? Na Tribonal.
4.727.N,4.727,N,0,train,train,Passei anos à procura da panela perfeita para fritar carne . Qual a encontrei eu disse: Encontrei!
5.2529.H,5.2529,H,1,train,train,Por que não tinha nenhum outro animal na ilha dos macacos? Porque ele sempre mata.
4.392.H,4.392,H,1,train,train,NOTÍCIA DE ÚLTIMA HORA: Um camião carregado de Viagra despistou-se no IC19. A fila não pára de crescer.
5.2798.N,5.2798,N,0,train,train,Qual é o passaro q usa absorvente? O beija flor
4.25.H,4.25,H,1,train,test,Já abriu a nova discoteca para a comunidade gay. Chama-se Barbicha.
4.532.H,4.532,H,1,train,test,Dizem que não percebo nada de comida mexicana... Nacho que seja assim tão burrito.
5.2857.N,5.2857,N,0,train,test,Que carro você entrega na concessionária assim que retira? O quebrado
5.2141.H,5.2141,H,1,train,train,Por que tiraram a jogadora de vôlei do time após fazer o ponto? Porque foi cortada
5.3970.N,5.3970,N,0,train,train,"Por que na crise, as aves não voavam sobre o Japão? Porque estavam com a radiação."
5.2843.N,5.2843,N,0,train,train,Qual padre falava tudo que pensava? Padre Zeca
5.2451.N,5.2451,N,0,train,train,Qual é a tartaruga ninja que está sempre na televisão? É o Michelangelo.
4.175.H,4.175,H,1,train,train,Que nome se dá a um português viciado em batatas? Tuberco-luso.
5.1662.H,5.1662,H,1,train,validation,A Maria Aparecida e a Suellen foram patentear o maior instrumento de desenho utilizado em obras civis e que também pode ser usado para fazer linhas retas verticais com precisão para 90°. Qual o nome do filme? O Esquadrão Su e Cida.
4.543.N,4.543,N,0,train,test,Em que unidades se medem os monitores? Em pulgadas.
2.16.H,2.16,H,1,train,train,Qual é o doce preferido dos átomos? Pé-de-moléculas.
5.3407.N,5.3407,N,0,train,train,"Por que o anão, apesar de não poder ter filhos, é uma ótima companhia para sua esposa quando ela está doente? Por que o marida a ama."
5.2330.N,5.2330,N,0,train,test,Qual sobremesa faz a barriga da gente crescer em perímetro e diâmetro? O sorvete.
4.455.N,4.455,N,0,train,train,""" Arroz "" é masculino ou feminino? Depende se o arroz é Basmati ou arroz agulha."
4.75.H,4.75,H,1,train,train,O que é um ponto amarelo em África? Um yellowfante.
4.83.H,4.83,H,1,train,train,O que é uma roubalheira? É o ato de roubar uma alheira.
5.2146.N,5.2146,N,0,train,train,Qual o jogo favorito das maquiadoras? Super Mario Bros
5.3919.N,5.3919,N,0,train,train,O que o Fábio Assunção foi fazer nas Casas Bahia? Comprar batedeira.
5.659.H,5.659,H,1,train,train,Qual planta trabalha muito? Workídea.
5.2960.H,5.2960,H,1,train,train,Por que nenhum avião conseguia aterrizar direito? Porque estavam aterrissando no Aero Torto.
5.3169.N,5.3169,N,0,train,validation,Que rainha rosna como cantora? Queen Lati Fa.
5.1175.H,5.1175,H,1,train,train,Por que as mulheres adoram sair pra comprar roupas? Porque é muito DiVestido.
4.123.N,4.123,N,0,train,test,Porque é que os idosos não vão ao teatro? Porque é ao vivo.
5.531.N,5.531,N,0,train,test,"Qual verdura, quando você provoca ela fica muito nervosa? A incrível Alface."
4.549.H,4.549,H,1,train,test,O que faz um médico no banco? Dá uma consulta ao saldo.
5.607.N,5.607,N,0,train,test,Qual é a cantora mais tocada na papelaria? Ana Carolina.
5.4067.H,5.4067,H,1,train,validation,Qual a farofa do pai da minha mulher? Farofa só grão.
5.884.N,5.884,N,0,train,train,Por que o jogador deixou o outro time empatar? Por incompetência.
4.202.H,4.202,H,1,train,train,"Como é que se diz ""sexo"" em árabe? Al-coitão."
4.84.H,4.84,H,1,train,test,"Como é que se diz ""coração"" em italiano? Mio cardio."
5.4032.N,5.4032,N,0,train,test,"Por que quando eu gritava dentro da caverna, o som só se repetia uma vez? Porque era pouco eco."
5.2815.H,5.2815,H,1,train,train,Qual a comida recomendada pelo medico de joelho? Sarapatela 
5.2460.H,5.2460,H,1,train,validation,Qual é o humorista que é a musa do verão? O Felipe Diih Lopes.
4.636.N,4.636,N,0,train,test,O que acontece quando entornas o leite? Está tudo entornado.
5.3906.N,5.3906,N,0,train,train,Qual o nome do Gato do japonês? Ary.
5.262.N,5.262,N,0,train,train,Qual sambista não come? Martinho da Vila.
4.642.H,4.642,H,1,train,train,O que acontece quando uma vegan entorna a comida? Fica toda soja.
5.1542.H,5.1542,H,1,train,test,Por que não é bom guardar o kibe no freezer? Porque lá dentro ele esfiha.
5.3322.H,5.3322,H,1,train,train,Que entidade fica de olho no pau dos outros? IEmanja.
5.1011.N,5.1011,N,0,train,train,Qual o remédio que ja avisa que vc tá precisando dele? Antidepressivo.
5.3855.N,5.3855,N,0,train,validation,Qual o nome que se dá para o assassinato em massa na galáxia do universo da Marvel? Crimes simultâneos.
5.2489.N,5.2489,N,0,train,train,Qual jogo de videogame conta a história de um presidente monstro que acaba com os direitos da população? Final Fantasy VII
4.206.H,4.206,H,1,train,train,O que diz um castor excitado? Suck my dique!
5.31.H,5.31,H,1,train,train,Qual é o poeta que sempre se atrasa?  Vinícius Demorais.
4.506.N,4.506,N,0,train,test,Em 2018 não corri . Em 2019 não corri . Em 2020 não corri . Em 2021 ainda não corri . Esta piada não foi boa.
4.85.H,4.85,H,1,train,train,Porque é que nunca roubaram a mota do japonês? Porque ele compra Y-amaha.
5.4021.H,5.4021,H,1,train,train,Qual animal aponta a merda que vc fez? Caca Tua.
5.2337.N,5.2337,N,0,train,train,Qual atacante brasileiro nasceu entre março e abril? Vinícius Júnior.
4.727.H,4.727,H,1,train,train,Passei anos à procura da panela perfeita para fritar carne. Qual a encontrei eu disse: Ai fondue!
5.1714.N,5.1714,N,0,train,train,Por que o maquinista deixou o maluco sentar do seu lado? Porque o maluco o motiva.
5.2288.H,5.2288,H,1,train,train,Qual é o personagem da Disney que impressiona muito quando você encontra? O Impacto Donald 
5.2750.N,5.2750,N,0,train,train,Qual é a arma que menos mata? A Espada
5.2936.H,5.2936,H,1,train,train,O que aconteceu com a Chun-li quando um brasileiro a assustou? Ela ficou blanka de susto. 
5.177.H,5.177,H,1,train,train,Qual cantor faz shows em Spa? Zeca Pragordinho.
5.663.H,5.663,H,1,train,train,Por que tem eleição no mundo das aves? Porque a gaivota.
5.558.H,5.558,H,1,train,test,Por que não prenderam o japonês que matou a faxineira? Porque foi um caso encerado.
5.2559.N,5.2559,N,0,train,train,Qual é o cantor que tá sempre na cena de um crime? Benito de Paula.
5.3102.N,5.3102,N,0,train,validation,O que serviram na festa da revista Sexy? Salada.
5.1601.N,5.1601,N,0,train,train,Qual filme conta a história do filho do Shrek? Shrek 3.
5.2955.N,5.2955,N,0,train,test,"Qual o nome do jogo que Jô Soares adora jogar quando cheira cocaína? Pedra, papel e tesoura."
5.2609.H,5.2609,H,1,train,train,O que o anão estava fazendo com a bola de futebol? Embaixadinhas.
5.1181.N,5.1181,N,0,train,test,Qual tipo de carne usada por churrasqueiros sovinas? Picanha.
4.442.N,4.442,N,0,train,train,O que é que os bebés já fazem aos 12 meses? Falar.
5.776.N,5.776,N,0,train,train,O que o Pelé sente na pele? frio.
5.1884.N,5.1884,N,0,train,test,Como se referiam a Jesus quando ele ficava bravo? Zangado.
5.157.H,5.157,H,1,train,test,Qual é o soldado que bate em mulher? Soldado Dolabella.
5.2468.H,5.2468,H,1,train,train,Qual é o Rapper que toca sempre as mesmas músicas? Rappertido.
4.424.N,4.424,N,0,train,train,"Como se diz "" hemorróidas "" em japonês? Ji rui."
5.3813.N,5.3813,N,0,train,test,Qual a dieta que alimenta toda a família? Alimentação familiar.
4.337.H,4.337,H,1,train,train,Porque é que a mão não pode medir mais do que 31 cm? Porque aí já seria um pé.
5.1834.N,5.1834,N,0,train,test,Qual farinha comprada pelos índios? Farinha de Tribo.
5.9.N,5.9,N,0,train,train,Qual é a resistência elétrica de um bico de luz? 1 ohm.
5.3706.H,5.3706,H,1,train,validation,Qual cantor brasileiro que só usa tênis? Beto Keds.
5.2900.N,5.2900,N,0,train,validation,Qual cineasta tem um haras? Tim Burton.
5.1749.N,5.1749,N,0,train,test,Qual é o animal que nunca ganha nada? O homem.
5.1039.H,5.1039,H,1,train,validation,Qual pokémon já apresentou telejornal? Raquel CHARIZARD.
5.3709.N,5.3709,N,0,train,train,Qual é o personagem do Chaves que representa a bondade encarnada? Chaves.
5.3515.N,5.3515,N,0,train,train,Por que o cara estava procurando defeito na casa? Porque era um corretor de plantão.
5.159.H,5.159,H,1,train,train,O que disse o casal do Peru que teve um filho no Réveillon? Obrigado peruano maravilhoso que tivemos.
5.2282.H,5.2282,H,1,train,train,"Por que num determinado dia, o aluno do cursinho mentia pra todo mundo? Porque era dia dissimulado. "
4.379.N,4.379,N,0,train,train,Que nome se dá à claque do Valência? Ultra Yomus.
5.2323.H,5.2323,H,1,train,validation,Qual tipo de piada geralmente é feito entre dois homens pelados? Troca-trocadilho.
5.2128.N,5.2128,N,0,train,train,"Qual música da Sandy e Jr. tem modulação harmônica? Abra a porta, Mariquinha"
5.3314.H,5.3314,H,1,train,train,Qual o nome do sabonete do Cascão? Phedo.
5.2811.N,5.2811,N,0,train,test,Profissional que conhecia tudo a respeito de suínos? Zootecnista
4.160.N,4.160,N,0,train,test,O que diz uma banana suicida? Macacos me comam!
4.76.H,4.76,H,1,train,validation,O que é que está entre dois gatos? Uma entre-meada.
5.1967.H,5.1967,H,1,train,train,Onde as bundas são conservadas? Na adega 
5.1861.H,5.1861,H,1,train,train,Qual é o biscoito preferido da filha da fazendeira? A mãe tem gado.
5.1255.N,5.1255,N,0,train,train,Por que as freiras não costumam variar seus namorados? Por que elas tem um rosário.
5.3677.N,5.3677,N,0,train,validation,Qual é o ator que mais está odiando esse ano? Babu Santana.
4.513.N,4.513,N,0,train,train,"Qual é o país mais geométrico? Portugal, porque é um país retangular."
5.3987.H,5.3987,H,1,train,test,"Qual artista pop era porco, gordo, mas era irresistível? Baicon Jackson."
5.2357.N,5.2357,N,0,train,train,Qual campeão da UEFA fica feliz mesmo quando perde? Barcelona.
5.537.H,5.537,H,1,train,train,Onde se guardam as pequenas coisas? No armário da Coizinha.
5.3804.N,5.3804,N,0,train,validation,Como falece quem peida muito? Trombose.
5.2711.H,5.2711,H,1,train,train,Qual banda de pagode sempre tocava quando a gente tomava refrigerante? Sorriso Marroto.
5.442.N,5.442,N,0,train,validation,Qual o salgadinho favorito dos torcedores do Flamengo? Ruffles.
5.2868.N,5.2868,N,0,train,train,Por que o Mickey não conseguiu entrar na Disneylândia? Porque ele não tinha um bilhete no bolso
5.64.H,5.64,H,1,train,train,De como a mulher do Mozart o chamava? De Mozão.
5.244.H,5.244,H,1,train,train,"Qual é o deserto da mãe cujo filho só inventa desculpas para não ir dormir? ""Ah, tá. Cama!"""
4.743.N,4.743,N,0,train,train,Por que é que os professores de matemática saem de casa em cima da hora? Para irem onde querem.
5.423.N,5.423,N,0,train,test,Qual deus grego não tem talento pra ser deus? Hércules
4.534.H,4.534,H,1,train,train,Qual é a rádio mais ouvida ao pequeno-almoço? É a Rádio Comer-cereal.
5.3581.N,5.3581,N,0,train,test,Qual pintor gosta de pintar os personagens de Toy Story usando cores bem vivas? O Andy Warhol.
5.1997.H,5.1997,H,1,train,train,O que o comediante faz no carnaval? Estandarte Comedy
5.1249.N,5.1249,N,0,train,test,Por que o veganismo é a política de Estado na Bolívia? Para ninguém comer carne.
5.667.H,5.667,H,1,train,train,Qual o nome da menina que sempre sonhou em atuar? Be Atriz.
5.3868.H,5.3868,H,1,train,train,Qual marca de eletrodoméstico virou presidente? BrasTrump.
5.417.H,5.417,H,1,train,train,Qual é o doce mais pagodeiro que existe? A bala 7 BELO.
5.1263.N,5.1263,N,0,train,train,Qual seleção não foi pra Copa para brincadeiras? Alemanha.
5.1430.N,5.1430,N,0,train,train,Qual é o nome do X-Men que quer crescer? Mística.
5.2563.H,5.2563,H,1,train,test,"Quando um extraterrestre cai, o que ele passa no machucado? Marte-olate."
5.3585.H,5.3585,H,1,train,train,"Qual roqueiro que se fosse espanhol, teria nascido na quarta-feira? Fred Miércoles."
4.627.H,4.627,H,1,train,train,Um homem teve um filho nos Estados Unidos. Qual é o filme? American Pai.
5.318.H,5.318,H,1,train,train,Qual alimento que a mulher do filho queria ser? Ce nora.
5.2474.N,5.2474,N,0,train,test,Qual é a bebida favorita do míope? Leite de vaca.
5.3854.H,5.3854,H,1,train,train,Qual a banda que interrompe o sucesso de qualquer outra? Parabandas do Sucesso.
5.2821.H,5.2821,H,1,train,train,Qual instituição vai entrar com uma ação contra os crimes cometidos na língua portuguesa? OAB Cedário 
5.3247.H,5.3247,H,1,train,train,Qual verdadeiro nome de Malcom X? Malx.
4.489.N,4.489,N,0,train,train,Hoje de manhã consegui empilhar catorze panquecas . Aquilo é que foi um pequeno-almoço grande.
5.606.H,5.606,H,1,train,train,Qual a cantora que sempre aceita chá? Kesha.
5.1551.N,5.1551,N,0,train,train,"Qual a Miss que ganhou o Miss Universo, mas ninguém viu a cara dela? A Miss simpatia."
5.2743.N,5.2743,N,0,train,validation,Qual o animal que sempre tá de brinks? Suricato
5.3134.H,5.3134,H,1,train,train,Que prato é criminoso no fim de ano? Arroz comparsa.
5.4020.N,5.4020,N,0,train,train,Qual animal é sempre do contra? O antagonista.
5.1498.H,5.1498,H,1,train,train,O que o galo foi fazer na delegacia? Soltar a franga.
5.934.H,5.934,H,1,train,test,Qual é o seriado da Nickelodeon em que uma menina sempre caçoa de alguém e depois dá a bunda? Zoey 101.
3.3.H,3.3,H,1,train,train,Por que um policial estava interrogando um saco de cimento? Porque ele queria informações concretas.
4.419.H,4.419,H,1,train,validation,Um homem vai a cair dum prédio e a meio repara numa janela. Qual é o filme? Duro na queda.
4.309.H,4.309,H,1,train,train,Qual é a doença que maata mais insectos? É a insectiSIDA.
5.457.N,5.457,N,0,train,train,Por que o diabo gosta de carro pequeno? Porque é prático.
4.676.H,4.676,H,1,train,train,Sabias que 4 em cada 5 pessoas sofre de diarreia? Isso significa que 20% das pessoas disfruta de diarreia.
4.95.H,4.95,H,1,train,train,Qual é a única profissão que necessita de uma mãozinha para trabalhar? É a manicure.
5.1059.N,5.1059,N,0,train,train,"Meu celular quebrou em várias partes . Do que eu preciso? De uma bactéria, porque ela conserta celular."
5.1670.N,5.1670,N,0,train,test,Qual é o app que os jardineiros fazem questão de cortar da vida social deles? Twitter.
5.2099.H,5.2099,H,1,train,train,Qual é o local religioso preferido dos jogadores de basquete? O Vaquicano 
5.3664.N,5.3664,N,0,train,train,Em qual faculdade o negão só entrava pelado? Nutrição.
5.1006.N,5.1006,N,0,train,test,Qual a concorrente mais desbocada da Marvel??? A própria Marvel.
5.3289.N,5.3289,N,0,train,train,Qual programa de rádio mais pobre do mundo? Somáliação.
5.1861.N,5.1861,N,0,train,validation,Qual o super herói que gosta de ver pessoas transando? Wolverine.
5.2844.N,5.2844,N,0,train,test,Como o padre comprou o carro? Dando uma rezinha
5.2944.H,5.2944,H,1,train,train,"Qual foi o aviso que Hermione deu para avisar que um colega reprovou na prova? ""Lucius Mal Foi."""
5.3522.H,5.3522,H,1,train,train,O que é que tem abas e é gostoso de lamber? Absorvete.
4.339.N,4.339,N,0,train,test,Vendi o meu contrabaixo . Só estava em casa a apanhar pó.
5.3323.H,5.3323,H,1,train,train,Qual doce favorito do Bolsonaro? Prende moleque.
5.778.N,5.778,N,0,train,test,Por que o cara que não fazia exercícios prestou odonto? Pra ser dentista.
4.583.N,4.583,N,0,train,test,""" Cada dia, temos de fazer com que as pequenas coisas contem "" - disse a professora alto aos seus alunos."
4.403.H,4.403,H,1,train,train,Um casal está num carro e de repente a mulher desaparece. O que aconteceu? Brochedo.
4.44.H,4.44,H,1,train,train,"Uma vez perguntaram ao Schwarzenegger porque é que ele não tinha o Windows 10, ao que ele respondeu: I still love Vista, baby."
5.2788.H,5.2788,H,1,train,test,Qual atração que só pode entrar quem se chama Leonardo? Circo de Só Leo 
5.979.H,5.979,H,1,train,train,Qual inseto causa vômito em crianças latinas? Enjoa niña.
5.3848.H,5.3848,H,1,train,train,Qual dublador tbm é psicólogo? Freud Mascarenhas.
5.3431.H,5.3431,H,1,train,validation,Qual cidade espanhola preferida pelo Faustão ? Sevilha nos Trinta.
5.62.H,5.62,H,1,train,train,Qual é a atriz que só usa roupa da Zara? Taís Zarauso.
4.59.N,4.59,N,0,train,train,"Estão dois pontos a comerem-se, vira-se um: olha lá isto é sério ou é um caso?"
5.1900.N,5.1900,N,0,train,train,Qual comida não é sua? Pão.
5.621.H,5.621,H,1,train,train,O que é uma fofoca? A amimiga da babaleia.
4.438.H,4.438,H,1,train,train,O que é que a chave diz para a fechadura? Vamos dar uma voltinha?
5.2691.H,5.2691,H,1,train,train,Por que o sintagma da oração não gostava de fazer rodeios para falar algo? Porque era um objeto direto.
5.1978.H,5.1978,H,1,train,train,"Que filme conta a história de um molho bizarro? Curry, a estranha. "
5.2831.N,5.2831,N,0,train,train,Qual médico iludia pacientes? Hannibal Lecter
5.1110.H,5.1110,H,1,train,train,"O que o psicanalista adora dizer no meio do sexo? Vai, me Freud."
5.54.N,5.54,N,0,train,validation,Qual é o personagem histórico que fui eu que indiquei? Simone de Beauvoir.
5.1658.H,5.1658,H,1,train,train,Qual é o rapper que não aceita prêmios internacionais? Emmy? Nem....
4.80.N,4.80,N,0,train,test,Hoje fui ao ginásio e queimei 1.200 calorias . Para a próxima tenho de ir com mais calma.
5.3409.H,5.3409,H,1,train,train,Qual é a melhor coisa pra se desejar a um voyeur no Natal? Boas Frestas.
5.931.H,5.931,H,1,train,train,Qual é a comida favorita do Munhoz e Mariano? Camarão amarelo.
5.2069.H,5.2069,H,1,train,train,Os imperador inca decretou que as lhamas seriam os únicos animais permitidos em Machu Picchu. Qual é o nome do filme? O Império Contra a Alpaca 
5.3956.H,5.3956,H,1,train,validation,Qual sambista voava? Drone Ivone Lara.
5.3477.N,5.3477,N,0,train,train,Qual o monumento mais sujo de Londres? O Tâmisa.
5.768.H,5.768,H,1,train,validation,Qual é a cantora que dá ordens gritando com todo mundo? Mandona.
5.3536.H,5.3536,H,1,train,train,Em que o rapaz investiu para manter a forma? Magro Negócio.
5.4.N,5.4,N,0,train,test,Qual é o sabor da bala preferida da galera do hospício? M&Ms.
5.2590.N,5.2590,N,0,train,train,Um cara entrou na Ralph Lauren e deitou no chão . Qual o nome do filme? Detona Ralph.
5.2961.N,5.2961,N,0,train,train,Como o piloto paga a tripulação? Pedaços de portas.
4.651.N,4.651,N,0,train,train,Como é que os argentinos aquecem o arroz? Em banho de maria.
4.402.N,4.402,N,0,train,test,Encontrei um casaco caído ao pé do meu carro . Era uma parka de chuva.
5.1733.H,5.1733,H,1,train,train,"Como se diz ""você, seja macio"" em inglês? You, be soft."
4.751.H,4.751,H,1,train,train,"Como correu a primeira final de sempre da Liga dos Campeões com patos? Foi bem dispatada, cheia de quacks da bola e acabou empatada."
5.2018.N,5.2018,N,0,train,train,Que jogador entra pra história todos os dias? Messi
5.4087.N,5.4087,N,0,train,train,Que dupla te passa doença e sermão? Zezé de camargo e Luciano.
5.321.H,5.321,H,1,train,train,Como chama o caminho que só a mulher do filho (ou da filha) pode seguir?  Trilha só nora.
5.3483.N,5.3483,N,0,train,train,Qual a atriz que vc dá satisfação sempre que bebe alguma coisa? Cleo Pires.
5.1989.H,5.1989,H,1,train,train,Qual carro acha graça so por um tempo? Ri um day 
5.272.H,5.272,H,1,train,train,Qual é o carro francês mais usado em safaris? Renault Ceronte.
5.169.N,5.169,N,0,train,validation,Em qual programa o Sílvio Santos exagera no laquê? Todos.
5.599.H,5.599,H,1,train,train,Qual candidato é dentista? Siso Gomes.
5.1097.H,5.1097,H,1,train,validation,Qual é o ator que vai bem no café da manhã? Ney Latorrada.
5.1802.H,5.1802,H,1,train,train,Qual é o celular dos veganos? Aipo ne
5.2829.H,5.2829,H,1,train,train,O que o padre deixou de garantia na loja de penhor? A imagem de nossa penhora 
4.19.N,4.19,N,0,train,train,O meu baralho de cartas fica doido quando ligo o aspirador . Hoje encontrei o meu aspirador
5.2063.N,5.2063,N,0,train,train,Qual ator americano que sempre deixa todo mundo impressionado? Joaquin Phoenix
5.2660.N,5.2660,N,0,train,train,Qual o santo favorito do Cebolinha que tem o mesmo apelido que ele? Santo Agostinho.
5.1169.N,5.1169,N,0,train,train,Que tipo de carro compramos e não estamos nem aí pra ele? Que não presta.
5.2138.N,5.2138,N,0,train,train,Qual é o nome da mulher mais agradecida do mundo? Irmã Dulce
5.2187.N,5.2187,N,0,train,test,Qual é o cantor que tem muita dor no pé? Chitãozinho
5.3713.N,5.3713,N,0,train,train,Qual o humorista que é sucesso de bilheteria? Dih Lopes
5.4048.H,5.4048,H,1,train,train,Qual a música preferida dos cachorros? Samba Cãosão.
5.3928.H,5.3928,H,1,train,train,Qual é o cantor que adora novas tecnologias? Beto Gadgets.
5.2845.N,5.2845,N,0,train,train,Uma mulher sofre de diarreia crônica . Qual o nome da novela? Maria do Bairro
5.2020.H,5.2020,H,1,train,train,O que o nordestino disse pro celular que sempre aceitava desaforo calado? XIA ÔMI 
4.720.N,4.720,N,0,train,validation,Um cacto liga para outro: Estou?
5.2101.H,5.2101,H,1,train,train,Qual é a funkeira mais famosa nas Oktoberfests? LudMiller 
5.3685.H,5.3685,H,1,train,train,Qual chefe que não consulta livro de receitas? O Chefe Decorzinha.
5.2164.N,5.2164,N,0,train,train,Qual é a melhor competição de futebol do mundo? Champignon's league
4.675.N,4.675,N,0,train,train,Onde é que a Shakira celebra o Carnaval? Na Colômbia!
5.1248.H,5.1248,H,1,train,train,Quais são as duas letras do alfabeto que dá prazer de ouvir? G M.
5.989.H,5.989,H,1,train,train,Qual figura histórica terminou mal seu último relacionamento? Malcom Ex.
4.533.H,4.533,H,1,train,validation,Porque é que os políticos são tão ricos? É furto do seu trabalho.
5.3038.N,5.3038,N,0,train,validation,Qual cidade norte-americana odeia tanto sujeiras entrando no olho que até as tortura? São Francisco!
5.3359.H,5.3359,H,1,train,train,Qual o animal que trabalha bem como carpinteiro? Rinocerrote.
5.2013.H,5.2013,H,1,train,test,Por que é importante ter uma cantora em caso de incêndio? Pois tem que ter quem Alcione os bombeiros 
5.1036.N,5.1036,N,0,train,train,Qual a cantora que já foi inseto mas esqueceu disso lá em Minas Gerais e a amiga teve q dar um cutucão e falar? A Pitty
5.1740.H,5.1740,H,1,train,train,Qual atriz ama esportes na neve? A Kássia Ex-Kiss
5.1947.H,5.1947,H,1,train,train,Qual a doença q desafiava o filósofo? Tentenitche 
5.785.H,5.785,H,1,train,train,Como se chama a mãe que cozinha bem? Mãesterchef.
5.1306.N,5.1306,N,0,train,train,Qual rapper americano os gatos mais gostam? 50 cent.
5.3872.N,5.3872,N,0,train,validation,Qual atriz é a rainha do marketing brasileiro? Bruna Marquesine
4.101.H,4.101,H,1,train,train,Numa reunião de viciados em cirurgias plásticas anónimos: Esta semana vejo aqui algumas caras novas e devo dizer que estou muito desapontado.
5.505.H,5.505,H,1,train,test,Qual o nome do cara que a humildade passou longe? Eugênio.
4.719.H,4.719,H,1,train,test,"""Catetos que tu tens!"" - Pitágoras"
5.1934.H,5.1934,H,1,train,train,Qual é o apresentador que vive no psiquiatra? Depresilvio Santos 
5.2016.N,5.2016,N,0,train,train,Que cantora queria comer formiga? A TamanDua Lipa
4.428.H,4.428,H,1,train,train,Eu sempre quis comprar um cavalo. Por isso fui a uma quinta e pedi um horsamento.
5.3728.N,5.3728,N,0,train,test,"Como se chama o aquecedor honesto, humilde e honrado? Aquecedor Hs."
4.517.H,4.517,H,1,train,train,"Qual é a fruta preferida do namorado da Mara? Mara, cu já!"
5.3914.H,5.3914,H,1,train,train,Qual banda de pagode que só toca no sertão? Caatinga Ele.
5.1207.N,5.1207,N,0,train,train,Qual a roupa que o alfaiate precisa antes de cortar? Calça Boca de Seno.
5.2894.H,5.2894,H,1,train,train,Por que os musicos gostam de tocar a luz de velas? Parafinar os instrumentos 
4.576.N,4.576,N,0,train,train,Quanto tempo demoras a escorregar numa banana? Um segundo.
4.341.H,4.341,H,1,train,train,Qual a semelhança entre o Adão e uma alface? O Adão foi o primeiro homem couve.
5.2201.N,5.2201,N,0,train,train,Qual é o cantor mais arrogante que existe? Wesley Safadão
4.595.N,4.595,N,0,train,test,Para que servem óculos verdes? Para ver ao perto.
4.57.N,4.57,N,0,train,train,O que é que a Mariah Carey canta? O mesmo que a Alicia Keys.
5.3461.H,5.3461,H,1,train,train,Onde os artistas americanos dão chilique de tanto dar autógrafos? Fan in Quito.
4.745.H,4.745,H,1,train,validation,Não é costume as pessoas beijarem-se no Médio Oriente. Mas no Azerbaijão.
4.27.N,4.27,N,0,train,train,"Existem dois tipos de camelos: com uma bossa e com duas bossas, vossa excelência."
4.384.H,4.384,H,1,train,test,"Como é que se diz ""amante"" em indiano? Nova deli."
5.181.N,5.181,N,0,train,train,Qual é a faculdade de quem vive no fundo do mar? Crustáceo de Sá.
5.3526.N,5.3526,N,0,train,validation,O que fez o garçom militar? Abandonou o exército.
4.639.H,4.639,H,1,train,test,NOTÍCIA DE ÚLTIMA HORA: Ocorreu uma grave fuga de gás no intestino. O cocó teve de ser evacuado.
5.2393.N,5.2393,N,0,train,train,Qual é o canal infantil que só transmite desenho de carro? Car Tum Network.
4.524.H,4.524,H,1,train,train,Partir o pescoço foi uma experiência aterrorizante. Mas agora consigo olhar para trás e sorrir.
4.219.N,4.219,N,0,train,train,"Como é que se diz "" chuveiro "" em inglês? Shower."
4.225.N,4.225,N,0,train,train,"Qual é o animal mais feliz? É o porco . Mesmo depois de morto, está a alimentar a vida."
4.425.H,4.425,H,1,train,train,"Qual é o cão mais fixe? O Dálmata, porque tem muita pinta."
5.3676.H,5.3676,H,1,train,train,"Por que o marido prometeu levar a eposa pra Foz do Iguaçu, mas não levou? Porque era cascata."
5.1832.N,5.1832,N,0,train,train,Qual antigo líder alemão é a inspiração do Pelé? Kai-kaiser.
5.1332.N,5.1332,N,0,train,train,Por que o nerd pediu a calculadora em exame? Porque ela dava valor.
4.115.N,4.115,N,0,train,train,Qual é a bebida alcoólica preferida do Pai Natal? É o vinho.
5.2992.N,5.2992,N,0,train,test,E qual é a comida que nunca se aquece? O maPÃO de queijo.
5.2884.H,5.2884,H,1,train,train,Qual é o ator mais peludo de todos? Pelo de Lara 
5.3646.N,5.3646,N,0,train,train,"Qual a escola do pai caipira que reclama dos passos de dança do filho? Se mexe mal, fi ..."
5.153.N,5.153,N,0,train,train,Por que o óculos foi deixado na escada? Porque era um óculos perdido.
5.2429.H,5.2429,H,1,train,train,Como se exprime o aumento da temperatura causado pelo McDonald`s? Mac Calor.
4.313.H,4.313,H,1,train,train,Já abriu a nova discoteca para gatos. Chama-se Barra-cão.
4.362.N,4.362,N,0,train,train,"Uma família estava perdida no deserto há mais de dois meses, até que encontraram um rio onde todos tomaram banho, exceto a avó . Qual é o problema? A avó precisa de ajuda."
5.80.N,5.80,N,0,train,validation,Qual é a cidade que só tem mulheres prostitutas? Porto de Galinhas.
5.644.H,5.644,H,1,train,train,Qual personagem da Bíblia era viciado em exercício fisico? Pôncio Pilates.
5.1916.N,5.1916,N,0,train,train,Qual o chocolate preferido dos diabos? Chokito!
5.517.H,5.517,H,1,train,test,Por que quem tem os dois pés chatos vai para a Hanna Barbera? Pra ficar com o Pepe Legal.
5.334.H,5.334,H,1,train,train,Como os jockeys se conectam com seus cavalos? Por BLUE TURFE
5.2689.N,5.2689,N,0,train,validation,Renata voltou do médico com o braço furado . Qual é o acontecimento histórico? Guerra de canudos.
5.2480.H,5.2480,H,1,train,test,Qual guerreiro seria um bom humorista? O Rir-Man.
4.218.H,4.218,H,1,train,train,"Que tipo de vinho bebe um dinossauro? Vinho branco, porque é um animal ex-tinto."
5.898.N,5.898,N,0,train,train,"Um sujeito passava com uma pizza pela orla, quando viu Dona Rita se afogando no mar . Qual era o sabor da pizza? Calabresa"
5.3619.H,5.3619,H,1,train,train,Qual é o ator que mais gosta de biscoito? Rodrigo Santoreo.
5.3845.N,5.3845,N,0,train,train,Qual diretora de cinema também corta cabelo? Maria Yamazaki.
5.2444.N,5.2444,N,0,train,train,O que é muitos kibe sem orelha? É um kibe surdo.
5.2317.N,5.2317,N,0,train,train,Por que o carro do dentista foi apreendido? Porque ele estava sem documentação
4.132.N,4.132,N,0,train,train,O que é uma externa? É uma pessoa que já não é tão meiga como antigamente.
5.3677.H,5.3677,H,1,train,train,Qual é o ator que mais está odiando esse ano? Keanu Reeves.
4.385.N,4.385,N,0,train,test,"Dois gémeos foram presos por homicídio, mas passado um tempo libertaram o que estava mais gordo . Porque o irmão confessou."
4.382.H,4.382,H,1,train,train,Porque é que o motociclista chegou atrasado ao trabalho? Porque saiu de casa motard.
4.481.H,4.481,H,1,train,train,Porque é que o corcunda de Notre-Dame não seguiu a carreira de advogado? Porque nunca conseguiu estudar direito.
4.242.H,4.242,H,1,train,train,Porque é que os obstetras recebem menos do que os outros médicos? Porque trabalham em parto time.
5.3531.H,5.3531,H,1,train,train,"Que estilo de filme faz a gente refletir sobre a saúde pública? SUS, pense!"
5.3111.N,5.3111,N,0,train,train,O que o Galvão falou para um pássaro? Vai que é tua...Taffarel!
5.2270.N,5.2270,N,0,train,train,O que o diretor de cena gay falou pro contra regra? Final do take
4.47.H,4.47,H,1,train,validation,O que é que as crianças dos carpinteiros fazem? Brin-cadeiras.
4.703.H,4.703,H,1,train,train,Qual é o prazo de validade da maionese? 31 de maio.
5.621.N,5.621,N,0,train,test,O que é uma fofoca? A disseminação de informação alheia.
4.348.H,4.348,H,1,train,train,O que é que os bonecos de neve costumam pôr no leite? Flocos.
4.575.N,4.575,N,0,train,train,Vira-se a mãe pata para o patinho: Anda cá!
5.2566.H,5.2566,H,1,train,train,"Sabe qual a fruta que fica putaça, reclama e vai embora? Ah... saí."
5.2549.H,5.2549,H,1,train,train,Qual mercado vende lagarto? Iguanabara.
5.560.H,5.560,H,1,train,test,Quais são os piratas que abraçam todo mundo o tempo todo? Os Piratas do Carinho.
5.3946.H,5.3946,H,1,train,train,O quê o seu Madruga usa pra tomar banho? A bucha do 71.
4.170.N,4.170,N,0,train,validation,Qual é o jogo preferido das crianças? O futebol.
5.387.N,5.387,N,0,train,train,Por que a gasolina é muito cara? Porque tem muita taxação .
5.297.H,5.297,H,1,train,train,Por que o gaúcho tirou a bomba do chimarrão? Pra evitar que a erva mate.
5.1971.N,5.1971,N,0,train,test,Qual padre que toda vez eu vejo tenho ejaculação precoce? Marcelo Rossi.
4.471.N,4.471,N,0,train,train,"Há duas palavras que podem abrir muitas portas ao longo da vida: "" Diploma "" e "" Trabalho ""."
5.1434.N,5.1434,N,0,train,test,Por que o queijo estava estudando matemática? Para encontrar a variável da questão.
5.3905.N,5.3905,N,0,train,train,Que ave vive debochando das outras? Passarinho.
3.16.N,3.16,N,0,train,train,Sabe qual é o nome do intestino do boi em espanhol? Intestino bovino.
5.458.H,5.458,H,1,train,train,"Em qual lugar do Brasil eu faço questão de passar germes para as divindades religiosas? Espirro em Tu, Santo!"
5.1025.H,5.1025,H,1,train,train,Quem financiou o Ben 10? O BNDEZ
5.1765.N,5.1765,N,0,train,validation,Para quê o esqueleto foi ao barbeiro? Aparar as articulações.
5.713.H,5.713,H,1,train,test,Qual o jogo mais picante do Atari? Spicy Invaders.
4.50.N,4.50,N,0,train,train,Eu tenho uma teoria sobre a relatividade . Mas não parece estar a ganhar muita força.
5.3719.H,5.3719,H,1,train,train,Qual é a cidade russa que fala gíria na zona leste? Esta lingrado 
4.520.N,4.520,N,0,train,train,Porque é que a Rainha se assoou? Porque tinha muito ranho.
5.1984.N,5.1984,N,0,train,test,Por que o eletricista ficou louco quando viu seu carro? Porque viu o arranhão
5.258.N,5.258,N,0,train,train,Qual é o político que não mantinha um relacionamento duradouro? Lula.
4.84.N,4.84,N,0,train,train,"Como é que se diz "" coração "" em italiano? Cuore."
4.734.H,4.734,H,1,train,train,"Numa aula de filosofia do 1° período: ""Penso, logo higiénico."""
5.2422.N,5.2422,N,0,train,train,Por que em Campinas as pessoas não falam as coisas na lata? Porque lá é impossível fazer algo sem rodeios.
5.2898.N,5.2898,N,0,train,train,qual o nome do poeta que tem cheiro de dinheiro? Federico
5.1757.H,5.1757,H,1,train,train,Por que o ciclista entrou de costas na escola? Por que tinha levado uma suspensão dianteira
5.3546.N,5.3546,N,0,train,train,Qual o seriado de tv do cara que sempre quer um pouco da comida dos outros? Kennan e Kel!
5.232.N,5.232,N,0,train,train,Qual é o perfume do zagueiro ruim? Armani.
5.2483.N,5.2483,N,0,train,test,Um homem tenta matar seu cachorro . Qual é o nome do crime? Atentado ao animal.
4.569.N,4.569,N,0,train,train,Porque é que o Artur aceitou o trabalho de limpar espelhos? Porque era algo que gostava.
5.4097.H,5.4097,H,1,train,train,Por que encheram a menina de arroz? Porque ela era travessa.
5.3149.H,5.3149,H,1,train,train,Por que o tenor podia trabalhar com qualquer orquestra que quisesse? Porque nao tinha contralto com nenhuma.
5.2548.N,5.2548,N,0,train,validation,O que o velho vaidoso disse em frente ao espelho? Lindo!
2.3.H,2.3,H,1,train,test,Qual o contrário de papelada? Pá vestida.
5.1920.N,5.1920,N,0,train,train,Qual o nome do quadrúpede criado no Japão? JaPoney.
5.2530.N,5.2530,N,0,train,train,Que bicho anda sempre acompanhado de mais 3? A Abelha.
5.2783.N,5.2783,N,0,train,train,Qual o nome da irmã do Pinóquio? Patrícia.
5.3210.H,5.3210,H,1,train,validation,Qual esporte favorito da rainha? Esqueen.
4.65.N,4.65,N,0,train,train,Porque é que o corcunda de Notre Dame não costuma falar com ninguém? Porque ele é tímido.
4.59.H,4.59,H,1,train,train,"Estão dois pontos a comerem-se, vira-se um: olha lá isto é sério ou é um caso pontual?"
5.3438.H,5.3438,H,1,train,validation,O que significa muita lingerie junta? Concentração de renda.
5.3243.H,5.3243,H,1,train,validation,Por que é errado jogar pimenta numa cova? Porque é cova ardia.
5.3579.H,5.3579,H,1,train,test,Qual personagem de Toy Story anda de transporte públlico? Bus Lightyear.
5.1639.N,5.1639,N,0,train,train,Qual a bala mais refrescante? Halls of Cards.
5.1210.N,5.1210,N,0,train,train,"O que um empacotador gay falou para o outro? "" Lacrou, bicha? """
5.424.N,5.424,N,0,train,test,Qual deus grego me deixa puto? Ares.
5.1979.H,5.1979,H,1,train,test,Qual a série que deixa todo mundo que assiste sem graça? Constranger things 
5.247.N,5.247,N,0,train,train,Qual cantor está sempre querendo uma bebida? MC Catra.
5.1240.H,5.1240,H,1,train,test,Onde o pedreiro anão vai nos fins de semana? Na escola do-mini-cal.
5.2598.N,5.2598,N,0,train,train,Qual cantor que era estéril? Justin Bieber.
4.739.H,4.739,H,1,train,test,Para a semana vou organizar uma festa para pessoas com dificuldade em atingir o clímax. Avisem-me se não conseguirem vir.
5.2141.N,5.2141,N,0,train,train,Por que tiraram a jogadora de vôlei do time após fazer o ponto? Porque foi machucada
4.601.N,4.601,N,0,train,train,"Qual é a diferença entre piadas de trocadilho e charadas? As piadas de trocadilho exploram múltiplos significados, as de charadas são um enigma."
4.668.H,4.668,H,1,train,train,Qual é o automóvel que leva mais porcas? É o Nissan Na vara.
5.1160.N,5.1160,N,0,train,train,Qual o pão que te ajuda a respirar? O pão Sírio.
4.463.H,4.463,H,1,train,train,Qual é o melhos carro para te dar uma boleia? É o Volkswagen Bora!
5.3198.N,5.3198,N,0,train,train,Qual cantora que adora esfiha? Gabi Ferreira.
5.112.N,5.112,N,0,train,validation,O que a mulher do Moro foi fazer no salão de beleza? Cortar cabelo.
5.518.H,5.518,H,1,train,train,Qual ator eu costumo difamar? Robert Denigro.
5.535.H,5.535,H,1,train,validation,Por que a piscina estava sem água? Porque Ofurô.
5.1069.H,5.1069,H,1,train,train,Qual é o esporte mais justo? A justa.
5.3925.N,5.3925,N,0,train,train,Qual animal nunca vai nos encontros? Rato.
5.1288.H,5.1288,H,1,train,train,Qual atriz gosta de chocolate? Fernanda DiaMontenegro.
4.241.N,4.241,N,0,train,train,"Na vida, só existem dois livros realmente importantes: A Bíblia, que diz para nos amarmos, e o Aprender a Amar, que explica como."
5.1060.H,5.1060,H,1,train,train,"Havia um menino chamado TLER. O que o amigo dele diz quando ele fica em silêncio depois de ouvir uma piada? Ri, Tler."
5.1587.H,5.1587,H,1,train,test,Qual é a profissão do homem aranha? Desenvolvedor Web.
4.149.N,4.149,N,0,train,train,Que nome se dá a uma irritação cutânea no rabo? Prurido anal.
4.239.H,4.239,H,1,train,train,Porque é que é sempre Natal para um homem casado com uma mulher gorda? Porque todas as noites são com suada.
5.917.N,5.917,N,0,train,train,"O jovem foi mandando embora injustamente pela empresa onde trabalhava, e estava pensando em processar a empresa . Qual é o nome do filme? "" Além da Imaginação ""."
5.1925.N,5.1925,N,0,train,train,"Qual jogador sempre dava aquela respirada, antes de arremessar? Lebron James."
5.1047.N,5.1047,N,0,train,train,Qual ilha chove muito? Ilha do mel
5.546.H,5.546,H,1,train,test,Qual o apresentador que já pode ir pra casa? Gugu Liberado.
5.260.N,5.260,N,0,train,validation,Qual é o carro sem preconceito? Tempra . Porque tem para todas as pessoas.
5.3998.H,5.3998,H,1,train,train,Qual presidente brasileiro foi o mais pombo de todos? Pruuuudente de Morais.
4.332.H,4.332,H,1,train,test,"Uma ovelha, um tambor e uma serpente caíram num precipício. Baaa Dum Tsss!"
5.1223.H,5.1223,H,1,train,train,Qual parte do corpo nunca está acordada? Abidorme.
5.590.H,5.590,H,1,train,train,"Qual comida reclamamos que demora pra ficar pronta? Pô, lenta."
5.2182.N,5.2182,N,0,train,test,Qual é o ator que só interpreta médicos com roupa apertada? Caio Castro
5.1573.H,5.1573,H,1,train,validation,Qual banda não está bem? Banda MalTa.
5.2250.H,5.2250,H,1,train,train,Qual fantasia que a vaca usou no Halloween? Muuuuuumia 
5.1591.N,5.1591,N,0,train,test,Qual é o filme em que um salgado lidera um exército em busca da vitória? Juno.
5.2354.N,5.2354,N,0,train,train,Para qual time os átomos torcem? Corinthians.
4.499.H,4.499,H,1,train,train,Como é que o Pai Natal entrega as prendas tão rápido? Ele trenó muito.
4.399.N,4.399,N,0,train,train,Hoje vi o Jorge Jesus num anúncio de detergentes em que ele dizia: Este é o melhor detergente que tenho!
5.2949.N,5.2949,N,0,train,train,Qual personagem do Chaves nasceu em Porto Alegre? Nenhum.
5.3364.H,5.3364,H,1,train,train,O que os homens em Rio Branco costumam beber? Conhacre.
4.125.H,4.125,H,1,train,train,O que é que os russos dizem quando mandam uma bola ao cão? Babushka!
5.2320.N,5.2320,N,0,train,train,Onde se vendia livros infantis mas derreteu? Na Banca
5.3699.H,5.3699,H,1,train,validation,Qual pássaro nunca está em casa? Sairá.
5.1219.N,5.1219,N,0,train,test,O que é legal comer com as pessoas? Comida.
5.1215.H,5.1215,H,1,train,test,Qual ator transa com o Neymar? Robert dá ao Ney Jr.
5.163.H,5.163,H,1,train,train,"O que o Faustão falou no último domingo do ano? Essas férias, bicho."
4.454.H,4.454,H,1,train,test,Que dor sente um homem sem um braço? Dor de coto vê-lo.
5.1445.N,5.1445,N,0,train,test,Qual seria a revista do cara que lê muito? Ela iria SER VEJA.
5.3813.H,5.3813,H,1,train,train,Qual a dieta que alimenta toda a família? Alimentação parente et al.
4.413.N,4.413,N,0,train,test,A minha mulher surda trocou-me por outro homem . Devia ter percebido os avisos ...
5.1792.H,5.1792,H,1,train,train,Qual é o jornalista conservador que transportava crianças para a escola nos anos 90? Luis Ernesto La Kombi
5.1577.H,5.1577,H,1,train,train,O que é um fuio? Um buiaco na paiede.
4.159.N,4.159,N,0,train,train,Qual é o elemento químico mais comum na tabela periódica ? O tungsténio .
3.10.H,3.10,H,1,train,train,Como é que as freiras secam a roupa? Convento.
5.3136.N,5.3136,N,0,train,train,"O que meu amigo disse quando fez show nos Estados Unidos? Ô coisinha tão bonitinha, Dubai."
5.888.H,5.888,H,1,train,train,O que é bom para miopia? Miotorneira.
5.867.N,5.867,N,0,train,train,Qual a bebida preferida dos caminhoneiros? Café.
5.2929.H,5.2929,H,1,train,train,Qual é a cantora mais conhecida por assédio? é a Palpa Fernandes
4.603.H,4.603,H,1,train,train,O que acontece quando chove em Inglaterra? Fica tudo cheio de Inglalama.
5.2186.H,5.2186,H,1,train,train,Qual é o cantor folclórico que é um matador de aluguel? aSACIno de Capri 
5.427.H,5.427,H,1,train,test,Qual filósofo demitiu o Cebolinha? O Platão dele.
5.982.N,5.982,N,0,train,train,Qual é a nota musical mais tocada no asilo? Lá.
5.3864.H,5.3864,H,1,train,train,Qual o ator que se recusa a dar o seu voto? Abstênio Garcia.
4.257.H,4.257,H,1,train,train,Um homem foi para a guerra e perdeu os dois pés. Qual é o filme? O pés-tinha.
5.2637.N,5.2637,N,0,train,train,A médica não quer casar . Qual o nome do livro? Mulher solteira pró cura.
3.5.N,3.5,N,0,train,train,Qual é o nome do profissional que pinta carros em inglês? Pintor de carro.
5.871.N,5.871,N,0,train,train,Por que o construtor virou comunista depois que se deparou com um prego tão duro que destruiu seu equipamento de trabalho? Porque estragou o martelo.
5.3468.H,5.3468,H,1,train,validation,Qual jornalista consegue tirar a medida de todos os lugares? Dá trena.
5.3.N,5.3,N,0,train,train,Por que o banco só funciona de 8h as 18h? Porque as transações são comerciais.
5.3621.H,5.3621,H,1,train,train,Qual é a cantora que faz mais sucesso no Natal? Angela Ho Ho Ho.
5.3090.H,5.3090,H,1,train,train,Onde se pendura um mapa? Atlas da porta.
4.454.N,4.454,N,0,train,train,Que dor sente um homem com um braço? Dor de cotovelo.
5.2095.N,5.2095,N,0,train,test,O que o rapaz falou quando viu batatinhas em um saquinho? Posso comer?
5.2666.H,5.2666,H,1,train,test,Qual o sambista com menos pelos do Brasil? Xande Depilares.
5.719.H,5.719,H,1,train,train,"Qual o maior medo do matemático quando vai ao banheiro??? Bater na porta e ouvir ""tangente""..."
5.3935.H,5.3935,H,1,train,test,Qual a bebida que te viu ontem? Lhe Countreau.
5.3391.N,5.3391,N,0,train,validation,Qual cantora famosa nasceu em La Paz? Shakira.
5.1131.N,5.1131,N,0,train,train,Por que o Ben 10 de vez em quando ganha algumas roupas de presente? Porque há males que vêm para o bem.
5.2300.N,5.2300,N,0,train,train,Por que as pessoas estavam testando comidas dentro do ônibus? Porque era um teste do Fantástico.
5.3955.H,5.3955,H,1,train,train,Que diretor de cinema era radioativo? Scorcésio.
5.984.H,5.984,H,1,train,train,Levei meu carro na feira ao invés de levar para a oficina. Qual é o nome do filme? Laranja Mecânica.
5.2455.H,5.2455,H,1,train,train,Onde o Mickey gosta de morar? No condominnie.
5.124.N,5.124,N,0,train,train,Qual é o nome da cachorra da Adele? Lili.
5.1368.N,5.1368,N,0,train,train,Por que a água foi presa? Porque ela empoçou.
5.1558.H,5.1558,H,1,train,train,Qual é o cantor que é dificil de engolir? Zezé que amargo.
5.2884.N,5.2884,N,0,train,train,Qual é o ator mais peludo de todos? Tony Ramos
5.539.N,5.539,N,0,train,train,Qual personagem literário gosta de música nordestina? Dom Quixote.
4.494.N,4.494,N,0,train,train,A pessoa que inventou o autocorrect devia arder no inferno.
5.3601.H,5.3601,H,1,train,validation,Qual cantora que mais tem acnes? Britney Espinhas.
5.1015.N,5.1015,N,0,train,test,O que são vários números 2 caindo do céu? Chuva.
4.732.N,4.732,N,0,train,train,Já alguma vez experimentaste tiro com arco de olhos vendados? Não vês o alvo ...
5.1346.N,5.1346,N,0,train,train,Qual é lutador preferido da Galinha Pintadinha? O Anderson Silva.
5.1977.N,5.1977,N,0,train,train,Qual é o tipo de música que se canta pela bunda? Samba
4.516.H,4.516,H,1,train,validation,Era uma vez uma mulher que partiu a perna ao filho. Não tinha canela para pôr no bolo.
5.80.H,5.80,H,1,train,train,Qual é a cidade que só tem galináceas prostitutas? Ponto de Galinhas.
4.449.N,4.449,N,0,train,train,Porque é que o criminoso foi preso para interrogatório? Porque era suspeito.
5.2379.H,5.2379,H,1,train,train,Qual a bebida preferida dos publicitários? Caldo de Cannes
5.3730.H,5.3730,H,1,train,test,Por que a bicicleta consertou o pé torto do guitarrista? Porque o pedal era de distorção.
5.2383.N,5.2383,N,0,train,test,Qual a cidade mineira favorita dos matemáticos? Uberaba
5.3920.H,5.3920,H,1,train,test,Qual o nome do cara que é sempre uma boa opção? Walter Nativa.
4.361.N,4.361,N,0,train,train,O que é que o mosqueteiro diz à mosqueteira antes de fazerem amor? Hoje vou te amar.
4.413.H,4.413,H,1,train,train,A minha mulher surda trocou-me por outro homem. Devia ter percebido os sinais...
5.2943.H,5.2943,H,1,train,train,"Qual é a posição sexual que o Esqueleto, do He-Man, mais gosta? Frango ossado."
5.1982.H,5.1982,H,1,train,validation,Quem cuida da documentação na floresta? O Tabeleão 
5.3238.H,5.3238,H,1,train,train,Qual queijo fabrica carro? Rockerford.
5.2981.N,5.2981,N,0,train,train,Qual personagem mais peludo dos desenhos? Jerry.
5.2019.N,5.2019,N,0,train,train,Qual é a parte do olho que é mais agitada? A retina
5.1236.H,5.1236,H,1,train,train,Qual instrumento mais gelado que existe? OCoolerLê.
4.495.N,4.495,N,0,train,train,O que é que a menina disse para o homem das obras? Deixa-me em paz.
5.2222.H,5.2222,H,1,train,train,Qual instrumento já vem com comando de voz? Acorde: on 
5.3433.N,5.3433,N,0,train,train,Qual o nome do chinês que adora doce? Zhoumi.
4.700.N,4.700,N,0,train,train,Como podes controlar a humidade no teu rabo? Com pó de talco.
5.2088.N,5.2088,N,0,train,train,O que perguntaram pro Silvio Santos quando ele voltou da Itália? O que você fez lá?
5.762.N,5.762,N,0,train,train,O que se usa pra aumentar os cílios? Rímel.
5.1745.H,5.1745,H,1,train,train,Qual é o nome de um artista que esculpe com peças de bicicleta? Cicli-angelo. 
5.2858.H,5.2858,H,1,train,train,Pq o rapaz demorou muito para receber alta do hospital mas não reclamava ? Porque era paciente 
5.2287.H,5.2287,H,1,train,train,Qual é o restaurante frequentado por monges? O Outibet
5.890.H,5.890,H,1,train,train,Qual é a marca favorita dos afilhados? Adindas.
5.3368.N,5.3368,N,0,train,validation,"O que o condutor disse pro comediante? Foi ace, Ventura."
4.312.N,4.312,N,0,train,validation,Porque é que a mulher do Einstein usa bikini? Porque tem um bom corpo.
4.708.N,4.708,N,0,train,test,Qual é a cantora preferida dos cirurgiões? É a Mariza.
5.1577.N,5.1577,N,0,train,test,O que é um furo? Um buraco na parede.
4.65.H,4.65,H,1,train,validation,Porque é que o corcunda de Notre Dame não costuma falar com ninguém? Porque ele é Quasimudo.
4.494.H,4.494,H,1,train,train,A pessoa que inventou o autocorrect devia arder no inverno.
5.3595.N,5.3595,N,0,train,train,Qual o chinelo mais vendido em Salvador? Havaianas.
5.2429.N,5.2429,N,0,train,train,Como se exprime o aumento da temperatura causado pelo McDonald`s? Aquecimento global.
5.1690.H,5.1690,H,1,train,test,Por que o canoísta Isaquias Queiroz foi convidado para ir pro espaço? Porque ele é um astronáutico
5.3128.H,5.3128,H,1,train,test,Celular que só funciona em praia de nudismo? Semsunga.
4.68.N,4.68,N,0,train,train,Porque é que pintar de bronze não é um desporto olímpico? Porque o melhor que consegues é um bronze.
5.141.H,5.141,H,1,train,train,Qual o herói da ovelha? Lã pião.
5.1178.N,5.1178,N,0,train,train,Qual suco é formado em direito? Ades.
5.1263.H,5.1263,H,1,train,validation,Qual seleção não foi pra Copa para brincadeiras? Ni séria.
5.3242.N,5.3242,N,0,train,train,Qual é a técnica que faz o nariz obedecer todas as ordens? Rinoplastia.
5.2039.N,5.2039,N,0,train,test,Qual é o cachorro do Cazuza? O rex Beija Flor
4.25.N,4.25,N,0,train,train,Já abriu a nova discoteca para a comunidade gay . Chama-se Bar lovers.
5.2707.H,5.2707,H,1,train,train,Por que o tubo de pomada foi preso? Porque era um creminoso.
5.2936.N,5.2936,N,0,train,train,O que aconteceu com a Chun-li quando um brasileiro a assustou? Ela ficou morta de susto.
4.112.H,4.112,H,1,train,train,Quando é que os informáticos vão ao dermatologista? Quando têm problemas d'Apple.
4.594.N,4.594,N,0,train,train,Porque é que o professor de matemática se suicidou? Tinha muitos problemas.
5.1036.H,5.1036,H,1,train,train,Qual a cantora que já foi inseto mas esqueceu disso lá em Minas Gerais e a amiga teve q dar um cutucão e falar? A BEE OCÊ
5.1936.N,5.1936,N,0,train,test,Qual apresentador é esnobe? Faustão.
5.1252.H,5.1252,H,1,train,train,Qual lugar as pessoas estão sempre sorrindo? AHAial D'ajuda.
4.352.H,4.352,H,1,train,train,Qual é a diferença entre um boneco de neve e uma boneca de neve? As bolas de neve.
4.461.H,4.461,H,1,train,validation,Porque é que não se serve chá na escola? Por causa do bule-ing.
5.1147.H,5.1147,H,1,train,train,Por qual carro o homem sente muito tesão? BuCelta
4.746.N,4.746,N,0,train,train,Os ambientalistas afirmam que o buraco de ozono já não é um buraco grande . Agora é só um buraco.
5.1156.H,5.1156,H,1,train,train,"Qual o personagem que não faz questão de estar certo o tempo todo? Erromeu, do Erromeu e Julieta."
5.4009.H,5.4009,H,1,train,train,Qual o nome da menina que você deveria investir ? Valeria Pena.
5.220.H,5.220,H,1,train,test,Qual é o escritor mais antigo que existe? Érico Velhíssimo.
4.205.H,4.205,H,1,train,train,Que barulho faz um relógio feito no México? Tic Taco.
5.600.N,5.600,N,0,train,train,"Por que, após se separar da mulher, o cara engordou? Porque ele sofreu muito."
4.717.N,4.717,N,0,train,train,Qual é a profissão do Nélson Évora? Atleta.
5.1996.N,5.1996,N,0,train,train,Qual o mote preferido do Kiko? É o  Cálice Cálice Cálice se não você me deixa louco!
5.2311.N,5.2311,N,0,train,test,Qual é a luta mais longa que existe? Kung Fool
4.55.N,4.55,N,0,train,train,O que é um omo? É um sabão em pó com o qual se lavam as partes íntimas.
4.381.H,4.381,H,1,train,train,O que acontece quando metes um tomate no micro-ondas? Entalas o outro.
5.3.H,5.3,H,1,train,train,Por que o motel só funciona de 8h as 18h? Porque as transações são comerciais.
5.3703.H,5.3703,H,1,train,train,Que atriz trabalha como lixeira? Tony Colete.
5.2480.N,5.2480,N,0,train,train,Qual guerreiro seria um bom humorista? O Conan.
5.240.N,5.240,N,0,train,train,O moço nao estava se sentindo bem . O que ele tinha? Azia.
5.3750.N,5.3750,N,0,train,train,O que a serpente fazia no circo? Truques
5.978.H,5.978,H,1,train,train,Qual é a novela em que Eva zoa Adão? O Trolado do Paraíso.
5.2785.N,5.2785,N,0,train,train,Qual estado americano é uma farpa? Flórida.
5.1503.N,5.1503,N,0,train,train,O gaúcho não achava o seu carro no estacionamento . Qual o modelo do carro? Miura!
4.610.N,4.610,N,0,train,train,Por que é que os idosos fazem cirurgias? Porque têm problemas de saúde.
5.2142.N,5.2142,N,0,train,train,Por que os jogadores de vôlei estão sempre no foco da notícia? Porque eles são bons na ataque
5.3538.H,5.3538,H,1,train,train,"Qual o meio de transporte mais personalizado que existe? É o pa ti, Nete."
5.217.H,5.217,H,1,train,test,O que usam para fazer as bonecas Barbie? Aparelho de barbear.
5.2536.N,5.2536,N,0,train,train,Qual cantor brasileiro que assiste futebol? Neymartogrosso
4.720.H,4.720,H,1,train,train,Um cacto liga para outro: Aloe Vera?
5.2166.H,5.2166,H,1,train,validation,Qual cantor era lobisomem? O uiWando 
5.3045.N,5.3045,N,0,train,train,""" Por que a pessoa não paga pelo absorvente? Porque "" "" quer de graça "" "" . """
5.717.H,5.717,H,1,train,test,Qual a brincadeira preferida da esteticista do Jô Soares??? Ex-cravos de jô
5.1059.H,5.1059,H,1,train,train,"Meu celular quebrou em várias partes. Do que eu preciso?  De uma bactéria, porque ela unicelular."
5.211.H,5.211,H,1,train,train,Qual é o urso que muda de opinião toda hora? Urso Bipolar.
4.508.N,4.508,N,0,train,train,O que é a disfunção eréctil? É a incapacidade de sentir atração pelos candidatos.
4.299.H,4.299,H,1,train,test,A Ester e o Paulo tiveram um filho. Pode-se dizer que o filho deles é 100% Paulyester.
4.347.N,4.347,N,0,train,train,Como se chama o homem que monta os palcos? Armando Nascimento de Jesus.
5.3439.N,5.3439,N,0,train,train,O homem chama sua esposa pra aprender o crime . Qual o nome do filme? V de Vingança.
4.196.H,4.196,H,1,train,train,Onde é que os eletrões moram? Na eletri-cidade.
5.2820.H,5.2820,H,1,train,test,Cantora que sempre fez dieta? Elis Regime 
4.44.N,4.44,N,0,train,train,"Uma vez perguntaram ao João Silva porque é que ele não tinha o Windows 10, ao que ele respondeu: Ainda gosto do XP."
4.337.N,4.337,N,0,train,test,Porque é que a mão não pode medir mais do que 31 cm? Porque aí já seria um remo.
5.2311.H,5.2311,H,1,train,train,Qual é a luta mais idiota que existe? Kung Fool
5.1150.N,5.1150,N,0,train,test,O que a mãe do chinês falou para ele fazer quando brigarem com ele? Desculpar-se.
5.4065.H,5.4065,H,1,train,train,Por que acharam melhor não colocar o Silvio Santos pra apresentar toda a programação do SBT? Porque seria impor Silvio.
5.84.N,5.84,N,0,train,train,Qual é o policial que também trabalha em obras? Obreiro.
5.137.N,5.137,N,0,train,test,"Se o Kid Bengala fosse um personagem da Caverna do Dragão, quem o ajudaria a voltar para casa? Mestre dos Magos."
4.142.H,4.142,H,1,train,train,Qual é o melhor chá para a calvície? É o chá-peu.
5.525.H,5.525,H,1,train,train,Por que eu rezo pelo Wendel Bezerra? Porque todo mundo fica o WenDeusando.
4.526.N,4.526,N,0,train,train,De que marca é a roupa do Pinóquio? Element.
5.2074.H,5.2074,H,1,train,test,Qual o cantor que nunca deixa a mulher sair sozinha? Milton Naciumento 
4.569.H,4.569,H,1,train,validation,Porque é que o Artur aceitou o trabalho de limpar espelhos? Porque era algo que se via a fazer.
4.483.H,4.483,H,1,train,train,Porque é que há tantas mulheres feias no litoral? Porque a verdadeira beleza está no interior.
5.3458.H,5.3458,H,1,train,train,Qual cantora é instrumento? Alaúde Costa.
5.4023.N,5.4023,N,0,train,train,Por que o diabo comprou um chicote? Porque queria infernizá-la.
4.342.H,4.342,H,1,train,train,Qual é o contrário de menu? Youvestido.
5.644.N,5.644,N,0,train,train,Qual personagem da Bíblia era viciado em exercício fisico? Maria.
5.248.N,5.248,N,0,train,train,Qual foi o dinossauro mais zoeiro que existiu? Velociraptor.
5.409.N,5.409,N,0,train,test,Qual a história sobre a princesa adolescente que não gostava de cobrir os pés? A Pequena descalça
5.904.H,5.904,H,1,train,test,Qual é o nome da cantora que tem a casa cheia de vinhos? Amy Winehouse.
4.620.H,4.620,H,1,train,test,Qual é a marca automóvel mais popular na Noruega? Fiord.
5.3211.N,5.3211,N,0,train,train,Qual o ator favorito do Thor? Christopher Hemsworth.
4.60.H,4.60,H,1,train,test,Qual é a cor que os eletricistas menos gostam? O rosa choque.
4.450.H,4.450,H,1,train,train,O que é que o Robin diz quando fuma uma ganza? Esta batman...
5.1493.H,5.1493,H,1,train,train,Quem faz o melhor milkshake do asilo? O vô maltine.
4.165.N,4.165,N,0,train,train,Porque é que há tantas putas vegetarianas? Porque elas gostam das verduras.
5.3270.H,5.3270,H,1,train,train,Qual é a pessoa muito famosa que adora briga de galo? Rinha da Inglaterra
4.328.N,4.328,N,0,train,test,Porque é que a mulher do Luís se divorciou dele? Queria um homem mais maduro.
4.703.N,4.703,N,0,train,validation,Qual é o prazo de validade de maio? 31 de maio.
5.1505.H,5.1505,H,1,train,validation,Como o elétron atende o telefone? Próton.
5.1789.N,5.1789,N,0,train,test,Um menino viajando de ônibus vomitou a viagem inteira . Qual é o nome do filme? Passando mal.
5.3410.N,5.3410,N,0,train,test,Qual filme eu tenho que assistir sob ameaça de morte? Vingadores o ultimato.
5.1496.N,5.1496,N,0,train,train,"Estavam dois frangos voando, aí um disse "" Peraí, frango não voa "" e caiu no chão, mas o outro continuou voando . Por quê? Porque era um frango surdo."
5.3953.H,5.3953,H,1,train,train,"Que movimento político ficou de apurar os fatos históricos, mas mentiu de certa forma? Com omissão da verdade."
4.614.N,4.614,N,0,train,train,"Eu morava na Madeira e mudei-me para Ibiza . Isto não foi sensato, mas sim ponderado."
5.1759.H,5.1759,H,1,train,train,Por que a atleta abandonou esportes na neve? Porque seu ex quis
5.660.H,5.660,H,1,train,train,"Qual o chocolate favorito dos fiéis? Bis, pô."
5.93.N,5.93,N,0,train,train,Qual é o acessório que não acredita nas coisas? Fone bluetooth.
5.1599.H,5.1599,H,1,train,train,Qual é o nome da loja do músico veterinário? Trom Pet.
4.249.H,4.249,H,1,train,train,Fui ao McDonalds e pedi o novo hamburguer de chimpanzé. Chama-se McCaquinho.
5.2351.N,5.2351,N,0,train,train,Qual é o árbitro que expulsa as pessoas e elas nunca mais podem voltar? O bandeirinha.
5.521.N,5.521,N,0,train,test,Qual ator que peida tão alto que ressoa? Francisco Xavier.
5.3006.N,5.3006,N,0,train,test,Qual país só tem coisas sem utilidade? Irlanda.
5.2589.N,5.2589,N,0,train,train,Qual a semelhança de um polvo com um restaurante mexicano? Nenhuma.
4.654.H,4.654,H,1,train,validation,Onde é que os cães fazem compras? Na feira da ladra.
5.2622.N,5.2622,N,0,train,test,Qual chá preferido dos pedreiros? Santo Daime.
4.248.H,4.248,H,1,train,train,"Qual é o único país que pode conduzir? A Indonésia, porque tem Jakarta."
4.650.H,4.650,H,1,train,train,Qual é a religião dos gatos? Gatólica.
5.1140.N,5.1140,N,0,train,validation,Qual é a moeda preferida que quem fica em casa cuidando dos cachorros? Do Lar
5.4018.N,5.4018,N,0,train,train,Qual programa de rádio homenageia os idosos? Música Disco.
4.186.N,4.186,N,0,train,test,Qual é a série preferida dos prisioneiros? Prison Break.
5.3920.N,5.3920,N,0,train,train,Qual o nome do cara que é sempre uma boa opção? Caio Pinto.
5.939.N,5.939,N,0,train,train,Qual é o cantor que tem o pênis mais rechonchudo? Luan Santana.
5.3116.N,5.3116,N,0,train,test,Qual tipo de carne que só vai bem com cerveja? Vermelha.
5.124.H,5.124,H,1,train,test,Qual é o nome da cachorra da Adele? Cadele.
5.1400.N,5.1400,N,0,train,train,Qual aplicativo os presidiários usam para fugir da prisão? WhatsApp.
5.3075.H,5.3075,H,1,train,train,"Qual o cineasta que odeia comer entre as refeições? Roman ""Pô, Lanche?"""
5.1435.N,5.1435,N,0,train,train,Por que o amor entre patos é o mais bonito que existe? Porque é para toda a vida.
5.3304.N,5.3304,N,0,train,train,Qual o prato que pune quem tenta ser malandro? Espetinho na brasa.
5.3011.N,5.3011,N,0,train,train,Qual animal gosta de ensinar? Panda.
5.1807.H,5.1807,H,1,train,train,Qual animal é cabeleireiro? Serpente
5.1697.N,5.1697,N,0,train,test,"Por que se você colocar o ouvido no túmulo do Beethoven, você ouve a música dele ao contrário? Porque ele está dormindo."
5.3447.H,5.3447,H,1,train,train,Qual time de futebol é um grande vazio? Vácuo da Gama.
5.1279.H,5.1279,H,1,train,train,Qual ator mirim não escova os dentes? MaCarie Culkin.
5.1253.N,5.1253,N,0,train,train,De qual cartão as pessoas mais fazem uso nas fronteiras? mastercard.
5.1684.H,5.1684,H,1,train,train,Qual cantor odeia a pia cheia? Caetano vê louça
4.269.H,4.269,H,1,train,train,Qual é o cão mais surpreendente de todos? É o chi-wow-ah!
5.196.H,5.196,H,1,train,test,Qual é o lugar que vem depois do além? B lém.
5.519.N,5.519,N,0,train,train,Qual ator sempre tem muito assunto? Fábio Assunção.
5.1277.H,5.1277,H,1,train,train,Qual foi o resultado do exame do negão que corria muito? Negoativo.
4.240.H,4.240,H,1,train,test,Como se chama a mulher do Pai Natal? Mary Christmas.
5.881.N,5.881,N,0,train,validation,Como a manicure se refere a esposa do irmão dela? Cunhada.
5.3562.H,5.3562,H,1,train,train,Qual a cidade que está inovando sua forma de comunicação? Emoji Mirim.
5.162.H,5.162,H,1,train,train,O que são dois pontinhos marrons no palco? Browno e Marrone.
5.2780.N,5.2780,N,0,train,validation,Qual quadro que a minha mulher adora fazer resenha? A Persistência do Tempo.
5.1269.H,5.1269,H,1,train,train,Qual seleção trabalha pesado? Pánamão.
4.90.N,4.90,N,0,train,train,"Como é que se diz "" copia bem "" em inglês? Copy & paste."
5.3490.N,5.3490,N,0,train,test,Qual hotel se compraram os Beatles? Let Ibis.
5.696.N,5.696,N,0,train,test,Qual é o super-herói de quem todo mundo lembra? Superman.
5.2798.H,5.2798,H,1,train,test,Qual é o passaro q usa absorvente? OBjá flor
5.2951.H,5.2951,H,1,train,train,Qual é o personagem de Chaves que gosta de ficar rodando dildos? O Professor Gira Falos. 
5.102.N,5.102,N,0,train,train,Qual o conto de fadas preferido dos meninos? Conto de Fraldas.
4.63.N,4.63,N,0,train,train,O que é que se faz num velório de lésbicas? Um minuto de silêncio.
4.403.N,4.403,N,0,train,train,Um casal está num carro e de repente a mulher desaparece . O que aconteceu? Magia.
5.3400.H,5.3400,H,1,train,train,Em qual série não gostam de uma banda de rock? Todo mundo odeia o Kiss.
5.673.N,5.673,N,0,train,validation,Qual programa comemora o nascimento de um famoso funkeiro? Fantástico.
5.1219.H,5.1219,H,1,train,train,O que é legal comer com as pessoas? People ca.
5.3810.N,5.3810,N,0,train,test,Qual lutador é uma figura? José Aldo.
5.1445.H,5.1445,H,1,train,train,Qual seria a revista do cara que bebe muito? Ela iria SER VEJA.
4.92.N,4.92,N,0,train,test,Porque é que o Simba não fez o jantar? Porque está à espera que o Pumba faça.
5.2528.H,5.2528,H,1,train,test,Qual o animal mais silencioso que existe? Ma Mute.
4.515.H,4.515,H,1,train,test,Não deixes a vida passar em branco. Abre um tinto.
5.283.N,5.283,N,0,train,train,O que o coveiro disse quando pediram a ele para gerenciar o cemitério? Isso não é da minha alçada.
5.828.H,5.828,H,1,train,test,Qual o nome e sobrenome da mulher que apareceu sem roupa e surpreendeu o japonês? A Inês Perada.
5.2599.N,5.2599,N,0,train,train,"O que o funkeiro falou pro moço da platéia? Ele disse que só quer vrau, só quer vrau, vrau, vrau, vrau."
4.628.H,4.628,H,1,train,test,Por que é que a cobra trabalha no cabeleireiro? Porque ela gosta de ser pente.
5.3316.H,5.3316,H,1,train,train,Qual cidade tem muitos marceneiros? Natividade da Serra.
5.308.N,5.308,N,0,train,train,Pra que o peixe foi se confessar? Pra pagar seus pecados.
5.2968.H,5.2968,H,1,train,validation,Lugar que vende CD de Heavy Metal? Posto IpiAngra.
5.1484.N,5.1484,N,0,train,train,O que o japonês foi fazer no banheiro do restaurante? Xixi.
5.253.N,5.253,N,0,train,train,Qual é o ator mais avoado da Rede Globo? Fábio Assunção.
5.3434.H,5.3434,H,1,train,train,Por que o Faustão quer que você coloque o Plinio no seu devido lugar? Pra que tu reclames do Plinplin.
4.562.N,4.562,N,0,train,validation,Em que estado se encontra o rio Mississipi? No estado Minnessota.
5.2119.H,5.2119,H,1,train,validation,Por que o bolo não sabia de nada? Porque estava desenformado 
4.501.N,4.501,N,0,train,train,Quais são os apelidos mais comuns da população  de Portugal? Passos Dias Aguiar Mota.
5.1622.H,5.1622,H,1,train,test,Qual a enciclopédia mais fraca do mundo? Weak-epedia
5.3600.H,5.3600,H,1,train,train,Qual o tom que a Cinderela canta suas músicas? Fá da Madrinha.
5.2616.H,5.2616,H,1,train,train,Qual ator sempre dá tudo de si? Doei-me Johnson.
4.482.H,4.482,H,1,train,train,"O homem já vivei no período Paleolítico, no Mesolítico, no Neolítico... A avaliar pelo stress com que eu ando, devemos estar agora no Ansiolítico."
4.292.N,4.292,N,0,train,train,"Estão dois matemáticos a discutir, vira-se um: Já não discuto mais contigo!"
4.47.N,4.47,N,0,train,train,O que é que as crianças dos carpinteiros fazem? Brincadeiras.
4.698.H,4.698,H,1,train,train,Qual é a semelhança entre o sol e um avô? Ambos fazem qualquer coisa planeta.
4.293.N,4.293,N,0,train,train,O que é que os esqueletos usam na cabeça? Um boné.
5.2272.N,5.2272,N,0,train,validation,De qual país eu aceitei um chiclete? Colombia
4.742.H,4.742,H,1,train,validation,O que teria acontecido se Adão e Eva fossem canibais? A Eva teria comido a maçã-de-adão.
5.2694.H,5.2694,H,1,train,validation,Por que durante muito tempo a frase se contentava com poucas palavras? Porque aquele foi um período simples.
4.634.N,4.634,N,0,train,train,"Por que é que a apresentadora do Querido, Mudei a Casa foi para o hospital? Porque tinha um problema renal."
5.3991.H,5.3991,H,1,train,train,Por que levaram a cadeira pra Igreja Universal? Porque ela tem encosto.
5.2812.H,5.2812,H,1,train,train,Qual carro é a mistura de um prato árabe e um suco? Homustang 
5.3373.H,5.3373,H,1,train,train,Qual médico está sempre com gases? Peideatra.
5.3603.H,5.3603,H,1,train,validation,Que escritora homenageou o negão do whatsapp? Tora Toralina.
5.3223.N,5.3223,N,0,train,validation,Qual o contrário de vadia? Trabalhadora.
5.2911.H,5.2911,H,1,train,validation,Qual é o artista ídolo da MPB mais acessível? Aberto Carlos 
4.258.N,4.258,N,0,train,train,Que nome se dá ao Super-Homem quando ele vai à missa? Crente.
5.2511.N,5.2511,N,0,train,validation,Qual é a série que conta a história de um anfíbio no alto do Everest? A escalada do sapo.
4.48.N,4.48,N,0,train,train,O que é um pontinho verde numa noiva? A grinalda.
4.452.H,4.452,H,1,train,train,O que diz um bombista suicida quando chega ao paraíso e encontra as 72 virgens? Epá estou todo rebentado...
5.2442.N,5.2442,N,0,train,train,Onde os detentos escrevem as atividades no seu dia-a-dia? No presidiário.
5.2013.N,5.2013,N,0,train,train,Por que é importante ter uma cantora em caso de incêndio? Pois tem que ter quem chame os bombeiros
4.700.H,4.700,H,1,train,validation,Como podes controlar a humidade no teu rabo? Com pó de tal cu.
5.4103.H,5.4103,H,1,train,train,Qual a bebida preferida de Romeu e Julieta? Milk Shakespeare.
5.1520.N,5.1520,N,0,train,train,O que o Michael Jackson fez quando se deitou para assistir a sua série favorita? Dormiu.
5.4030.N,5.4030,N,0,train,train,Qual o pássaro mais atrapalhado que existe? Arara.
5.985.H,5.985,H,1,train,train,Qual profissão serve de adubo? Humusristas.
5.3230.N,5.3230,N,0,train,train,Qual médico que é funkeiro? Dr. Pereira.
5.3153.H,5.3153,H,1,train,test,O que o bob esponja come pra ser tão serelepe? Hambúrguer de Siri com Tico.
5.358.H,5.358,H,1,train,train,Qual cidade incentiva o uso do tato? Toque-o.
5.482.H,5.482,H,1,train,train,Qual doença se contrai quando come muito ovo? Poliomelete.
4.52.H,4.52,H,1,train,train,O que é um ponto preto no oceano? É um blackalhau.
5.704.N,5.704,N,0,train,train,Qual cerveja é comum nos navios? Brahma.
4.136.N,4.136,N,0,train,train,Qual é a palavra que nunca representa a verdade? Mentira.
5.3827.H,5.3827,H,1,train,train,Qual o mês favorito do surfista? Outubo.
5.2893.H,5.2893,H,1,train,train,Qual dupla canta a meia luz? Sandy & Abajunior 
5.3496.H,5.3496,H,1,train,train,Qual o sanduíche favorito do Silvio Santos? Baú ru da felicidade.
4.338.H,4.338,H,1,train,train,Que nome se dá a um hipopótamo a dançar com uma tartaruga? Hip hop tuga.
5.2712.N,5.2712,N,0,train,train,Por que o mineiro não tropeça mais nos fios em casa? Porque é tudo wi-fi.
4.536.N,4.536,N,0,train,train,Porque é que o génio recebeu um prémio Nobel? Porque foi o que mais se destacou no seu campo.
4.705.N,4.705,N,0,train,train,Por que é que os turistas vão à praia? Para ficarem douradinhos.
5.412.N,5.412,N,0,train,train,Qual o filme que conta a história de um cavalo de brinquedo? O corcel story
4.611.N,4.611,N,0,train,test,"Como se diz "" tripa de boi "" em português? Intestino delgado."
5.1311.H,5.1311,H,1,train,validation,Qual cantor sertanejo faliu? Luan Sengrana.
5.1030.H,5.1030,H,1,train,validation,"Qual o jogo favorito da Dona Florinda? Pedra, papel e TESOURO"
5.854.N,5.854,N,0,train,train,Qual o nome do japonês que abriu uma madeireira? Oshiro.
5.2740.H,5.2740,H,1,train,train,Qual ponto turístico homenageia o japonês? Uma Estátua na Liberdade
5.3011.H,5.3011,H,1,train,test,Qual animal gosta de ensinar? LargaTeacher.
4.286.N,4.286,N,0,train,train,O que e que os putos comem ao pequeno-almoço? Ovos mexidos.
5.1806.N,5.1806,N,0,train,train,Qual é o carro do fotógrafo fracassado? Corolla.
5.3303.N,5.3303,N,0,train,train,Qual a ave que te serve comida? A garça.
5.386.N,5.386,N,0,train,test,Por que a cerveja ganhou Oscar? Pela brilhante forma de a marca fazer propaganda.
5.3168.N,5.3168,N,0,train,train,Qual é a entidade mais maluca da umbanda? Pomba Gira.
5.3547.H,5.3547,H,1,train,train,Qual a profissão de gente chata? Carpentelho.
5.28.H,5.28,H,1,train,train,Qual é a modelo mais gorda que existe? XL Bündchen.
5.2912.N,5.2912,N,0,train,train,Qual é o prato de carne branca que nenhum cozinheiro acerta? Porco
3.7.N,3.7,N,0,train,train,"O que é um pontinho amarelo na limusine? É um "" acidente ""."
5.2776.N,5.2776,N,0,train,train,Qual jogo obriga escolher entre ir ao Nordeste ou ser eletrocutado? Bayonetta.
5.1129.H,5.1129,H,1,train,test,Qual banda tem animais que gozam muito? Ratos do Porrão
5.3795.N,5.3795,N,0,train,train,Qual o cantor que está sempre na academia? Jão.
5.1305.H,5.1305,H,1,train,validation,Qual jornalista se veste que nem um bebê? Bodys Casoy.
4.712.N,4.712,N,0,train,train,Porque é que nunca se deve separar o pau da vassoura? Porque depois para encontrá-lo é difícil.
4.600.N,4.600,N,0,train,test,O que são quatro pontos pretos no chão? Formigas.
5.3288.N,5.3288,N,0,train,train,Qual programa de TV mais contagioso? Hermes e Renato.
5.2340.N,5.2340,N,0,train,train,Qual goleiro brasileiro gosta de recolher pequenos galhos? Cássio.
4.730.N,4.730,N,0,train,train,A minha namorada acabou comigo . Eu não tinha pedalada para ela.
5.2473.N,5.2473,N,0,train,train,Qual é a semelhança entre o trovão e a lâmpada? Os dois vêm sempre acompanhados de uma descarga.
5.3498.N,5.3498,N,0,train,test,Qual o sanduiche do Tom Brady? X-egg Bündchen.
5.2347.H,5.2347,H,1,train,train,Qual nome se dá quando cai uma parte de um estádio? Arquibanqueda.
5.652.N,5.652,N,0,train,train,Qual é a banda que vai dentro de um botijão? Gás in Roses.
4.541.N,4.541,N,0,train,train,"Como é que se diz "" não há Wi-Fi "" em inglês? No Wi-Fi."
5.2972.H,5.2972,H,1,train,test,Qual a marca de roupa preferida dos esquilos? Alvin Klein.
5.1079.H,5.1079,H,1,train,train,Qual a maior cidade do mundo? Huge Janeiro.
5.1346.H,5.1346,H,1,train,train,Qual é lutador preferido da Galinha Pintadinha? O Popó.
5.3130.H,5.3130,H,1,train,train,Qual doce que dá nojinho lamber? PeruLito.
4.429.N,4.429,N,0,train,train,Por causa do coronavírus já não é permitido fazer festas com 20 ou mais pessoas . Por isso agora convido poucos.
4.517.N,4.517,N,0,train,train,Qual é a fruta preferida do namorado da Mara? Manga!
5.1720.H,5.1720,H,1,train,test,Por que a jogadora de futebol da Seleção Brasileira nunca levava cartão? É que ela é uma Lady Zaga.
4.54.H,4.54,H,1,train,validation,"Como se manda calar uma rapariga numa sessão de cinema do Star Wars? Chew, bacca!"
4.621.H,4.621,H,1,train,train,Qual é o Pokémon preferido do Pablo? É o Pikassu.
2.11.H,2.11,H,1,train,validation,Qual o nome da ciência que transforma cachorro em gato? Au que mia.
4.147.H,4.147,H,1,train,train,Ontem conheci um filósofo numa estância de esqui. Era o Montesquieu.
4.596.N,4.596,N,0,train,train,"Sabias que um jogador de ténis, mesmo cansado, ainda é um jogador de ténis?"
4.229.N,4.229,N,0,train,test,A minha amiga asiática ficou doente . Mas eu salvei-a.
4.85.N,4.85,N,0,train,validation,Porque é que nunca roubaram a mota do japonês? Porque ele compra usada.
5.864.N,5.864,N,0,train,test,Por que é tão difícil fazer piadas sobre ácidos? Porque é um tema nada fácil.
4.523.H,4.523,H,1,train,train,Qual é o canal preferido dos dálmatas? É o Canal da Mancha.
5.1710.H,5.1710,H,1,train,train,Em qual estilo musical as pessoas têm facilidade de achar quem procuram? Em country.
5.1661.N,5.1661,N,0,train,train,Qual é o desenho favorito do Michael Jackson? Os Smurfs.
4.276.N,4.276,N,0,train,validation,Uma mulher tropeça e cai em cima de um cão . Qual é o filme? Senta em um cão.
5.112.H,5.112,H,1,train,train,O que a mulher do Moro foi fazer no salão de beleza? Depilação Premiada.
4.62.H,4.62,H,1,train,test,Como é medida a pressão dos barris de cerveja? Em bares.
5.871.H,5.871,H,1,train,train,Por que o construtor virou comunista depois que se deparou com um prego tão duro que destruiu seu equipamento de trabalho? Porque foice o martelo.
5.1465.N,5.1465,N,0,train,train,Qual a cantora que tem na banda um sino? Gal Costa.
5.239.H,5.239,H,1,train,train,O que o cantor sertanejo foi fazer no RH? Foi ser demitido por justa calça.
4.624.N,4.624,N,0,train,validation,Por que é que o homem foi ao dentista? Foi colocar uma coroa no dente.
5.673.H,5.673,H,1,train,train,Qual programa comemora o nascimento de um famoso funkeiro? Jornal Nasce o Naldo.
5.2358.N,5.2358,N,0,train,train,Por que um clube de futebol não pôde mais fazer refresco? Porque acabou cajuniors.
5.1028.N,5.1028,N,0,train,train,Como os baianos chamam os cabelos loiros? Galego.
5.230.H,5.230,H,1,train,train,Qual é o ator que admira um dia ensolarado e sem nuvens? Céu Tão Belo.
5.2.H,5.2,H,1,train,train,Por que na China tem tanta gente? Porque lá eles comem com dois pauzinhos.
4.456.N,4.456,N,0,train,train,"Era uma vez um homem tão pequeno, mas tão pequeno, que não andava de metro . Andava de triciclo."
5.1869.N,5.1869,N,0,train,test,Qual a doença mais bonita que existe? Sarda.
5.3605.N,5.3605,N,0,train,train,Qual a banda que mais faz sucesso entre os jovens na internet? BTS.
5.1894.H,5.1894,H,1,train,train,Qual o nome da mulher que mandou o esposo pro inferno? Marido arda! 
5.2623.H,5.2623,H,1,train,train,Qual ator é resultado do avanço da ciência? George Clone.
5.58.N,5.58,N,0,train,train,O que o judeu passa no corpo quanto está com dor? Cataflan.
5.63.N,5.63,N,0,train,train,Do que os antigos atores que fizeram o Thor foram acusados? De profissionalismo.
5.1191.N,5.1191,N,0,train,train,Qual parente trans o padre sempre come na Igreja enquanto bebe vinho? O sobrinho.
5.528.N,5.528,N,0,train,train,Por que a reunião de família do matemático fica sempre cheia? Porque ele tem muitos irmãos.
5.285.N,5.285,N,0,train,train,Qual personagem carnavalesco não é esquecido? Rei Momo
5.266.N,5.266,N,0,train,train,Qual número gosta de rádio? 14.
5.2846.H,5.2846,H,1,train,train,Qual escritor era o mais nojento? eca de queiros 
5.1232.H,5.1232,H,1,train,train,Qual jogo tem um negro matando geral? Mortal com Black.
4.477.H,4.477,H,1,train,train,"Perguntei a um francês se jogava videojogos. ""Wii""."
5.610.H,5.610,H,1,train,train,Qual o nome que se da a gestação de 10 bebês ao msm tempo? Gravidez!
5.3320.H,5.3320,H,1,train,test,Qual personagem sabe tudo sobre dietas? Regimmy Neutron.
5.3739.H,5.3739,H,1,train,train,"O que uma jogadora disse à outra quando quis mostrar sua lealdade? ""Vou aonde você for, miga!"""
5.3870.H,5.3870,H,1,train,test,Qual o nome do dono do cemitério? Seu Pultura.
5.3057.N,5.3057,N,0,train,train,Do que os frangos gostam de conversar? Sobre comida.
5.1945.N,5.1945,N,0,train,train,Qual a cidade mais veloz? Berlin.
5.3842.H,5.3842,H,1,train,test,Qual carro também é um brinquedo? Toyota.
5.1465.H,5.1465,H,1,validation,train,Qual a cantora que tem na banda um sino? Fafá de Belém.
5.1660.H,5.1660,H,1,validation,test,Onde os piratas armazenam suas músicas favoritas? CD-Rum.
5.3992.H,5.3992,H,1,validation,train,Qual carro tem TV a cabo? PasSat.
4.737.N,4.737,N,0,validation,train,Que nome se dá a uma manifestação de bêbados? Manifestação.
4.561.H,4.561,H,1,validation,train,Que nome se dá a um grupo de vacas de férias em Espanha? Vacaciones.
4.181.N,4.181,N,0,validation,train,Pessoas que tropeçam há por aí aos montes.
5.2143.N,5.2143,N,0,validation,train,"Por que é difícil acreditar quando a testemunha, de forma muito enfática, diz que presenciou o crime? Porque é vê e mente!"
5.3310.H,5.3310,H,1,validation,train,Qual o cão que joga basquete? Farejão.
5.2380.N,5.2380,N,0,validation,train,Qual cantora adora um tempero? Ludmilla
5.840.H,5.840,H,1,validation,train,Qual filme do Eddie Murphy ocupa muita memória? 1 tera da pesada.
5.3115.H,5.3115,H,1,validation,test,Por que o fazendeiro ficou pobre depois de ir ao banheiro? Porque o intestino deu o gado.
5.1137.H,5.1137,H,1,validation,train,Por que a escova saiu se arrastando pelo chão? Porque ela quer ser pente.
5.2808.H,5.2808,H,1,validation,train,Porque Jesus não está no Tinder? Ele está com um Crushfixo 
4.407.N,4.407,N,0,validation,train,Que nome se dá a um tapete fofinho? Alcatifa.
5.135.H,5.135,H,1,validation,train,O que deixa a mãe feliz quando feito por seu filho mas é uma complicação se acontece com ela? Quando OB desce.
5.563.H,5.563,H,1,validation,test,Porque o Karl Marx ficou irritado quando atendeu o telefone? Era um trotsky.
5.1743.H,5.1743,H,1,validation,train,Por que o fã de Riders Republic nunca se machuca na neve? Porque ele esquiva dor
5.2722.N,5.2722,N,0,validation,train,"Como o Sílvio Santos anunciaria o fim dos Vikings? "" Ragnarök! """
5.1274.N,5.1274,N,0,validation,test,Qual país mais natalino que existe? Brasil.
5.1649.H,5.1649,H,1,validation,validation,Eu tenho um carneiro. Qual é o nome dele? Alan.
5.1368.H,5.1368,H,1,validation,test,Por que a água foi presa? Porque ela matou a sede.
4.303.H,4.303,H,1,validation,train,Vira-se o escorrega para o baloiço: Como os ânus passam depressa...
4.128.N,4.128,N,0,validation,train,O que acontece quando o Harry Potter fica com os lábios gretados? Ele torna-se num feiticeiro.
5.1169.H,5.1169,H,1,validation,train,Que tipo de carro compramos e não estamos nem aí pra ele? Que SEDAN e.
5.319.H,5.319,H,1,validation,train,Qual a banda favorita dos padres? Religião Urbana.
5.1730.N,5.1730,N,0,validation,train,Qual é a cobra que desperta o tigre em você? A jibóia.
4.339.H,4.339,H,1,validation,train,Vendi o meu aspirador. Só estava em casa a apanhar pó.
5.1486.H,5.1486,H,1,validation,train,Qual gata que entrou e logo depois saiu do chat? Hello Kitty.
5.448.N,5.448,N,0,validation,test,Qual a dupla sertaneja em que um de seus cantores é muito viciado em uma droga? Chitãozinho e Chororó
4.684.H,4.684,H,1,validation,validation,Por que é que os aliens não visitam a Terra? Porque o TripAdvisor diz que só tem uma estrela.
5.791.N,5.791,N,0,validation,train,Qual bairro de São Paulo tem as maiores aves? Butantã
5.487.H,5.487,H,1,validation,validation,Qual vírus que mais acomete os computadores portáteis durante as enchentes? Laptopspirose.
5.3658.H,5.3658,H,1,validation,train,Qual comediante se formou em uma escola agrotécnica? Nil Agro
4.173.H,4.173,H,1,validation,train,Porque é que os bombeiros não andam? Porque sócorrem.
5.3579.N,5.3579,N,0,validation,train,Qual personagem de Toy Story anda de transporte públlico? Woody.
5.72.H,5.72,H,1,validation,train,Qual é a roupa mais inapropriada para usar num avião? Tomara que caia.
5.905.N,5.905,N,0,validation,train,Qual é o mar preferido dos super-heróis? O mar azul.
4.165.H,4.165,H,1,validation,train,Porque é que há tantas putas vegetarianas? Porque elas gostam das ver-duras.
4.26.H,4.26,H,1,validation,test,Tudo na vida muda. Até a surda-muda.
5.392.H,5.392,H,1,validation,train,Qual apresentador jogava basquete? Chacrinha O'Neal
5.966.H,5.966,H,1,validation,train,Qual diretor famoso roubava as bolsas dos atores? Steven Stealberg.
5.3599.H,5.3599,H,1,validation,test,Qual a diferença entre um literalista e um cleptomaníaco? É que um pega tudo de forma literal e o outro pega tudo de forma literal.
5.1582.N,5.1582,N,0,validation,train,Qual é o inseto mais carinhoso do mundo? O mosquito.
5.3202.N,5.3202,N,0,validation,test,Qual peixe cai melhor no almoço da sexta-feira santa? Bacalhau.
5.152.H,5.152,H,1,validation,train,Por que antigamente o Brasil era mais cheiroso? Porque era colônia.
4.400.N,4.400,N,0,validation,train,Que nome se dá a um professor com os dentes grandes? Professor.
5.4083.N,5.4083,N,0,validation,train,Qual a atriz que rouba por que é pé de chinelo? Charlize Theron.
2.12.N,2.12,N,0,validation,validation,Por que a vaca foi para o espaço? Para se encontrar com o espaço.
4.239.N,4.239,N,0,validation,validation,Porque é que é sempre Natal para um homem casado com uma mulher interessante? Porque todas as noites são mágicas.
5.2813.N,5.2813,N,0,validation,train,Qual instrumento leva os dentistas à morte? Faca
5.16.N,5.16,N,0,validation,test,Para onde as pulgas vão quando morrem? Para o céu.
5.3406.N,5.3406,N,0,validation,train,Qual YouTuber é traficante? Marcos Castro.
5.1165.N,5.1165,N,0,validation,test,Qual parte do corpo que ajuda os pedreiros? A mão.
5.2217.H,5.2217,H,1,validation,train,Que terapeuta bebe todo dia? Psicólatra 
5.1384.N,5.1384,N,0,validation,train,Sabe por que meus vizinhos são os melhores? Porque eles estão sempre me ajudando.
5.4017.N,5.4017,N,0,validation,train,Por que a vassoura ficava se exibindo no meio da casa? Porque o rodo assistia.
4.149.H,4.149,H,1,validation,test,Que nome se dá a uma irritação cutânea no rabo? Cumichão.
5.2296.H,5.2296,H,1,validation,train,Qual acorde te faz cagar tranquilamente? Ré Laxante
5.2825.H,5.2825,H,1,validation,validation,Por que a empresa de transporte alternativo divulgou uma vaga de emprego sem informar salário? pq era salário a Kombi nar 
5.519.H,5.519,H,1,validation,train,Qual ator sempre tem muito assunto? Fábio Assuntão.
5.3527.H,5.3527,H,1,validation,test,"Por que quando fugi aos 18 anos, minha mãe foi ao quartel me procurar? Pra ver se eu ali estava."
5.487.N,5.487,N,0,validation,train,Qual vírus que mais acomete os computadores portáteis durante as enchentes? Cavalo de Tróia.
5.2544.H,5.2544,H,1,validation,train,Qual farinha usada pelos índios? Farinha de Tribo.
5.1671.N,5.1671,N,0,validation,train,Qual é a pizza que se deve experimentar sozinho? Broto.
4.254.H,4.254,H,1,validation,validation,Qual é a língua menos falada no mundo? Língua gestual.
5.3699.N,5.3699,N,0,validation,train,Qual pássaro nunca está em zoológico? Sairá.
5.3548.N,5.3548,N,0,validation,train,Qual a empresa especializada na remoção de carpetes? Tira-carpetes.
4.499.N,4.499,N,0,validation,test,Como é que o Pai Natal entrega as prendas tão rápido? Ele praticou muito.
3.6.H,3.6,H,1,validation,train,Por que o policial não gosta de sabão? Porque ele prefere detergente.
4.168.H,4.168,H,1,validation,train,"Tenho uma amiga que nem é quente, nem é fria. É a Mena."
5.2146.H,5.2146,H,1,validation,test,Qual o jogo favorito das maquiadoras? Super Mario gloss 
5.94.N,5.94,N,0,validation,train,Qual o material bélico mais carente? Nenhum.
5.2201.H,5.2201,H,1,validation,train,Qual é o cantor mais arrogante que existe? Wesley Sou Fodão
5.1996.H,5.1996,H,1,validation,train,Qual o filme preferido do Kiko? É o Harry Potter e o Cálice Cálice Cálice se não você me deixa louco! 
5.1297.H,5.1297,H,1,validation,train,Qual candidato é doador de órgãos? Cabo dá seu olho.
4.619.H,4.619,H,1,validation,train,Em que cidade os bêbados se molham quando chove? Bar sem lona.
4.580.N,4.580,N,0,validation,test,Que nome se dá ao karaté para amputados? Artes marciais.
5.3748.H,5.3748,H,1,validation,train,Qual o nome do ator que não faz nada além da obrigação? Willem Default 
4.204.H,4.204,H,1,validation,train,Como é que os drogados espirram? Ha... Haa... Haaaa... XIXE!
5.2354.H,5.2354,H,1,validation,train,Para qual time os átomos torcem? Valência.
5.931.N,5.931,N,0,validation,train,Qual é a comida favorita do Munhoz e Mariano? Vatapá amarelo.
5.2687.H,5.2687,H,1,validation,train,Qual é a banda que não toca em esferas nem em cones? Incubus
5.1073.H,5.1073,H,1,validation,train,"Qual filme conta a história do casal mais perdido do mundo em ação? ""Procurando; né, mô?"""
5.2222.N,5.2222,N,0,validation,test,Qual instrumento já vem com comando de voz? Gaita
5.3995.H,5.3995,H,1,validation,validation,Qual a atriz mais feminina do Brasil? Norma bem girl.
4.122.H,4.122,H,1,validation,train,O que é um byfe? São oito bifes.
5.1336.H,5.1336,H,1,validation,train,Por que um jogador de sinuca esfregou a bola com um pano? Para ela bilhar.
5.360.N,5.360,N,0,validation,train,Por que o casal de patos sempre tomam banho quando discutem? Para deixar tudo em pratos limpos.
5.4086.H,5.4086,H,1,validation,train,Por que a manicure ganhou uma medalha de ouro no tiro esportivo? Porque acetona mosca.
5.1710.N,5.1710,N,0,validation,train,Qual é a revista favorita dos pintores? Veja.
5.2703.H,5.2703,H,1,validation,train,"Qual jogo antigo fica tentando as pessoas contra sua religião? Peque, man."
5.1171.N,5.1171,N,0,validation,test,Qual cantora espera um dia ser rainha? Mariah Carey.
4.387.N,4.387,N,0,validation,train,Foi lançada uma nova manteiga com sabor a margarina . Chama-se Flora Margarina.
5.1441.N,5.1441,N,0,validation,test,O que o escorregador falou para o menino? Aqui os ânus passam depressa.
5.246.N,5.246,N,0,validation,train,Qual é o auxílio que o Sérgio Moro deveria deixar para receber em outro momento? Auxílio Emergencial.
5.515.H,5.515,H,1,validation,train,"Qual personagem da Disney ia mudar de história, mas não mudou? Quasimudou."
4.581.H,4.581,H,1,validation,test,Troquei a minha cama de casal por um trampolim. A minha namorada até ficou aos saltos.
5.1875.N,5.1875,N,0,validation,train,Qual apresentador de TV vive gripado? Rodrigo Faro.
5.266.H,5.266,H,1,validation,test,Qual número gosta de rádio? O 20.
5.153.H,5.153,H,1,validation,test,Por que o óculos foi deixado na escada? Porque era um óculos degrau.
5.3033.N,5.3033,N,0,validation,test,Qual o único apresentador que usa aliança? Nelson Rubens.
5.2024.H,5.2024,H,1,validation,validation,Qual é o celular nudista? Semsunga 
5.3592.H,5.3592,H,1,validation,train,Por que um grupo de 10 amigos meus estavam angustiados enquanto eu aguardava por eles? Porque eram dez esperados.
5.2289.H,5.2289,H,1,validation,validation,Qual super herói sempre quer mais e mais? MuitoQuero Fantasma 
5.1524.N,5.1524,N,0,validation,train,Como se chamava o cara que roubava discos do Exaltasamba? Claptonmaníaco.
5.2198.H,5.2198,H,1,validation,validation,Qual é o Animal favorito da galinha? O Unicorn 
5.1585.N,5.1585,N,0,validation,validation,Qual é o infalível chá para calvície? Chapéu.
4.331.N,4.331,N,0,validation,train,Nunca mais levo a minha serpente à veterinária . Ela pede muito.
5.261.N,5.261,N,0,validation,train,Qual é o cantor que se suicidou? Frank Sinatra.
5.3794.N,5.3794,N,0,validation,train,Que dia do ano todos fazem os mesmos movimentos na piscina? No ano novo.
5.1593.H,5.1593,H,1,validation,train,Qual é o filme da Xuxa que se passa em um hospital? Xuxa e os Doentes.
5.681.H,5.681,H,1,validation,train,Qual matéria da escola pode machucar? Tabuada.
5.903.H,5.903,H,1,validation,train,Qual é o banco abençoado? Santoander.
4.26.N,4.26,N,0,validation,train,Tudo na vida muda . Até a paciência.
5.4028.N,5.4028,N,0,validation,test,Por que o piloto não gosta de passar no meio da nuvem com o avião? Porque ele tem medo.
5.3848.N,5.3848,N,0,validation,test,Qual dublador tbm é psicólogo? Charles Emmanuel.
5.1455.N,5.1455,N,0,validation,train,Qual o nome dos irmãos que são péssimos de marketing? Irmãos Berti.
5.3521.N,5.3521,N,0,validation,test,"O que o cara gritava quando foi preso por 171? "" Mentira! """
4.631.H,4.631,H,1,validation,test,Que nome se dá a uma banana a comer outra banana? Canibananalismo.
5.3264.H,5.3264,H,1,validation,train,Qual o produto de limpeza mais animado? Desinfestante.
5.3284.H,5.3284,H,1,validation,train,Qual banda dá um toque dizendo que não tá bem? Opa tô fú!
4.579.H,4.579,H,1,validation,train,Hoje na escola levei com um pino na cabeça. Fui vítima de bowling.
5.1791.H,5.1791,H,1,validation,train,Qual é o nome do motorista de transporte escolar que está sempre atrasado? Van delay
5.46.N,5.46,N,0,validation,train,Por que o carteiro foi à feira? Porque tinha uma carta na bolsa.
5.3173.N,5.3173,N,0,validation,test,Qual médico gosta de funk? Dr. Drauzio Varela.
4.386.N,4.386,N,0,validation,train,Um homem vai ao Jumbo e compra 11 coisas . Qual é o filme? Ocean's eleven.
5.1674.N,5.1674,N,0,validation,train,Qual o nome do cara mudo que comia pessoas? Canibal
5.1872.N,5.1872,N,0,validation,train,Qual o nome do programa de quem tem pele mole? Bro Show.
5.1736.N,5.1736,N,0,validation,train,Qual é a cantora favorita do Tony Hawk? Lady Gaga.
5.1767.N,5.1767,N,0,validation,validation,O que o burro disse para a mula? Oi.
4.670.N,4.670,N,0,validation,train,O que faz um grupo de plantas ao sol? Fotossíntese.
5.2052.H,5.2052,H,1,validation,train,Onde o peixe costumava dormir? Na ex cama 
5.2032.N,5.2032,N,0,validation,test,Qual é a denominação do cara que não come carne e não enxerga direito? Vegetariano
5.1862.N,5.1862,N,0,validation,train,"Qual o ator que manda sempre uma nota aguda quando canta, na opinião do Mussum? Daniel Boaventura."
4.548.H,4.548,H,1,validation,test,Alguma vez viram um surdo com um sixpack? É absurdo.
5.3655.H,5.3655,H,1,validation,train,Qual filme de mitologia grega que aparece um personagem da Marvel?  Fúria do tio Thanos
5.1505.N,5.1505,N,0,validation,train,Como o elétron atende o telefone? Alô.
4.391.H,4.391,H,1,validation,train,"Eu não costumava ter jeito nenhum com as mulheres estrangeiras, mas desde que parti a perna que ando com duas canadianas."
5.2747.H,5.2747,H,1,validation,train,Qual o ator de Hollywood que não assume seus atos? Arnold Faz e nega
5.1302.N,5.1302,N,0,validation,validation,"Qual o nome da moça que não toma café, não almoça e nem janta? Maria."
4.656.N,4.656,N,0,validation,test,Por que é que o Pai Natal não vai entregar as prendas a tempo? Porque tem os trabalhadores doentes.
5.1882.N,5.1882,N,0,validation,test,Qual a composição do peido do Papa? 100% hélio.
5.4101.H,5.4101,H,1,validation,train,Qual animal vive vomitando? Vomitorrinco.
5.1491.N,5.1491,N,0,validation,test,Sabe qual é a música heavy metal de Chitãozinho e Xororó? Evidências.
5.1088.N,5.1088,N,0,validation,train,Qual cidade vive resfriada? Alegrete
4.415.N,4.415,N,0,validation,test,O meu papagaio obeso morreu . Foi um amigo que me tiraram dos ombros.
4.498.N,4.498,N,0,validation,train,Porque é que os gatos não gostam da estrela no cimo da árvore de Natal? Porque é astronomia.
4.419.N,4.419,N,0,validation,train,Um homem vai a cair dum prédio e a meio repara numa janela . Qual é o filme? Janela Indiscreta.
4.141.H,4.141,H,1,validation,train,Qual é a sobremesa mais popular na Rússia? O Putin flan.
5.3133.N,5.3133,N,0,validation,train,O que aconteceu com o rapaz que não pagou a conta? Ficou devendo.
5.1484.H,5.1484,H,1,validation,test,O que o japonês foi fazer no banheiro do restaurante? Shushi.
5.1398.N,5.1398,N,0,validation,train,Qual é o carro em que todo mundo gosta de comemorar o aniversário? A limosine.
5.863.H,5.863,H,1,validation,test,Qual árvore ficou de saco cheio e mandou você embora? Bom... sai.
5.3708.N,5.3708,N,0,validation,train,Qual era o nome do programa que falava sobre um óculos com milhares de estilos? Armação Ilimitada.
5.740.N,5.740,N,0,validation,validation,"Qual número que quando cai, vira uma fruta? maçã."
4.669.H,4.669,H,1,validation,validation,Qual é o dente que se arranca melhor sem anestesia? O dente de alho.
5.2515.H,5.2515,H,1,validation,test,O cavalo ligou para a NET reclamando. O que ele fez no final do atendimento? Anotou o número do potocolo.
5.3469.N,5.3469,N,0,validation,train,Qual atriz brasileira na verdade é um travesti? Marina Ruy Barbosa.
5.1214.H,5.1214,H,1,validation,train,Por que a ginasta ficou com um gosto amargo na boca? Porque era a Simone Biles.
4.150.N,4.150,N,0,validation,train,Qual é a temperatura de um leão morto? 37º. Porque ele é um mamífero.
5.411.N,5.411,N,0,validation,train,Qual é o ingrediente que chega sempre atrasado na geladeira? O doce.
4.238.N,4.238,N,0,validation,train,Qual é a série preferida do Pai Natal? Guerra dos Tronos.
5.695.H,5.695,H,1,validation,train,Qual é o tipo de roupa que os magros não podem usar? As feitas de algordão.
5.719.N,5.719,N,0,validation,train,"Qual o maior medo do matemático quando vai ao banheiro??? Bater na porta e ouvir "" ocupado "" ..."
5.2853.N,5.2853,N,0,validation,validation,Qual fruta não gosta de vento? A jaca
4.164.N,4.164,N,0,validation,train,Como se faz cócegas a um bebê ? Gucci Gucci Gucci!
5.2567.H,5.2567,H,1,validation,train,Por que a lata de cerveja foi se benzer? Porque ela tinha sido a malte suada.
5.1880.H,5.1880,H,1,validation,train,Qual é o Anime que faz mal para os pulmões? Charuto 
5.2824.H,5.2824,H,1,validation,train,Como o Batman dorme? De Bruce
5.2904.N,5.2904,N,0,validation,test,Qual vegetal se manifesta quando batem na porta? quiabo
5.1870.H,5.1870,H,1,validation,train,Que médico só trabalha dentro de casa? Indoorcrinologista 
5.1252.N,5.1252,N,0,validation,train,Qual lugar as pessoas estão sempre sorrindo? Arraial D'ajuda.
5.3148.H,5.3148,H,1,validation,train,Qual o peixe que não é tenor? Lambarítono.
5.724.N,5.724,N,0,validation,train,Por que o 14 é melhor que o 15? Porque ele é menor.
5.1686.H,5.1686,H,1,validation,train,Quais são os únicos familiares da Alexa? A voz.
5.1275.N,5.1275,N,0,validation,test,Qual o número mais gostoso que existe? Doce de leite.
4.599.H,4.599,H,1,validation,train,Acabei de encomendar duas fatias de pão na internet. São da Wish.
5.1998.H,5.1998,H,1,validation,validation,Qual é o animal que mais suja crianças? Guache nim 
5.1433.H,5.1433,H,1,validation,test,Qual é o Pokémon que se você coloca no microondas vira pipoca? O Charmilho.
4.270.N,4.270,N,0,validation,train,Quanto espaço vai ficar livre na União Europeia depois do Brexit? 1 reino.
4.138.H,4.138,H,1,validation,train,Qual é o carro que as ervilhas conduzem? Volks-vagem.
5.1211.H,5.1211,H,1,validation,train,Por que os italianos são bons administradores? Porque se comunicam com grandes gestões.
5.3717.N,5.3717,N,0,validation,train,Qual o diretor mais bem sucedido do Tocantins? Deni DeVito
5.453.H,5.453,H,1,validation,validation,Qual o nome do verdadeiro compositor do samba de uma nota só? Ever Tom.
4.554.N,4.554,N,0,validation,validation,O que acontece quando enfias um vibrador dentro de ti? Ele fica escondido.
5.639.H,5.639,H,1,validation,train,Qual é o caranguejo que só sai à noite? O guaia moon.
5.1117.H,5.1117,H,1,validation,train,Qual o personagem mais inocente de Transformers? Bumbobinho.
4.251.H,4.251,H,1,validation,test,O meu tio foi trabalhar nas obras. Eu chamo-lhe Ti Jolo.
5.109.N,5.109,N,0,validation,train,Qual ferramenta não está mais aqui? Serrote.
5.1439.N,5.1439,N,0,validation,test,O que o passarinho falou para o passarinho? Quer procriar?
5.579.H,5.579,H,1,validation,train,O que o boi gosta de fazer perto do precipício? Ficar de boibeira.
5.3534.H,5.3534,H,1,validation,train,Qual o eletrônico que já foi de outro planeta? Ex Marte Phone.
5.1655.H,5.1655,H,1,validation,train,"Um famoso cantor estava com dor nas costas. Deram a ele duas opções de remédio. O que foi que disseram? ""Escolhe, Ozzy!"""
5.2894.N,5.2894,N,0,validation,train,Por que os musicos gostam de tocar a luz de velas? Para criar um clima com os instrumentos
5.993.H,5.993,H,1,validation,train,Qual o super-herói fala sueco? VOLVOrine
4.672.H,4.672,H,1,validation,train,Qual é o melhor óleo para lubrificar o sexo? Óleo Need Is Love.
3.11.N,3.11,N,0,validation,train,Uma pessoa passou dois dias inteiros dentro da piscina e depois foi ao médico . Sabe qual foi o diagnóstico? Cansaço demais.
5.1071.H,5.1071,H,1,validation,validation,Qual refrigerante predileto dos juízes? Coca Toga.
5.1610.N,5.1610,N,0,validation,train,O que é um pato no manicômio? Um cliente.
5.1366.H,5.1366,H,1,validation,train,O que o Thor faz quando quer falar com alguém? Manda um thorpedo.
5.2569.N,5.2569,N,0,validation,train,Qual marca de perfume favorita dos socialistas revolucionários? Dior.
4.317.N,4.317,N,0,validation,train,Como é que se trava um carro qualquer? Com o travão.
5.714.H,5.714,H,1,validation,train,Qual o cantor que cheira toda a cocaína que trouxeram? Seca pacotinho.
5.363.H,5.363,H,1,validation,train,"Qual o filme em que a mãe fica indignada quando chega em casa e vê que as crianças cagaram fora do vaso? ""O que é isso com o banheiro?"""
4.80.H,4.80,H,1,validation,train,Hoje fui ao ginásio e queimei 1.200 calorias. Para a próxima não deixo a pizza no forno.
5.757.H,5.757,H,1,validation,test,Qual o maior chá do cinema mudo? Chá-plin.
5.926.N,5.926,N,0,validation,train,Qual é o maior pacifista de todos os tempos? Nelson Mandela.
5.2320.H,5.2320,H,1,validation,validation,Onde se vendia livros infantis mas derreteu? Na Banca de Neve
5.791.H,5.791,H,1,validation,train,Qual bairro de São Paulo tem as maiores aves? Maió Ema
5.883.N,5.883,N,0,validation,train,Qual cantor só pensa em dinheiro? Gustavo Lima.
5.540.N,5.540,N,0,validation,train,Qual o grão usado na confecção de roupas? Gergelim.
4.280.H,4.280,H,1,validation,train,Qual é o animal mais religioso? É o Papa-formigas.
5.1766.H,5.1766,H,1,validation,train,O que acontece quando Dani Rojas fica atirando pelas costas? Uma Dani ficada no rabo do adversário. 
4.728.H,4.728,H,1,validation,train,Que nome se dá a uma gorda atrativa? Bomba calórica.
5.2604.N,5.2604,N,0,validation,train,Qual cantora morreu? Celine Dion.
5.945.H,5.945,H,1,validation,train,Qual é o jogo de corrida preferido dos filósofos? Nietzsche for Speed.
5.2076.N,5.2076,N,0,validation,train,Qual é a ave moderna que curte macumba? Pica-pau
5.1179.N,5.1179,N,0,validation,train,"Por que as montagens da internet tem q ser postadas imediatamente, não podem ficar esperando? Porque ficam ultrapassadas."
5.1988.H,5.1988,H,1,validation,validation,Qual é o jornalista com mais cartaz no Brasil? Willian Banner 
5.2694.N,5.2694,N,0,validation,train,Por que durante muito tempo a namorada se contentava com poucas palavras? Porque aquele foi um período simples.
4.596.H,4.596,H,1,validation,train,"Sabias que um jogador de ténis, mesmo descalço, ainda é um jogador de ténis?"
5.3168.H,5.3168,H,1,validation,train,Qual é a entidade mais maloqueira da umbanda? Pomba Gíria.
5.622.N,5.622,N,0,validation,train,Qual é o estilo dramático favorito das plantas? Regue.
4.57.H,4.57,H,1,validation,test,O que é que a Mariah Carey? O que a Alicia Keys.
5.2473.H,5.2473,H,1,validation,train,Qual é a semelhança entre o trovão e a privada? Os dois vêm sempre acompanhados de uma descarga.
4.147.N,4.147,N,0,validation,train,Ontem conheci um filósofo numa estância de esqui . Era o meu tio.
5.2070.N,5.2070,N,0,validation,validation,Qual é a banda favorita do império galáctico? Beatles
5.1444.H,5.1444,H,1,validation,test,Como eu sabia que a gasolina era batizada? Por que quem me atendeu era um frei tista.
4.17.H,4.17,H,1,validation,train,Em que local do planeta se encontram mais leprosos? Nas ilhas Caimão.
5.3112.H,5.3112,H,1,validation,test,"O que o Galvão falava quando era motorista de ônibus? ""VAR pra onde?"""
4.378.N,4.378,N,0,validation,train,"Se eu comer um instrumento musical na Austrália, ele é digerido no estômago?"
4.717.H,4.717,H,1,validation,validation,Qual é a profissão do Nélson Évora? Tripulante.
5.3176.N,5.3176,N,0,validation,train,Qual personagem do Harry Potter fica a cada dia mais tosco e selvagem? Aragog.
4.10.N,4.10,N,0,validation,test,"Pedi ao sabichão da turma para me vir a casa dar umas explicações sobre físico-química . Quando ele chegou eu disse "" Obrigada! """
4.377.H,4.377,H,1,validation,train,"Qual é o carro preferido das pitas? É o Fiat, tipo."
5.1040.N,5.1040,N,0,validation,train,Qual o país que proibiu o vegetarianismo? US.
5.2032.H,5.2032,H,1,validation,train,Qual é a denominação do cara que não come carne e não enxerga direito? Vesgano 
5.3592.N,5.3592,N,0,validation,train,Por que um grupo de amigos meus estavam angustiados enquanto eu aguardava por eles? Porque eram dez esperados.
5.500.N,5.500,N,0,validation,train,Qual ator que chega em março e vai embora em junho? Antônio Fagundes.
5.3037.H,5.3037,H,1,validation,train,Qual cidade norte-americana que tem magia? Harry Portland.
5.1838.H,5.1838,H,1,validation,test,"O que a mãe falou pro filho inconveniente na hora de sair? Ah menino, se troca!"
5.2698.N,5.2698,N,0,validation,test,Qual padre ficou conhecido no Brasil por ficar imitando o Faustão? Padre José de Anchiêta!
5.262.H,5.262,H,1,validation,test,Qual sambista não come? Carlinhos de Jejum.
5.2871.N,5.2871,N,0,validation,train,O que se come de manhã no trem? Pão
5.3328.N,5.3328,N,0,validation,test,Como se chamam os jovens barbeiros? Iniciantes.
5.2164.H,5.2164,H,1,validation,train,Qual é a melhor competição de legumes do mundo? Champignon's league
5.460.H,5.460,H,1,validation,train,Qual a personagem mais temperada das HQs? Arley Crim
4.429.H,4.429,H,1,validation,train,Por causa do coronavírus já não é permitido fazer festas com 20 ou mais pessoas. Por isso agora só COVID 19.
5.2435.H,5.2435,H,1,validation,train,Quais jogadores de basquete fundaram Brasília? Kobe e Shaq.
4.488.N,4.488,N,0,validation,train,"Eu não tenho mania das doenças ! Desculpem lá, era só para deixar tudo em pratos limpos."
4.475.H,4.475,H,1,validation,train,Porque é que um homem foi despedido da fábrica de calendários? Porque tirou 15 dias em agosto.
5.921.H,5.921,H,1,validation,test,Qual é o jogo favorito daqueles que têm dificuldade em dizer não? The Sims.
4.474.N,4.474,N,0,validation,train,Que nome se dá ao caixão de um cavalheiro? Caixão para homem. .
4.212.H,4.212,H,1,validation,train,Qual é a doença que os cegos nunca apanham? Conjunti vi-te!
5.1123.H,5.1123,H,1,validation,train,Qual escritor parou de tomar cerveja? Miguel de cerva antes!
5.2080.N,5.2080,N,0,validation,train,O que o nutricionista recomendou pra Sandy quando ela revelou seus desejos? Déficit Calórico
5.661.N,5.661,N,0,validation,train,Qual é o time da língua inglesa que é uma porcaria? Aycliffe.
5.3361.H,5.3361,H,1,validation,test,Qual a cidade europeia que mais tem show de humor? Pa rir.
5.1238.N,5.1238,N,0,validation,train,Qual o time de basquete que sempre sabe o poder de luta do adversário? O mais preparado.
4.687.H,4.687,H,1,validation,train,Qual é o prato preferido do Dalai Lama? Arroz de miúdos.
4.564.N,4.564,N,0,validation,validation,"Como é que se diz "" Albufeira "" em árabe? Albufeira."
5.3578.H,5.3578,H,1,validation,train,O que o advogado deixou para os filhos? Seu legaldo.
5.2395.N,5.2395,N,0,validation,test,Qual é o remédio que se compra quando vai à padaria? Dramin.
5.753.N,5.753,N,0,validation,train,Qual o melhor tipo de carro pra driblar o trânsito??? O Renault.
5.1021.N,5.1021,N,0,validation,validation,Qual galaxia treina com nutricionista? A Andrômeda
5.1298.H,5.1298,H,1,validation,train,Qual político é mal arejado? Brisola.
5.4090.H,5.4090,H,1,validation,test,Qual a sobremesa mais rica que existe? Torta de Lehmão.
5.2276.H,5.2276,H,1,validation,train,Qual é o chá que abre portas na nossa vida? O chá veiro.
4.574.N,4.574,N,0,validation,train,Porque é que a cigarra morreu? Porque tentou enganar um cigarro.
5.2410.N,5.2410,N,0,validation,train,"Como os cachorros chineses dizem "" oi ""? "" au au ""."
5.1173.H,5.1173,H,1,validation,train,Qual o livro que conta a história dos imigrantes do sertão??? Vim das secas.
5.3840.H,5.3840,H,1,validation,train,Do que é feita a casa de Deus? De Alvemaria.
5.1303.N,5.1303,N,0,validation,validation,Qual o chá preferido dos britânicos para se acalmar? Erva-Cidreira.
5.2193.N,5.2193,N,0,validation,validation,Qual é a bala favorita dos pedreiros? Trident
4.637.H,4.637,H,1,validation,train,O que faz uma hortaliça surda? Finge couve.
4.278.H,4.278,H,1,validation,train,Quando é que se celebra o Dia Mundial do Desmaio? 10/maio.
5.1684.N,5.1684,N,0,validation,test,O juiz condenou um réu por um crime articulado dentro de uma loja . Por quê? Porque o réu matou o lojista.
5.485.H,5.485,H,1,validation,validation,Onde o Diabo almoça? Exurrascaria.
4.644.N,4.644,N,0,validation,train,"Para quem não viu o filme ontem à noite, no fim o Edward fica com a Bella."
4.530.N,4.530,N,0,validation,train,Adoro pessoas com sardas . Têm centenas de pontos na sua cara.
5.3076.H,5.3076,H,1,validation,test,"O que que o Quico disse quando viu a Daenerys pelada no episódio de Game of Thrones? Khaleesi, khaleesi, khaleesi...Você me deixa louco!"
5.1317.H,5.1317,H,1,validation,train,Qual cantora sempre se desculpa? Evita Perdão.
5.1040.H,5.1040,H,1,validation,train,Qual o país que proibiu o vegetarianismo? Cabô Verde. 
4.606.N,4.606,N,0,validation,train,"O que diz um brasileiro numa conversa? E aí, tudo joia?"
5.3079.N,5.3079,N,0,validation,validation,Qual o cineasta mais odiado em Goiânia? Martin Scorcese.
5.1336.N,5.1336,N,0,validation,train,Por que um jogador de sinuca esfregou a bola com um pano? Para ela ficar limpa.
5.325.N,5.325,N,0,validation,train,Qual o remedio que ja avisa que vc ta precisando dele? Dipirona.
5.3200.H,5.3200,H,1,validation,train,Qual é a cantora que toma calmante no avião? Lexa Tam.
5.1820.H,5.1820,H,1,validation,train,Qual é o militar que se assume bolsonarista? Sou gado
5.1397.N,5.1397,N,0,validation,test,Qual é o personagem da Marvel que é um pão? Deadpool.
5.417.N,5.417,N,0,validation,test,Qual é o doce mais gostoso que existe? A bala 7 BELO.
5.39.N,5.39,N,0,validation,test,"Qual é o filme preferido dos pets? "" Como Cães e Gatos ""."
5.1217.N,5.1217,N,0,validation,train,Que filme o cara constrói uma ponte para conquistar um homossexual? Ponte para Campinas.
5.3403.N,5.3403,N,0,validation,train,O que o jamaicano sempre diz nos Stories? Deixa um like pra cima.
5.3600.N,5.3600,N,0,validation,validation,Qual o tom que a Cinderela canta suas músicas? Dó.
5.1746.N,5.1746,N,0,validation,test,"Qual é a cirurgia mais demorada no ser humano? A cirurgia de hemorróida, porque é feita ao longo do dia."
5.3930.H,5.3930,H,1,validation,test,Por que o Papai Noel faz questão de entrar pelo telhado das casas? É Charme né?
4.294.H,4.294,H,1,validation,validation,Encontrei um sapo dentro do meu computador. Agora tenho mais memória-rã.
5.1098.N,5.1098,N,0,validation,test,Qual a sobremesa oficial da Marvel? A maçã.
5.4040.N,5.4040,N,0,validation,train,Qual o cavaleiro que participava de muitos leilões ao mesmo tempo? Lance em lote.
5.3640.H,5.3640,H,1,validation,train,Qual é o movimento corporal favorito do Gato Guerreiro? Ex-Pacato.
4.481.N,4.481,N,0,validation,test,Porque é que o corcunda de Notre-Dame não seguiu a carreira de advogado? Porque nunca conseguiu estudar.
4.739.N,4.739,N,0,validation,train,Para a semana vou organizar uma festa para pessoas . Avisem-me se não conseguirem vir.
5.1294.H,5.1294,H,1,validation,test,Qual candidato vai dar preferência a transporte como barcos e navios? Marina Sirva.
4.307.H,4.307,H,1,validation,train,Quanto tempo demora um gelado a derreter? Cerca de um Carte D'Or.
5.2927.N,5.2927,N,0,validation,train,Qual a fruta que bate em você? Jaca
4.646.H,4.646,H,1,validation,validation,Qual é a posição preferida dos relógios. De quartzo.
5.761.N,5.761,N,0,validation,train,Qual a parte mais forte do corpo humano? O cílio.
5.2534.H,5.2534,H,1,validation,train,Onde moram os dançarinos da Xuxa? Paquistão.
5.3832.N,5.3832,N,0,validation,train,Qual o animal que ninguém liga? Bactérias.
5.3132.H,5.3132,H,1,validation,train,Qual o exercício preferido das abelhas? Abee dominal.
5.1918.N,5.1918,N,0,validation,test,Qual carro tem vários coleguinhas com o mesmo nome? Gol.
5.3159.H,5.3159,H,1,validation,test,Qual a pintora que se destacou com técnicas inovadoras de pedicure? Frita Calo.
5.1991.H,5.1991,H,1,validation,test,Quando sinto frescor em minhas postagens? Quando a galera vem com menta 
4.382.N,4.382,N,0,validation,validation,Porque é que o motociclista chegou atrasado ao trabalho? Porque saiu de casa tarde.
4.681.N,4.681,N,0,validation,validation,"Decidi adotar um Chihuahua . Para quem não sabe, é um animal doméstico."
4.421.N,4.421,N,0,validation,train,Um engenheiro passa à frente de um espelho . O engenheiro pára . O engenheiro viu-se.'
5.2301.N,5.2301,N,0,validation,validation,"Por que o militar sempre ia no INSS, mas nunca aposentava? Porque era militar de reserva."
4.135.H,4.135,H,1,validation,train,O que é um ponto amarelo num Ferrari? É um milhonário.
4.100.H,4.100,H,1,validation,validation,A São estava com prisão de ventre mas mesmo assim foi à sanita. Qual é o filme? Tentação.
5.907.N,5.907,N,0,validation,train,"Qual Cavaleiro do Zodíaco calou a boca de um Street Fighter? O "" Shaka ""."
5.3962.N,5.3962,N,0,validation,validation,Qual passarinho grita muito? Arara.
5.448.H,5.448,H,1,validation,train,Qual a dupla sertaneja em que um de seus cantores é muito viciado em uma droga? Chitãozinho e Só LóLó
5.1847.H,5.1847,H,1,validation,validation,Qual é o jogo de corrida em que os pilotos pedem fotos para correrem melhor? Nude for speed
5.794.H,5.794,H,1,validation,train,Qual o cantor que sofre de incontinência urinária? Wesley Só Fraldão.
5.2845.H,5.2845,H,1,validation,train,Uma mulher sofre de diarreia crônica. Qual o nome da novela? Maria do Barro
5.388.N,5.388,N,0,validation,test,Por que a serpente tem que fazer os deveres de casa? Porque a mãe dela pede.
5.2027.H,5.2027,H,1,validation,train,Qual comediante faz balé? Gregório Duviplier 
5.3181.N,5.3181,N,0,validation,train,Por que o Mickey possui pouquíssimos bens? Porque ele é pobre.
5.3350.H,5.3350,H,1,validation,test,"Por que o time do inferno ganhou o jogo contra o céu? ""Porque a gente atentamos o tempo todo e demo o melhor de si""."
4.261.H,4.261,H,1,validation,test,Porque é que os peixes não jogam voleibol? Porque têm medo da rede.
5.403.N,5.403,N,0,validation,validation,Qual figura religiosa não sabe a quem orar? Madre Teresa de Calcutá.
5.2670.H,5.2670,H,1,validation,train,Qual a dança que a Princesa Isabel mais gostava? Dança do ventre livre.
4.328.H,4.328,H,1,validation,train,Porque é que a mulher do Incrível Hulk se divorciou dele? Queria um homem mais maduro.
5.1589.N,5.1589,N,0,validation,train,O que o palhaço foi fazer na gráfica? Papel de palhaço.
4.422.N,4.422,N,0,validation,train,Onde é que se fazem mais operações para remover o apêndice? Na Alhendín city.
4.585.N,4.585,N,0,validation,train,"Nunca quis acreditar que o meu pai roubava enquanto trabalhava nas Estradas de Portugal . Mas quando eu chegava a casa, os indícios  estavam todos lá."
5.3112.N,5.3112,N,0,validation,train,"O que o Galvão falava quando era motorista de ônibus? "" Vai parar onde? """
4.415.H,4.415,H,1,validation,train,O meu papagaio obeso morreu. Foi um peso que me tiraram dos ombros.
5.3318.H,5.3318,H,1,validation,train,Qual é o sambista menos peludo? Pauliso da Viola.
5.1374.N,5.1374,N,0,validation,train,Por que o vírus da gripe não tem amigos? Porque ele é uma má amizade.
5.2258.H,5.2258,H,1,validation,test,Qual a bebida que sabe esperar? Aguardente
5.2833.H,5.2833,H,1,validation,validation,Qual cantor de rock também é militar? Jorge Ma Jor 
5.974.N,5.974,N,0,validation,train,Qual é o coletivo mais insensível que existe? Boiada.
4.509.H,4.509,H,1,validation,train,Como é que o Batman e o Hulk nadam? De Bruces.
5.3949.N,5.3949,N,0,validation,train,Qual a atriz mais perfumada que existe? Juliana Paes.
5.1503.H,5.1503,H,1,validation,test,"O gaúcho não achava o seu carro no estacionamento. Qual o modelo do carro? Cadê, tche!"
5.1972.N,5.1972,N,0,validation,train,Qual o padre preferido do Faustão? Padre Marcelo Rossi!!
4.291.H,4.291,H,1,validation,train,O que diz um perú quando vê um tubo de cola? Glue! Glue! Glue!
4.110.H,4.110,H,1,validation,test,Como se chama o homem que monta presépios? Armando Nascimento de Jesus.
5.962.H,5.962,H,1,validation,train,Qual elefante da Disney usa fertilizante pra cuidar do solo? Adumbo.
5.3038.H,5.3038,H,1,validation,train,Qual cidade norte-americana odeia tanto sujeiras entrando no olho que até as tortura? Sofram Cisco!
5.1393.N,5.1393,N,0,validation,train,Qual é a banda de pagode mais famosa no mundo dos animes? ASIAN KUNG-FU GENERATION .
5.3294.N,5.3294,N,0,validation,train,Qual nome da coisa que você adora por na comida? Ingrediente querida.
5.2665.H,5.2665,H,1,validation,train,Quem é responsável pela locomoção dos pentelhos? Transporte púbico.
5.1475.N,5.1475,N,0,validation,test,Qual pico mais gelado que existe? O everest.
1.5.N,1.5,N,0,validation,train,Por que a galinha bateu a cabeça contra a parede? Para ficar com um machucado.
5.976.H,5.976,H,1,validation,train,Qual passarinho adora televisão? Bem TV.
5.2412.N,5.2412,N,0,validation,train,Qual é o doce que luta artes marciais? O arroz doce
5.2383.H,5.2383,H,1,validation,train,Qual a cidade mineira favorita dos matemáticos? Contagem
5.3443.N,5.3443,N,0,validation,validation,Qual atriz é um cereal? Jennifer.
5.415.N,5.415,N,0,validation,train,Qual é o restaurante favorito dos maconheiros? O beco.
5.2946.H,5.2946,H,1,validation,test,"O que o Prof. Girafales disse quando não conseguiu descompactar um arquivo no Linux? ""Tar, tar, tar, tar… Tar!"""
5.917.H,5.917,H,1,validation,test,"O Saci foi mandando embora injustamente pela empresa onde trabalhava, e estava pensando em processar a empresa.  Qual é o nome do filme? ""A Lenda Imagina Ação""."
5.2736.N,5.2736,N,0,validation,train,Qual empresário está sempre exercitando? Luciano Rango
4.330.N,4.330,N,0,validation,train,Porque é que os bêbados gostam de passar a Ponte 25 de Abril? Porque lá há muito ar puro.
5.3589.N,5.3589,N,0,validation,train,O que aconteceu com o advogado do diabo? Ele ficou rico.
4.572.N,4.572,N,0,validation,test,O que é que um ator faz quando vê outro? Cumprimenta-o.
5.2775.H,5.2775,H,1,validation,train,Qual o ativista boxeador? Martin Luta em Ring
5.3925.H,5.3925,H,1,validation,train,Qual animal nunca vai nos encontros? Antissocialce.
4.260.N,4.260,N,0,validation,test,Quando era criança quis ser pedreiro . Mas depois os meus pais disseram-me que o céu era o limite.
4.590.H,4.590,H,1,validation,train,Onde é que se guarda uma foto da pila? Numa mole dura.
5.846.H,5.846,H,1,validation,train,Em qual restaurante se vê animais rindo? Vi hiena.
5.3609.H,5.3609,H,1,validation,train,Qual é o número que vai para a academia? O fourteen.
5.2833.N,5.2833,N,0,validation,train,Qual cantor de rock também é militar? Jorge Versilo
4.348.N,4.348,N,0,validation,train,O que é que os bonecos de peluche costumam pôr no leite? Flocos.
4.327.N,4.327,N,0,validation,train,Qual é a panela que se usa quando se está triste? Panela.
5.1558.N,5.1558,N,0,validation,validation,Qual é o cantor que é dificil de engolir? Zezé Di Camargo.
5.3856.N,5.3856,N,0,validation,train,Por que a mulher anêmica foi ao psiquiatra? Porque ela tem problema mental.
5.2920.N,5.2920,N,0,validation,train,Fruta favorita do cavalo? Maracujá
5.4084.H,5.4084,H,1,validation,train,O que o Stevie Wonder disse quando ficou cego? Vida que cegue...
4.589.H,4.589,H,1,validation,train,O que acontece se o Pai Natal morrer? Ele não estará mais em trenós.
5.2373.N,5.2373,N,0,validation,train,Por que a mãe tinha que largar o bebê quando colocava sua bolsa? Porque era bolsa frontal.
5.2339.N,5.2339,N,0,validation,train,Qual atacante brasileiro sempre fica em pé em campo? Roberto.
5.3054.N,5.3054,N,0,validation,train,O que o apreciador de café disse ao experimentar um ótimo café? Magnífico!
5.2985.H,5.2985,H,1,validation,train,Qual animal é coach? O cão guru.
5.1610.H,5.1610,H,1,validation,test,O que é um pato no manicômio? Um psicopato.
4.511.H,4.511,H,1,validation,train,"Porque é que não há professores de Geografia daltónicos? Porque se houvesse, não viam a coordenada."
4.726.N,4.726,N,0,validation,train,Porque é que a Paula atravessou o parque de campismo? Para chegar ao atrelado.
4.479.H,4.479,H,1,validation,train,Qual é o osso que segura a cabeça? É o pesc-osso.
5.1700.N,5.1700,N,0,validation,train,"Como os cachorros chineses dizem "" oi ""? "" Ni hao ""."
5.2291.N,5.2291,N,0,validation,train,Qual é a grife de roupa chique pra acampar? Chanel
5.2685.H,5.2685,H,1,validation,train,Qual a atriz que dá pra ouvir de todos os cantos? Renata Surround
5.1821.N,5.1821,N,0,validation,validation,Por que o Tiger Woods teve que limpar um tanque enorme? Porque ele ganhou um golfinho.
5.2691.N,5.2691,N,0,validation,train,Por que o sintagma da oração não gostava de fazer rodeios para falar algo? Porque era objetivo.
4.605.N,4.605,N,0,validation,train,Será que os médicos que não acreditam em Deus fazem diagnósticos? Ou fazem avaliação?
4.620.N,4.620,N,0,validation,train,Qual é a marca automóvel mais popular na Noruega? Volvo.
4.476.N,4.476,N,0,validation,train,"Uma freira tinha de pôr supositórios em três bebés . Meteu no primeiro, mas depois foi atender o telefone e esqueceu-se em qual tinha posto . Qual o nome da freira? Madre Teresa de Calcutá."
4.663.H,4.663,H,1,validation,train,Por que é que a professora usa óculos escuros na aula? Porque os seus alunos são brilhantes.
5.478.N,5.478,N,0,validation,train,O que o Judoca mais fez na vida? Lutou.
4.274.N,4.274,N,0,validation,train,Adoro o mel da minha avó . Gosto mesmo da velha.
4.310.N,4.310,N,0,validation,train,O que é que o Quim Barreiros faz antes de andar de avião? O check-in.
4.154.N,4.154,N,0,validation,train,O que é que os carteiros fazem nos tempos livres? Nada.
4.53.H,4.53,H,1,validation,train,Os termómetros foram festejar o início do verão. A festa foi na casa dos 30 graus.
4.545.N,4.545,N,0,validation,validation,"Qual é o lema dos perus? "" Um por todos e todos por um  ""."
5.93.H,5.93,H,1,validation,train,Qual é o acessório que não acredita nas coisas? Fone duvido.
5.4027.H,5.4027,H,1,validation,train,Qual o nome do parente que mais gosta de você? A Tia Dora.
4.496.N,4.496,N,0,validation,validation,Que nome se dá a um cruzamento cheio de árvores? Cruzamento.
5.3297.H,5.3297,H,1,validation,train,Que apresentador guarda arquivos de voz dos convidados? Silvio Samples.
5.71.H,5.71,H,1,validation,train,Qual é o cachorro que mergulha muito? Pitchibum.
5.119.N,5.119,N,0,validation,train,Qual é o jedi mais forte que existe? O Luke Skywalker.
4.199.H,4.199,H,1,validation,validation,O que é um rodapé? É um homem que costumava ter carro mas que agora roda a pé.
4.636.H,4.636,H,1,validation,train,O que acontece quando entornas o leite? Está ucal entornado.
5.2433.H,5.2433,H,1,validation,test,"Depois de um acidente de caiaque, o jovem teve seus dois pés amputados. Qual é o nome do filme? Os Pés Tinha."
5.2136.H,5.2136,H,1,validation,train,Qual é a massa servida nos EUA? Nova Nhoque 
5.2487.N,5.2487,N,0,validation,train,Qual é o contrário de Otorrinolaringologista? Nenhum.
4.283.H,4.283,H,1,validation,train,Qual é o carro que consegue transportar mais porcos? É o Nissan na vara.
5.167.N,5.167,N,0,validation,train,"O que o padrinho da faca disse? "" Oi, afilhado ""."
5.4091.H,5.4091,H,1,validation,train,Qual fruta favorita do bode? Jabuticabra.
5.1525.N,5.1525,N,0,validation,train,Por que o cavalo sempre ejacula antes de ficar puto? Porque ele tem ejaculação precoce.
5.1232.N,5.1232,N,0,validation,train,Qual jogo tem um negro matando geral? Sonic.
4.24.H,4.24,H,1,validation,train,Vira-se um cromossoma para outro: cromossomos bonitos!
5.385.H,5.385,H,1,validation,train,Qual gênero literário não pode ter filhos? Mistéril.
4.104.N,4.104,N,0,validation,train,Qual é a consola de jogos preferida dos polícias? Nenhuma em especial.
5.785.N,5.785,N,0,validation,train,Como se chama a mãe que cozinha bem? Mutitarefa.
4.291.N,4.291,N,0,validation,train,O que diz um perú quando vê um tubo de saneamento? Glue! Glue! Glue!
5.655.H,5.655,H,1,validation,train,Por que a manicure ficou milionária? Porque acetona Mega Sena.
5.3249.H,5.3249,H,1,validation,train,Qual o produto de limpeza mais antigo ? OMO Sapiens.
4.706.N,4.706,N,0,validation,test,Qual é o lema do Instagram? Carpe diem.
5.2984.N,5.2984,N,0,validation,validation,Que cantor vive trabalhando? Paulo Ricárduo.
5.3844.N,5.3844,N,0,validation,train,Qual a frase do vilão que se lesionou? Eu voltarei.
4.680.H,4.680,H,1,validation,train,Uma vez apaixonei-me por uma pessoa que só sabia três vogais. Ela não sabia que eu existia.
4.668.N,4.668,N,0,validation,train,Qual é o automóvel que leva mais porcas? É o Nissan Micra.
4.683.N,4.683,N,0,validation,train,Nunca li uma boa piada sobre granola . Mas sobre pão sim.
5.3831.N,5.3831,N,0,validation,train,Que número sempre pede desculpas? 5.
3.2.N,3.2,N,0,validation,train,O que o pastor foi fazer no culto? Pregar.
5.202.H,5.202,H,1,validation,train,Por que o Sílvio Santos só entra em casa depois que a mulher dele o aplaude? Porque a porta só abre com reconhecimento de Íris.
4.289.H,4.289,H,1,validation,test,Porque é que a manteiga não entrou na discoteca? Porque foi barrada.
5.1613.H,5.1613,H,1,validation,train,"Como se faz para uma laranja virar uma cobra? Faz cosquinha nela, aí o suco ri."
5.2904.H,5.2904,H,1,validation,train,Qual vegetal se manifesta quando batem na porta? Eu quiabo 
5.368.H,5.368,H,1,validation,test,Um lider religioso no pantanal matogrossense. Qual o nome do filme?  Crocodilo Gandhi
5.3609.N,5.3609,N,0,validation,train,Qual é o tipo que vai para a academia? O saudável.
5.615.N,5.615,N,0,validation,test,Qual e a marca preferida de carro dos jogadores de futebol? Toyota!
5.1310.N,5.1310,N,0,validation,test,Onde as empresas compram material de construção? Telha Norte.
4.365.H,4.365,H,1,validation,train,"Como é que se diz ""naufrágio"" em chinês? Chin chau lan cha."
4.28.N,4.28,N,0,validation,train,Voltei a dizer à minha mãe que queria ser futebolista . Ela diz que estou sempre a bater na mesma tecla.
5.1627.H,5.1627,H,1,validation,test,Qual é a atriz mais dramática do mundo? A tristeza
5.3193.H,5.3193,H,1,validation,test,Qual o torneio favorito do Cascão? Copa do Imundo.
4.192.N,4.192,N,0,validation,train,Porque é que o exame de Neurologia é o mais fácil? Porque a matéria está toda na aula.
5.589.H,5.589,H,1,validation,train,Qual é a fruta preferida do Neymar? A uva parça.
5.2653.H,5.2653,H,1,validation,train,Qual cantora vive causando por aí? BaFafá de Belém.
5.218.N,5.218,N,0,validation,validation,Como se chama o demônio de camisola? O Diabo Veste Prada.
5.2197.H,5.2197,H,1,validation,test,Porque o frango usava smoking? Porque era chicken no último ! 
4.679.H,4.679,H,1,validation,train,O que acontece quando pões Nutella no salmão? Apanhas salmonella.
5.2443.N,5.2443,N,0,validation,train,Qual o tipo de conexão que não funciona no elevador? Internet Móvel.
5.2462.N,5.2462,N,0,validation,train,"Quando o Pica-Pau vai ao supermercado, o que ele geralmente faz? Ele faz compras."
5.846.N,5.846,N,0,validation,train,Em qual restaurante se vê animais rindo? Paris 6.
4.346.H,4.346,H,1,validation,test,Que nome se dá a alguém que não acredita nas alterações climáticas? Persona non greta.
5.787.N,5.787,N,0,validation,train,Qual deus grego é falso? Falsidades.
5.2044.N,5.2044,N,0,validation,train,Que carro vale mil curtidas? Uno
5.2082.H,5.2082,H,1,validation,train,Qual é o compositor mais jovem? Babythoven 
5.31.N,5.31,N,0,validation,test,Qual é o poeta que sempre se atrasa? Fernando Pessoa.
5.2508.H,5.2508,H,1,validation,train,Qual é o planeta que ama a todos? Amarte.
5.2396.H,5.2396,H,1,validation,train,Qual é a carne que tem vários filhos? Alcatra.
5.1912.N,5.1912,N,0,validation,test,Qual chá preferido dos pedreiros? Cidreira.
5.963.H,5.963,H,1,validation,train,Qual chocolate tem gosto de cerveja? Sonho Devassa.
4.163.H,4.163,H,1,validation,validation,Como é que a mulher do Vasco da Gama o cumprimenta? Com um beijo no astro-lábio.
5.3401.N,5.3401,N,0,validation,train,Por que os indios receberam os portugueses com uma fogueira? Porque eram caravelas.
5.1352.H,5.1352,H,1,validation,train,Qual é a doença preferida dos pastores? Salmo nela.
5.2518.N,5.2518,N,0,validation,test,Qual personagem da literatura chupava tudo o que via? Dom Quixote.
4.13.H,4.13,H,1,validation,test,Por que é que os Cristãos não conseguem manter um relacionamento? Porque Deus mandou amar o próximo.
5.2684.N,5.2684,N,0,validation,train,"O que a mulher do Einstein falava muito pra ele? Uau, que forma!"
5.3354.N,5.3354,N,0,validation,train,Qual bebida consumida na cordilheira? Inka Kola.
5.3488.N,5.3488,N,0,validation,validation,Que órgão ajudou o governador de São Paulo? A Procurar Doria.
4.682.N,4.682,N,0,validation,train,Como se chama o guia espiritual dos budistas? Dalai Lama.
5.3729.N,5.3729,N,0,validation,train,Por que o ônibus fez uma reforma na retaguarda? Porque tinha pouco assento.
5.3335.N,5.3335,N,0,validation,train,O que os namorados fazem nos piqueniques em parques da China? Eles dão Beijin.
1.3.H,1.3,H,1,validation,test,"Se um pato perde a pata, ele fica manco ou viúvo?"
4.33.N,4.33,N,0,validation,train,Qual é a parte da mulher que cheira a creme? O nariz.
5.1116.N,5.1116,N,0,validation,train,Por que os jacarés só andavam em dois? Porque são répteis.
5.3716.H,5.3716,H,1,validation,train,Qual instrumento leva os dentistas à morte? Scania de Açúcar 
5.904.N,5.904,N,0,validation,train,Qual é o nome da cantora que tem a casa cheia de vinhos? Adele.
4.31.N,4.31,N,0,validation,train,Todos os dias o meu cão foge da casota e todos os dias o vou lá prender . Pode-se dizer que o meu cão é repetente.
5.3106.H,5.3106,H,1,validation,test,Por que o preso parou de respirar até que o soltassem? Porque ele inspira com fiança.
5.1818.N,5.1818,N,0,validation,train,Qual o animal mais silencioso que existe? Sagui.
4.474.H,4.474,H,1,validation,train,Que nome se dá ao caixão de um cavalheiro? Sir Cófago.
5.880.H,5.880,H,1,validation,train,Por que meu irmão se casou com uma moeda? Para ser cunhado.
5.1910.H,5.1910,H,1,validation,test,O que o pastor leva pra comer no almoço? Uma crentinha
5.1974.N,5.1974,N,0,validation,train,Por que o cara entrou com seu veículo no mar? Porque era barco
5.3990.H,5.3990,H,1,validation,train,Qual o comediante que o pessoal sempre pedia pra falar mais alto na hora do show? Berre Seinfeld.
5.466.N,5.466,N,0,validation,validation,Por que o jardineiro não brigou com a planta? Porque ele sempre a entende.
4.731.H,4.731,H,1,validation,train,"Como é que uma sopinha de massa elogia uma mulher alta? Eh lá, hoje estás toda girafa!"
4.99.H,4.99,H,1,validation,train,"Comprei um dicionário, mas as páginas vinham em branco. Nem tenho palavras para descrever a minha revolta."
5.2761.N,5.2761,N,0,validation,test,Qual a banda que nunca passou no mercado? The Beatles.
5.2029.N,5.2029,N,0,validation,test,Como se chama o desenho de alguém que não tem cabelo? Caricatura
5.2952.H,5.2952,H,1,validation,test,Qual é o nome do programa que o Sílvio Santos passou a fazer no mar? Roda a Roda Jetski. 
4.648.N,4.648,N,0,validation,train,O que disse o cientista quando descobriu que o computador tem dois processadores? HeHe.
5.3687.N,5.3687,N,0,validation,train,Qual o nome do cara que toma muita sopa? Claudio Barbosa.
5.2099.N,5.2099,N,0,validation,train,Qual é o local religioso preferido dos jogadores de basquete? A quadra
5.1913.H,5.1913,H,1,validation,train,Qual estado quer ser um carro? Sergipe
5.2506.H,5.2506,H,1,validation,test,Qual é o biscoito mais temido da mitologia? Cream Kraken.
5.159.N,5.159,N,0,validation,train,O que disse o casal do Peru que teve um filho no Réveillon? Obrigado pelo filho maravilhoso que tivemos.
5.3846.H,5.3846,H,1,validation,validation,Qual o remédio que não se importa se é álcool ou gasolina? Dorflex.
5.2522.N,5.2522,N,0,validation,train,Qual é o animal que sempre escreve em caixa alta? Cavalo.
5.2593.N,5.2593,N,0,validation,train,Por que a pessoa com problema estomacal chorava ao peidar? Porque era doído.
4.383.N,4.383,N,0,validation,test,Qual é a oração mais fofinha do Papa Francisco? É a Ave-maria.
5.4009.N,5.4009,N,0,validation,train,Qual o nome da menina que você deveria investir? Jeniffer Lawrence.
4.464.N,4.464,N,0,validation,train,Onde se encontram os piores vinhos italianos? Massamá.
4.326.H,4.326,H,1,validation,train,Porque é que os homens são mais burros ao pé das mulheres? Porque passam de homo sapiens para homo erectus.
5.1431.H,5.1431,H,1,validation,train,Qual é o nome do X-Men que é ginecologista? Volver hímen.
5.3765.H,5.3765,H,1,validation,validation,Qual é o jogo favorito da Ivete Sangalo? Golden Axé
5.353.N,5.353,N,0,validation,train,Qual a época em que o brasileiro foi mais perseguido? No Regime Militar.
4.119.H,4.119,H,1,validation,train,O que é um ponto branco numa esquadra? Um creamnoso.
4.442.H,4.442,H,1,validation,train,O que é que os bebés já fazem aos 12 meses? 1 ano.
4.412.N,4.412,N,0,validation,test,Porque é que o computador não pára de avariar? Porque apanhou um vírus.
5.306.N,5.306,N,0,validation,test,Qual problema de saúde recorrente em matemáticos? Problema de tendinite
5.577.H,5.577,H,1,validation,train,O que o roqueiro disse quando o pagodeiro pediu para entrar na banda? Pode tirar o cavaquinho da chuva!
4.38.H,4.38,H,1,validation,train,Hoje vi uma empregada do Pingo Doce a marcar o preço nos produtos aos calhas. Ela devia estar só a preço-por os valores.
5.1405.H,5.1405,H,1,validation,train,Qual é o personagem da Marvel que usa rastafari? Dreadpool.
5.1567.H,5.1567,H,1,validation,test,"O que o Buzz Lightyear disse na igreja? ""Ao infinito e amém""."
5.783.H,5.783,H,1,validation,test,Qual a tartaruga ninja que é amiga das abelhas? O Raphamel
4.353.N,4.353,N,0,validation,test,Que nome se dá a um boneco de neve com um saco? Abdominável homem das neves.
5.2373.H,5.2373,H,1,validation,train,Por que a mãe tinha que largar o bebê quando colocava sua bolsa? Porque era bolsa tiracolo.
5.515.N,5.515,N,0,validation,test,"Qual personagem da Disney ia mudar de história, mas não mudou? Cinderela."
5.2587.H,5.2587,H,1,validation,train,O que impede nossos olhos de ver as coisas? Impecílios.
5.480.H,5.480,H,1,validation,train,Como morreu o rebanho dos judeus? Em Gás Gado
5.2643.N,5.2643,N,0,validation,test,Qual é o nome de um cabeleireiro? Salão de Beleza.
4.355.N,4.355,N,0,validation,train,Qual é o fenómeno meteorológico mais natalício? É a rajada de vento.
5.3768.N,5.3768,N,0,validation,train,Onde o Jabba come? No restaurante
4.560.H,4.560,H,1,validation,test,O que é um pêssego careca enfiado no nariz? Uma nectanarina.
5.923.H,5.923,H,1,validation,train,Qual é o antônimo de alto-falante? Dunga.
5.1117.N,5.1117,N,0,validation,test,Qual o personagem mais inocente de Transformers? Bumblebee.
5.610.N,5.610,N,0,validation,train,Qual o nome que se da a viagem de 10 bebês ao msm tempo? Gravidez!
4.389.N,4.389,N,0,validation,validation,Qual é a semelhança entre o da Vinci e o Museu do Louvre? Ambos têm a Mona Lisa.
4.547.N,4.547,N,0,validation,train,Qual é a cerveja mais saborosa? É a Sagres.
5.1322.N,5.1322,N,0,validation,train,Qual o meio de transporte que aceita qualquer estilo musical? Ônibus.
5.2515.N,5.2515,N,0,validation,train,O cavalo ligou para a NET reclamando . O que ele fez no final do atendimento? Anotou o número do protocolo.
5.866.H,5.866,H,1,validation,train,Qual a bebida favorita das ninfomaníacas? Caipirokas.
5.3311.H,5.3311,H,1,validation,train,"Qual jogador de basquete incentiva a leitura? Lê é bom, James."
5.418.N,5.418,N,0,validation,train,Quantos chocolates são necessários para voar? Muitos
5.4056.H,5.4056,H,1,validation,test,Qual o alimento que ajuda na obra de Deus? Batata varoa.
4.398.H,4.398,H,1,validation,test,"Era um vez um esquilo tão pequeno, tão pequeno, que em vez de chamar esquilo, chamava-se esgrama."
5.3061.N,5.3061,N,0,validation,train,Qual o vilão mais calmo que existe? Lex Luthor.
5.909.H,5.909,H,1,validation,test,Qual é a roupa que é usada hoje para derrotar o Darth Vader?  Luke do dia.
5.100.N,5.100,N,0,validation,train,Qual a data mais importante do calendário grego? Dia de natal.
5.692.H,5.692,H,1,validation,validation,Como se chama o profissional que trabalha com plástico e não interage com ninguém? Autista Plástico.
5.650.N,5.650,N,0,validation,test,Em que país só se anda de carro grande? Brasil.
5.2005.H,5.2005,H,1,validation,train,Qual é o peixe cristão que vive fora d’água? Salmão da Montanha 
5.1967.N,5.1967,N,0,validation,validation,Que tipo de filme está sempre nas programações? Popular.
5.2441.N,5.2441,N,0,validation,train,Qual é o streaming que toca música? O Spotify.
5.2968.N,5.2968,N,0,validation,train,Lugar que vende CD de Heavy Metal? Posto Ipiranga.
5.3014.H,5.3014,H,1,validation,train,Qual banda brasileira que vive trocando tiro? Bocalibre.
5.147.H,5.147,H,1,validation,test,"Com o que é feita, fundamentalmente, a porta do quartel? Com batentes."
4.748.H,4.748,H,1,validation,train,"Até vos contava uma piada sobre frangos, mas vocês não iam apanhar."
5.267.H,5.267,H,1,validation,test,Por que toda mulher quer se casar com um sabão em pó de 20 quilos? Porque é um omão da porra.
4.453.H,4.453,H,1,validation,train,O que é que o Brad Pitt faz na grande área? Está à espera que o Tom Cruise.
5.230.N,5.230,N,0,validation,train,Qual é o ator que admira um dia ensolarado e sem nuvens? Tony Ramos.
4.15.N,4.15,N,0,validation,train,A Apple vai lançar um novo GPS em parceria com o Tony Carreira . Vai-se chamar LetsGo.
5.3309.H,5.3309,H,1,validation,test,Qual operadora favorita do Silvio Santos? Ma Oi.
5.38.H,5.38,H,1,validation,train,Qual é o supermercado dos ETs? O WalMarte.
5.2016.H,5.2016,H,1,validation,train,Que cantora adora comer formiga? A TamanDua Lipa 
5.3229.N,5.3229,N,0,validation,test,Qual apresentador me dá tesão? Marcos Mion.
5.1832.H,5.1832,H,1,validation,test,Qual é a aparesentadora mais descoordenada que existe? Abcissa Guimarães
5.3228.N,5.3228,N,0,validation,test,Qual o nome do argentino que criou uma lei de incentivo? Juarez
5.914.H,5.914,H,1,validation,validation,Qual é a cantora que tem medo de um animal específico? Marilia Medo da Onça.
5.2750.H,5.2750,H,1,validation,validation,Qual é a arma que menos mata? A Erre15
4.62.N,4.62,N,0,validation,train,Como é medida a pressão dos barris de petróleo? Em bares.
5.2605.N,5.2605,N,0,validation,train,Qual cantora teve o espírito dos gatos? Alanis Morri Sete.
4.584.N,4.584,N,0,validation,train,Que nome se dá a um unicórnio zarolho? Amadeu.
5.2747.N,5.2747,N,0,validation,test,Qual o ator de Hollywood que não assume seus atos? Arnold Schwarzenegger
5.445.N,5.445,N,0,test,train,"Que dupla canta de, absolutamente, tudo? Chitãozinho e Xororó."
4.554.H,4.554,H,1,test,train,O que acontece quando enfias um vibrador dentro de ti? Ele fica escondildo.
5.3258.H,5.3258,H,1,test,train,Qual apresentadora teve um ataque cardíaco ? Infarte na Bernardes.
5.516.H,5.516,H,1,test,train,Para onde o José se mudou com a esperança de um mundo melhor? Nova Zé Landia.
4.673.N,4.673,N,0,test,train,O que bebem os jovens? Bebidas espirituosas.
5.981.H,5.981,H,1,test,test,Qual é o brinquedo que o pai proibiu o filho de usar? Carrinho de rola irmã.
5.3905.H,5.3905,H,1,test,test,Que ave vive debochando das outras? PaSarrinho.
5.233.H,5.233,H,1,test,train,Qual é a atriz mais inspiradora? Narina Ruy Barbosa
5.431.H,5.431,H,1,test,validation,Qual o jedi que quer quase dez? O Obi-Wan quéNove
5.1155.H,5.1155,H,1,test,train,Qual grupo de pagode preferido dos japoneses? Sorriso Naruto.
5.82.N,5.82,N,0,test,train,Qual é o adoçante preferido das vacas? Stevia.
2.6.H,2.6,H,1,test,validation,Por que o bombeiro não gosta de andar? Porque ele socorre.
5.1426.N,5.1426,N,0,test,train,Sabe por qual site de emprego é o pior lugar para se encontrar trabalho? Porque as informações são incompletas.
5.2303.N,5.2303,N,0,test,train,"Olivia disse ao Brutus sua comida preferida em inglês, e ele não gostou . O que ela disse? "" Pasta ""."
5.171.N,5.171,N,0,test,train,Por que o pedreiro que trabalha com o Sílvio Santos ficou sem lugar para morar? Porque o peão vendeu a casa.
5.2647.H,5.2647,H,1,test,train,Qual apresentador é o mais duas caras? Falso Silva.
5.426.N,5.426,N,0,test,train,Qual criatura mitológica criou um calendário só com 11 signos? Humano.
5.2639.H,5.2639,H,1,test,train,Qual joalheria não usa gasolina? A Gás Stern.
4.41.H,4.41,H,1,test,test,O rei de Espanha é viciado em Coca-Cola. E a filha é Infanta.
5.2367.N,5.2367,N,0,test,train,Qual é o programa esportivo que perdeu seu porte de armas? Globo Esporte.
5.117.N,5.117,N,0,test,validation,Qual menina viveu uma aventura digna dos contos de fadas? Alice no país das Maravilhas.
5.3585.N,5.3585,N,0,test,test,"Qual roqueiro que se fosse espanhol, teria nascido na quarta-feira? Paulo Miklos."
5.439.H,5.439,H,1,test,train,Onde o Drácula precisa levar seu carro todo ano? No Detransilvania
5.1658.N,5.1658,N,0,test,train,Qual é o rapper que não aceita prêmios internacionais? Billboard? Nem ....
5.1379.N,5.1379,N,0,test,validation,Qual é o carro que acabou de sair do parque? O Kia Soul.
5.2178.H,5.2178,H,1,test,train,Qual o presidente que adora assistir animes? Jair Bolsonaruto 
4.393.H,4.393,H,1,test,train,Cera. É uma palavra que fica no ouvido.
5.2509.N,5.2509,N,0,test,test,Qual desenho fala de pessoas fugindo de uma louca? Os Flinstones.
5.3847.N,5.3847,N,0,test,train,O que a mãe da água parada disse pro filho para convencê-lo a não transar sem camisinha? Cuidado com a dengue.
5.2732.H,5.2732,H,1,test,validation,"O sujeito não sabia o que fazer da sua vida. Apareceu pra ele um gigante, que lhe entregou uma ferramenta para ajudá-lo nos momentos de dúvida. Qual é o nome do filme? - O alto dá, com pá decida"
5.506.H,5.506,H,1,test,train,Qual o nome do homem que é muito instável? O Silas.
4.252.N,4.252,N,0,test,train,O que se diz quando se tem dores de estômago? Estomatite.
5.1329.N,5.1329,N,0,test,train,O que é uma maconha enrolada num jornal? Um baseado.
5.399.H,5.399,H,1,test,train,"Que queijo Sherlock Holmes ofereceu a seu parceiro? Emental, meu caro Watson"
5.1814.H,5.1814,H,1,test,train,Qual é o animal redundante? Pleo asno
4.212.N,4.212,N,0,test,test,Qual é a doença que os cegos nunca apanham? Cegueira!
5.3430.H,5.3430,H,1,test,test,"Qual elemento gramatical fica mais inteligente depois de se cagar? Sujei, tô culto."
2.15.N,2.15,N,0,test,train,A partida de futebol entre estudantes terminou empatada.
5.1118.N,5.1118,N,0,test,train,"Qual o quadro composto por um homem gay, afeminado e sem dinheiro? A Gioconda."
4.4.N,4.4,N,0,test,train,O que é melhor que o Star Wars? Ter férias.
5.2069.N,5.2069,N,0,test,test,Os imperador inca decretou que as lhamas seriam os únicos animais permitidos em Machu Picchu . Qual é o nome do filme? O Império Contra Ataca
5.1782.H,5.1782,H,1,test,train,Em que período da história foi inventado o primeiro carro popular? No período Páliolítico.
4.702.N,4.702,N,0,test,train,O meu carro foi roubado . E o da Nelly também.
4.369.H,4.369,H,1,test,test,Qual é o estilo de música preferido dos camelos? Bossa nova.
2.14.N,2.14,N,0,test,train,Por que o astronauta cometeu um homicídio no espaço e não foi preso? Porque foi um crime sem dolo.
5.2813.H,5.2813,H,1,test,train,Qual instrumento leva os dentistas à morte? Óbitorador 
5.579.N,5.579,N,0,test,train,O que o boi gosta de fazer perto do precipício? Ficar olhando.
5.4023.H,5.4023,H,1,test,test,Por que o diabo comprou madeira? Porque queria infernizá-la.
5.3109.N,5.3109,N,0,test,train,Qual rap te provoca gases? RM do BTS.
4.710.N,4.710,N,0,test,test,Comprei um pónei e chamei-lhe Mário . Pode-se dizer que tenho um cavalo pequeno.
5.2535.N,5.2535,N,0,test,train,Por que o cavaquinho andava tão arrogante? Porque ele disse: sou um lindo!
4.437.N,4.437,N,0,test,test,"O que diz o senhor para a senhora? Quando roço em ti, perco a cabeça."
5.1238.H,5.1238,H,1,test,train,Qual o time de basquete que sempre sabe o poder de luta do adversário? Orlando Mede Ki.
5.2213.N,5.2213,N,0,test,train,O que se deve dizer pro professor de geometria terraplanista? Vai pra cubo
4.447.N,4.447,N,0,test,test,Para que é que se plantam plantas? Para depois colher.
5.3740.H,5.3740,H,1,test,train,"O que o Galvão disse quando viu um cirurgião retirar um órgão do paciente? ""Eeergue o baço..."""
5.2052.N,5.2052,N,0,test,train,Onde o peixe costumava dormir? Na alga
5.2488.H,5.2488,H,1,test,train,Qual é o bloco do índio que não bebe nem fuma? Mim careta.
5.1203.N,5.1203,N,0,test,train,Quem largou a vida de rodeios pra virar ator? Wagner Moura.
4.107.N,4.107,N,0,test,train,O que é que o João Silva lê quando está doente? Saramago.
4.116.H,4.116,H,1,test,train,Comi tanto este Natal que no dia 1 de janeiro acho que vou fazer uma resolução de ânus novo.
4.562.H,4.562,H,1,test,train,Em que estado se encontra o rio Mississipi? No estado líquido.
5.3504.N,5.3504,N,0,test,train,Qual executivo sempre cochila depois do almoço? O gerente.
5.3440.H,5.3440,H,1,test,train,Qual o documento atesta a morte do cearense? Abestado de óbito.
5.419.N,5.419,N,0,test,train,Qual o país com a maior produção de cana-de-açúcar? O Brasil.
5.2096.N,5.2096,N,0,test,train,Qual o estado que solta corrupto? O Rio de Janeiro
5.1285.H,5.1285,H,1,test,train,Qual a cidade favorita do comediante Mussão? Dê troite.
5.3806.N,5.3806,N,0,test,train,Como chamam o cara que bate nos outros? Agressivo.
5.2267.H,5.2267,H,1,test,train,Qual índio que envia boletos para cantores em grupo? Cacique cobra coral
5.3504.H,5.3504,H,1,test,train,Qual executivo sempre cochila depois do almoço? O de gestão.
4.349.N,4.349,N,0,test,train,"Um homem ia-se mandar dum prédio, passa um senhor lá em baixo: Não faça isso! Você tem muito potencial!"
5.345.H,5.345,H,1,test,train,Qual banda que torce pra polícia não acertar? ErrePM.
5.2581.N,5.2581,N,0,test,train,Tinham 6 homens brincando e um caiu . Por quê? Porque estavam brincando de roleta russa.
5.309.H,5.309,H,1,test,train,Por que a música portuguesa me encanta? Porque é um conto de fados.
5.2567.N,5.2567,N,0,test,validation,Por que a lata de cerveja foi se benzer? Porque ela tinha sido amaldiçoada.
5.1977.H,5.1977,H,1,test,test,Qual é o tipo de música que se canta pela bunda? Samba em rego 
5.684.H,5.684,H,1,test,test,Qual é a nota musical mais tocada na farmácia? Ré médio.
5.2597.N,5.2597,N,0,test,test,Qual seria a profissão perfeita para o Tony Tornado? Promotor de festas.
4.161.H,4.161,H,1,test,train,Qual é o filme mais pornográfico de sempre? O Titanic. Foderam-se todos.
5.1123.N,5.1123,N,0,test,train,Qual escritor parou de tomar cerveja? Machado de Assis!
5.2956.N,5.2956,N,0,test,train,Qual é o seriado mexicano sobre um chinês tomando chá? Chaves.
5.388.H,5.388,H,1,test,train,Por que a serpente tem que fazer os deveres de casa? Porque a mãe dela Cobra.
5.2556.N,5.2556,N,0,test,train,Que doença alguém da seleção teve que surpreendeu até o médico? Gripe.
5.2638.N,5.2638,N,0,test,validation,Quem é a pessoa que só escreve histórias sobre felinos depressivos? Maria Esther Maciel.
5.2927.H,5.2927,H,1,test,train,Qual a fruta que bate em você? Fruta pão
5.3277.N,5.3277,N,0,test,test,Qual cantor registrava a entrada de ets? Orlando Moraes.
5.2922.N,5.2922,N,0,test,test,No que trabalha o trator quebrado? Plantação
5.3796.N,5.3796,N,0,test,train,Qual a maior rede social do mundo? Instagram.
5.302.N,5.302,N,0,test,train,O DETRAN mandou colocar um aviso em todas as maternidades . Qual foi? SE FOR DAR À LUZ NÃO DIRIJA
5.629.H,5.629,H,1,test,train,"Eu achei que minha mãe fosse de táxi ao hospital, para tratar da tosse e do nariz entupido, mas me enganei. Por quê? Por que eu vi que vai por Uber."
5.3224.H,5.3224,H,1,test,train,Qual comediante comentou sobre a Páscoa em seu texto? Hassumcitou.
5.648.N,5.648,N,0,test,train,Qual é o medicamento mais usado pelas prostitutas? O PREP.
4.448.N,4.448,N,0,test,train,Porque é que as loiras vão sempre juntas ao wc? Uma conta uma piada e a outra mija.
5.4082.H,5.4082,H,1,test,train,Qual papelaria fala mal de você? Kalúnia.
4.550.H,4.550,H,1,test,train,O que faz um drogado no bingo? Linha.
4.176.N,4.176,N,0,test,train,"Há um bocado vi um incêndio numa pastelaria . A maioria das pessoas saiu com calma, mas os gordos foi o panico."
5.2368.H,5.2368,H,1,test,validation,Qual rockeiro não usa drogas e nem sacaneia os outros? O Bom Jovem
5.2338.H,5.2338,H,1,test,train,Qual atacante brasileiro nunca se trata em hospitais particulares? Gabriel JeSUS.
4.598.H,4.598,H,1,test,train,Estou a pensar começar uma relação com a minha calculadora. Ao menos ela sabe dar-me o devido valor.
4.154.H,4.154,H,1,test,test,O que é que os carteiros fazem nos tempos livres? Jogam às cartas.
5.2274.H,5.2274,H,1,test,test,Qual é o doce usado em baterias de celular? O pirulithium.
2.15.H,2.15,H,1,test,train,A partida de futebol entre cavalos terminou em patada.
4.359.H,4.359,H,1,test,train,O meu cão e o meu gato fazem anos hoje. Quando os vi eu disse: Cãogatolations!
5.3824.N,5.3824,N,0,test,train,Qual a personagem de seriado da Netflix que está sempre querendo acalmar a situação? Jane.
5.2511.H,5.2511,H,1,test,train,Qual é a série que conta a história de um anfíbio no alto do Everest? Rã na Montanha.
5.3439.H,5.3439,H,1,test,train,"O ganso chama sua esposa pra aprender o alfabeto. Qual o nome do filme? V de vem, Gansa."
5.104.N,5.104,N,0,test,train,Qual lugar do mundo incentiva a caminhada? Himalaia.
4.256.N,4.256,N,0,test,train,Que som faz um peixe a cair dum prédio de 20 andares? Nenhum!
4.409.N,4.409,N,0,test,train,Como é que as pessoas vendem droga? Pó! Pó! Pó! Pó! Pó! Pó! Pó! Pó!
5.3776.N,5.3776,N,0,test,test,Qual é a banda mais consumida no dia a dia? Pearl Jam.
4.431.N,4.431,N,0,test,test,""" Ontem "" não tem H. "" Hoje "" tem H. Como os dias mudam ..."
5.907.H,5.907,H,1,test,train,"Qual Cavaleiro do Zodíaco calou a boca de um Street Fighter? O ""Shhh, Ryu""."
5.2322.H,5.2322,H,1,test,test,Um homem perguntou quanto custava o vira-lata. Qual o nome do jogo? Rex tá um.
5.1791.N,5.1791,N,0,test,train,Sabe por que a Gisele Bündchen só anda com roupa amassada? Porque ela cansou de desfilar.
5.2701.N,5.2701,N,0,test,train,"O que a pessoa faz quando tem que dividir uma palavra, mas não sabe? Uma divisão silábica."
5.1672.H,5.1672,H,1,test,validation,Qual é a pizza que inibe os efeitos da maconha? Cala brisa.
5.2966.H,5.2966,H,1,test,train,Por que o Ciro Gomes deixa o celular sem senha? Pro caso da Patricia Pilhar.
5.3054.H,5.3054,H,1,test,train,O que o apreciador de café disse ao experimentar um ótimo café? Expressonante!
5.1222.H,5.1222,H,1,test,test,Qual o jornalista esportivo mais inteligente? Clever Machado.
5.2559.H,5.2559,H,1,test,test,Qual é o cantor que tá sempre na cena de um crime? Perito de Paula.
5.33.N,5.33,N,0,test,train,Qual super herói tem tudo para a sua construção? Ricardo Eletro.
5.1472.H,5.1472,H,1,test,train,Qual o melhor pote da cozinha? O Topper ware.
5.2120.H,5.2120,H,1,test,test,Onde no Brasil os policiais dispensam seus lixos? No Detrito Federal 
4.493.N,4.493,N,0,test,test,Que nome se dá a uma pessoa alérgica a glúten? Celíaca.
4.655.H,4.655,H,1,test,train,Hoje a São acordou toda molhada. O que aconteceu? Inunda São.
5.1895.N,5.1895,N,0,test,train,Qual cantora teve o destino dos gatos? Pitty.
4.136.H,4.136,H,1,test,train,Qual é a palavra que nunca diz a verdade? Somente.
5.787.H,5.787,H,1,test,train,Qual deus grego é falso? Pseudon.
5.2092.N,5.2092,N,0,test,train,Qual pokemon tem rabo grafitado? Pikaxu
5.3933.N,5.3933,N,0,test,train,O quê o marido obediente pede quando chega no bar? Carona.
5.110.N,5.110,N,0,test,train,Qual ferramenta irá proteger a todos? Chave de fenda.
4.334.N,4.334,N,0,test,train,Porque é que na torradeira só cabem duas fatias de pão? Porque são torradas.
5.2507.H,5.2507,H,1,test,train,Qual é o aparelho que nunca para de mexer? A balança.
5.1631.H,5.1631,H,1,test,test,Como se chama a sessão de fotos do Estado Islâmico? Dinameet and Greet
5.2815.N,5.2815,N,0,test,train,Qual a comida recomendada pelo medico de joelho? Dobradinha
5.3253.N,5.3253,N,0,test,test,Como se chamam aqueles parentes que você não vê nunca? Os Distantes.
5.2325.N,5.2325,N,0,test,train,"O que a mãe religiosa disse para o pai agnóstico sobre o filho deles? "" Cuida, que o filho é descrente ""."
5.4003.H,5.4003,H,1,test,train,Qual cantor é movido a álcool? Caetanol Veloso.
5.3177.N,5.3177,N,0,test,validation,Por que o Batman não consegue emprego como barbeiro? Porque ele não sabe cortar cabelo.
5.1730.H,5.1730,H,1,test,validation,Qual o time preferido dos vendedores de cahorro-quente? Chelsicha
5.3912.N,5.3912,N,0,test,train,Qual supermercado diz o preço de uma carne em inglês? Walmart.
5.234.H,5.234,H,1,test,train,Por que o pai de santo abaixou as calças? PORQUE É DANDO QUE SE RECEBE
4.97.N,4.97,N,0,test,train,Que nome se dá a uma pizza cheia de gordura? Pizza de quatro queijos.
4.651.H,4.651,H,1,test,test,Como é que os argentinos aquecem o arroz? Em banho Di Maria.
5.3729.H,5.3729,H,1,test,train,Por que o ônibus fez plástica na bunda? Porque tinha pouco assento.
4.181.H,4.181,H,1,test,train,Pessoas que tropeçam há por aí aos trambolhões.
5.2203.N,5.2203,N,0,test,test,Qual é o documento que não deixa claro quando a pessoa nasceu? Carteira de motorista.
5.2972.N,5.2972,N,0,test,train,Qual a marca de roupa preferida dos esquilos? The north face.
5.649.N,5.649,N,0,test,train,Qual é a música da Disney que preenche seu espaço vazio? Let It Go.
4.520.H,4.520,H,1,test,train,Porque é que a Rainha se assoou? Porque tinha muito reino.
5.421.H,5.421,H,1,test,train,Qual a banda que te pede para parar carinhosamente? Paramore.
5.105.H,5.105,H,1,test,train,Por que o marinheiro a deriva assistia televisão o tempo todo? Porque era um cara no veleiro.
5.2825.N,5.2825,N,0,test,train,Por que a empresa de transporte alternativo divulgou uma vaga de emprego sem informar salário? pq era salário abaixo do mínimo
5.4006.H,5.4006,H,1,test,validation,Por que Caim matou Abel? Porque Abel era Fera.
4.640.N,4.640,N,0,test,train,Acabou de ser encontrado no Egipto um sarcófago dourado com uma múmia coberta de chocolate e avelãs . Acredita-se que pertença ao Faraó Tutankhamun.
5.53.N,5.53,N,0,test,train,Como são classificados os gatos e cachorros no México? Astecas.
5.3181.H,5.3181,H,1,test,train,Por que o Mickey possui pouquíssimos bens? Porque ele é Minniemalista.
5.2064.H,5.2064,H,1,test,test,Em qual história os protagonistas nunca são picados à noite? Os Três Mosquiteiros 
5.2777.N,5.2777,N,0,test,train,Um evangélico se apaixonou por mulher da igreja . Qual o nome do jogo? Crente Crush
5.2460.N,5.2460,N,0,test,train,Qual é o humorista que é a musa do verão? O Marcos Castro.
5.1153.N,5.1153,N,0,test,train,Que sobremesa é feita com queijo de vegetarianos? Cheesefake!
2.19.H,2.19,H,1,test,train,Todos morrem uma só vez. A Alanis Morrissette.
5.3065.N,5.3065,N,0,test,test,Que personagem infantil só faz dançar? Tchutchucão.
5.1132.H,5.1132,H,1,test,test,Por que a bichinha sempre ficava feliz na joalheria? Porque ela dizia vi vara.
4.114.H,4.114,H,1,test,validation,Um chinês está a descrever o que costuma comer ao almoço. Qual é o filme? Como cães e gatos.
5.1086.N,5.1086,N,0,test,test,"O que o Tico falou pro Teco? "" Me dá um pouco do seu lanche? """
5.3243.N,5.3243,N,0,test,train,Por que é errado jogar pimenta numa cova? Porque é errado.
5.368.N,5.368,N,0,test,train,Um lider religioso no pantanal matogrossense . Qual o nome do personagem? Crocodilo Gandhi
5.3335.H,5.3335,H,1,test,train,O que os namorados mais fazem nos piqueniques em parques da China? Eles dão Beijin.
5.3860.N,5.3860,N,0,test,train,"Qual o animal mais chato pro Tim Maia? O lêmure . Porque do lêmure ao pontal, não há nada igual."
5.3682.H,5.3682,H,1,test,train,Qual a capital onde o urso passa a maior parte do tempo? Ele gosta de hibernar em La Paz.
5.3666.H,5.3666,H,1,test,test,Qual dublador que não toma banho? Fede Mascarenhas.
5.906.H,5.906,H,1,test,train,Qual doce fica ruim se você comer só um pouquinho? O Bom um Bocado.
5.78.H,5.78,H,1,test,train,Qual é a operadora preferida dos cachorros? Rextel.
4.546.N,4.546,N,0,test,train,Para onde vai o Homem-Aranha depois de morrer? Para um cemitério.
4.508.H,4.508,H,1,test,test,O que é a disfunção eléctil? É a incapacidade de sentir atração pelos candidatos das eleições.
5.2715.N,5.2715,N,0,test,train,Por que o copo d`água estava relaxado? Porque estava no armário.
5.1013.N,5.1013,N,0,test,train,"Qual cantor contratou duas bailarinas, uma loira e uma morena? Éotcham John"
5.2001.H,5.2001,H,1,test,train,O que os piratas costumam comer? Furtos do Mar 
5.1451.H,5.1451,H,1,test,validation,Qual animal se dissolve na agua? Orango Tang.
5.491.H,5.491,H,1,test,test,Por que o coelho quebrou os dentes ao comer o protetor solar? Porque tinha cenoura e bronze.
4.645.H,4.645,H,1,test,test,"Se um dia te oferecerem uns óculos sem lentes, tem cuidado! Pode ser armação."
5.1934.N,5.1934,N,0,test,train,Qual cantor adora poker? Bob Marley ..
5.2740.N,5.2740,N,0,test,train,Qual ponto turístico homenageia o japonês? Uma Estátua de Espadachim
5.3842.N,5.3842,N,0,test,train,Qual carro também é um brinquedo? Gol.
5.525.N,5.525,N,0,test,train,Por que eu rezo pelo Wendel Bezerra? Porque todo mundo fica o agorando.
4.325.H,4.325,H,1,test,test,"É tão difícil ser professor de natação... Uma pessoa ensina, ensina, ensina... e o aluno nada!"
5.3360.N,5.3360,N,0,test,train,Pra onde os religiosos vão quando estão com calor? Pro seminário.
5.2954.H,5.2954,H,1,test,train,Qual é o nome do programa em que Silvana fala sobre as visões divinas que ela já teve? Programa Sil Viu Santos.
4.369.N,4.369,N,0,test,train,Qual é o estilo de música preferido dos brasileiros? Bossa nova.
5.1352.N,5.1352,N,0,test,train,Qual é a doença preferida dos pastores?.
5.1901.N,5.1901,N,0,test,train,Qual dupla usa roupa de padre? Sarcedote e Vigário.
4.106.N,4.106,N,0,test,train,Qual é a flor que os homens mais gostam de oferecer às mulheres? Tulipas.
5.3492.N,5.3492,N,0,test,validation,"Qual a banda que, quando nasceu, era alimentada por criminosas? Legião Urbana."
5.2339.H,5.2339,H,1,test,train,Qual atacante brasileiro sempre fica em pé em campo? Roberto Firminho.
5.4035.H,5.4035,H,1,test,validation,"Por que o nariz, às vezes, sente cheiro de arrogância? Por causa da humildade relativa do ar."
5.1.H,5.1,H,1,test,train,Qual X-Men nunca falta ao trabalho? No turno.
5.680.H,5.680,H,1,test,validation,"Por que quando o filho do Homem de Ferro nasceu, todo mundo achou que ele ia ser tarado? Porque ele já nasceu com a ""arma"" dura..."
4.549.N,4.549,N,0,test,train,O que faz um médico no banco? Dá uma revisão ao saldo.
4.630.N,4.630,N,0,test,train,Por que é que os surfistas comem a comida fria? Porque detestam comida quente.
5.2184.H,5.2184,H,1,test,train,"Qual é o ator que participa de roda de pagode, de umbanda e de capoeira? Batukeanu Reeves "
4.107.H,4.107,H,1,test,train,O que é que o Harry Potter lê quando está doente? Saramago.
5.3288.H,5.3288,H,1,test,train,Qual programa de TV mais contagioso? Herpes de Renato.
5.1332.H,5.1332,H,1,test,train,Por que o nerd pediu a calculadora em namoro? Porque ela dava valor.
5.268.N,5.268,N,0,test,train,Sabe qual é a bebida popular que não dá para beber hoje? O cachaça.
5.3644.N,5.3644,N,0,test,train,Qual é o artista brasileiro que tem mãos enormes? Alexandre Pires.
4.568.H,4.568,H,1,test,test,"Porque é que a seleção chinesa não tem muito sucesso no futebol? Porque de cada vez que lhes dão um canto, eles montam uma loja."
5.3847.H,5.3847,H,1,test,train,"O que a mãe da água parada disse pro filho para convencê-lo a não transar sem camisinha? Cuidado com a Aids, Egpity."
4.252.H,4.252,H,1,test,train,O que se diz quando se tem dores de estômago? Estômagoado.
4.602.H,4.602,H,1,test,train,"Qual é o melhor remédio para um bêbado parar de beber? É um ""para, ce ta mal""."
4.263.N,4.263,N,0,test,test,"Um boi e uma vaca passaram uma noite num motel . Quem é o progenitor? Os dois, fizeram uma vaquinha."
5.1299.N,5.1299,N,0,test,train,Qual comediante só usa gola V? Ricardo Araújo Pereira.
4.674.H,4.674,H,1,test,train,O que é uma avó a brincar ao carnaval mascarada de costureira? Cose play.
5.3986.H,5.3986,H,1,test,train,Por que o bebê demorou muito pra nascer? Porque é Uma ternidade.
5.3106.N,5.3106,N,0,test,train,Por que o preso parou de respirar até que o soltassem? Porque ele inspira com dificuldade.
5.2566.N,5.2566,N,0,test,train,"Sabe qual a fruta que fica putaça, reclama e vai embora? Jabuticaba."
5.381.N,5.381,N,0,test,train,Qual a fórmula química da água benta? H2O
5.2882.H,5.2882,H,1,test,validation,Personagem que adora Leite? Milk Mouse 
4.595.H,4.595,H,1,test,train,Para que servem óculos verdes? Para verde perto.
5.1904.H,5.1904,H,1,test,test,Qual é o salgado mais odiado na hora do sexo? Empada foda 
5.2174.H,5.2174,H,1,test,train,O que o diplomata recebeu no whatsapp? ONU-des 
5.523.H,5.523,H,1,test,test,Qual grupo terrorista idolatra a Gretchen? REBOLAH.
4.459.H,4.459,H,1,test,train,Qual é o santo padroeiro dos gordos? São Duíche.
4.335.H,4.335,H,1,test,train,O que fazem os triângulos quando estão cansados? Eles sin-cos-tan.
5.2949.H,5.2949,H,1,test,validation,Qual personagem do Chaves nasceu em Porto Alegre? Senhor Bahrriga.
4.615.H,4.615,H,1,test,train,"A eletricidade está tão cara, tão cara, que a EDP decidiu mudar o nome para Luz Vuitton."
5.2587.N,5.2587,N,0,test,train,O que impede nossos olhos de ver as coisas? As pálpebras.
4.728.N,4.728,N,0,test,train,Que nome se dá a uma Sobremesa atrativa? Bomba calórica .
4.673.H,4.673,H,1,test,train,O que bebem os fantasmas? Bebidas espirituosas.
4.502.H,4.502,H,1,test,train,"Segui as instruções na embalagem da lasanha que dizia para colocar o forno a 180 graus. Agora como é que eu abro a porta, se o forno está virado para a parede?"
5.129.H,5.129,H,1,test,train,Qual cantora ganhou uma patente em 2018? Major Este Ano.
5.3926.H,5.3926,H,1,test,train,Como chama o animal mais mau caráter? Pilontra.
5.242.H,5.242,H,1,test,test,Em qual programa um papagaio ficou satisfeito em investir em sua nova plumagem? Vale a Pena um Verde Novo.
4.146.H,4.146,H,1,test,train,Porque é que os fotões não fazem pizza? Porque não têm massa.
5.2512.H,5.2512,H,1,test,train,Por que ninguém na Terra consegue entender a língua nativa do Super-Homem? Porque é enkriptongrafada.
5.3229.H,5.3229,H,1,test,train,Qual apresentador me dá tesão? Otávio MeExcita.
5.394.H,5.394,H,1,test,train,Qual apresentador está na pior? José Luís Da Pena.
5.2920.H,5.2920,H,1,test,train,Fruta favorita do cavalo? Tangecrina
5.1958.H,5.1958,H,1,test,train,Qual queijo não é comido por vampiros? Queijo Coalho 
5.3237.H,5.3237,H,1,test,train,Qual queijo favorito da Iveje Sangalo? Axéddar.
5.1384.H,5.1384,H,1,test,train,Sabe por que meus vizinhos são os melhores? Porque eles estão sempre ao meu lado.
4.67.N,4.67,N,0,test,train,Porque é que as galinhas não gostam de ralis? Porque não vêem nada com o pó.
5.3451.H,5.3451,H,1,test,validation,Em qual cidade europeia as pessoas que bebem tem que se molhar quando chove? Bar sem lona.
5.4043.N,5.4043,N,0,test,test,Qual cidade baiana as religiosas tem contato com o diabo? Freira de Satanás.
4.184.N,4.184,N,0,test,train,O que é que uma hiena diz quando chega ao topo do Monte Kilimanjaro? Consegui pá!
4.268.H,4.268,H,1,test,test,O que é que a zebra diz ao mosquinho? Estás na minha lista negra!
5.3270.N,5.3270,N,0,test,validation,Qual é a pessoa muito famosa que adora briga de galo? Rainha da Inglaterra
5.2741.H,5.2741,H,1,test,train,Tipo de filme preferido dos chefes de cozinha Filme Fornô
5.2173.N,5.2173,N,0,test,train,Qual personagem de desenho nasceu em La Paz? Topo Gigio
5.1051.H,5.1051,H,1,test,train,Qual operação matemática é imortal? O Logan-ritmo
5.2077.H,5.2077,H,1,test,test,Qual cantor estava sempre brindando à vida? Tim Tim Maia
5.2396.N,5.2396,N,0,test,train,Qual é a carne que tem vários filhos? Picanha.
5.3519.H,5.3519,H,1,test,train,Qual o país sempre limpinho? Faxchina.
5.3387.N,5.3387,N,0,test,train,Onde vivem os índios advogados? Na cidade.
5.4100.H,5.4100,H,1,test,validation,Qual a raça de cachorro que se manda calar a boca? Shiu au au.
5.10.H,5.10,H,1,test,train,Qual é o nome do político que tem mal de Parkinson? Michel Tremer.
5.1428.H,5.1428,H,1,test,train,Qual parte do carro inibe os efeitos da maconha? O Para Brisa.
5.2162.H,5.2162,H,1,test,train,Qual é o cantor que é inimigo dos Vingadores? Cai Thanos Veloso 
5.909.N,5.909,N,0,test,train,Qual é a roupa que é usada para derrotar o Darth Vader? Luke do dia.
4.441.N,4.441,N,0,test,test,Porque é que as loiras guardam sempre o perú no frigorífico? Para terem carnes frescas.
4.160.H,4.160,H,1,test,train,O que diz uma banana suicida? Macacos me mordam!
5.2732.N,5.2732,N,0,test,train,"O sujeito não sabia o que fazer da sua vida . Apareceu pra ele um gigante, que lhe entregou uma ferramenta para ajudá-lo nos momentos de dúvida . Qual é o nome do filme? - A história sem fim"
5.442.H,5.442,H,1,test,train,Qual o salgadinho favorito dos torcedores do Flamengo? Baconzico.
4.715.N,4.715,N,0,test,train,Vira-se uma poia para outra: Então o que fazes por aqui?
5.1901.H,5.1901,H,1,test,test,Que cantora só transa a 3? Nicky Menage 
5.1039.N,5.1039,N,0,test,train,Qual pokémon já apresentou telejornal? Pikachu.
4.215.H,4.215,H,1,test,train,O que diz a mãe bombista quando vai por o filho à escola? Lá vai o meu rebento...
4.230.H,4.230,H,1,test,validation,"Sonhei que pesava menos de uma milésima de grama. E fiquei tipo ""0mg""."
4.298.N,4.298,N,0,test,train,Qual é o melhor perfume para se usar na praia? Chanel N ° 5.
5.1912.H,5.1912,H,1,test,train,Qual cantora tem um supermercado? Wallmart nália
5.314.H,5.314,H,1,test,validation,Sabem qual árvore não fica quieta? O ipê ativo.
5.1717.H,5.1717,H,1,test,validation,Qual o nome que a Shakira usa pra “fazer amor”? Waka Waka na Butchaca. 
5.2271.H,5.2271,H,1,test,train,Qual eletrônico se contenta em ser passivo na relação sexual? Dá tá show
5.2010.N,5.2010,N,0,test,test,Qual é a padroeira de quem vive dando voltas? Nossa Senhora Aparecida
4.75.N,4.75,N,0,test,train,O que é um ponto cinzento em África? Um elefante.
5.1249.H,5.1249,H,1,test,train,Por que o veganismo é a política de Estado na Bolívia? Para ninguém comer huevo.
5.581.N,5.581,N,0,test,train,Por que o Hulk tem facilidade de trocar o canal da TV? Porque ele sempre perde o controle.
4.190.N,4.190,N,0,test,train,Quando é que os americanos comeram carne pela primeira vez? Quando chegou lá o Cristóvão Colombo.
5.2340.H,5.2340,H,1,test,train,Qual goleiro brasileiro gosta de recolher pequenos galhos? Caço Ramos.
5.2855.N,5.2855,N,0,test,validation,Qual o doce chinês? White Rabbit
5.1455.H,5.1455,H,1,test,train,Qual o nome dos irmãos que são péssimos de marketing? Pior logo.
2.7.H,2.7,H,1,test,validation,Por que o espanador não luta caratê? Porque ele já luta capoeira.
4.39.N,4.39,N,0,test,train,Como é que o rapaz cura as feridas? Com tintura de Yoda.
5.3509.N,5.3509,N,0,test,validation,Qual é o cantor que teve problemas respiratórios? Erasma Carlos.
4.566.H,4.566,H,1,test,validation,Porque é que os ladrões praticam boxe? Porque há um assalto a cada 3 minutos.
5.2727.N,5.2727,N,0,test,test,Por que anjos adoram feijão? Porque são querubins
4.33.H,4.33,H,1,test,train,Qual é a parte da mulher que cheira a banana? O nariz.
5.3148.N,5.3148,N,0,test,train,Qual o peixe que não é tenor? Tilápia.
5.962.N,5.962,N,0,test,train,Qual elefante da Disney usa fertilizante pra cuidar do solo? Coronel Hathi.
5.3100.N,5.3100,N,0,test,test,Qual biografia do Bin Laden que virou filme de terror em Hollywood? O lado BUM da vida.
4.458.N,4.458,N,0,test,train,"Como se diz "" mini-saia "" em japonês? Minisukāto."
5.1566.N,5.1566,N,0,test,train,O que o corredor come para parar de correr? Feijoada.
4.709.H,4.709,H,1,test,train,"Se a Terra é redonda, por que é que se chama ""planeta"" e não ""redondeta""?"
5.1582.H,5.1582,H,1,test,train,Qual é o inseto mais carinhoso do mundo? O mosquito dá dengo.
5.2900.H,5.2900,H,1,test,train,Qual cineasta tem um haras? O de Além? 
5.2385.N,5.2385,N,0,test,validation,Por que o atrito e a resistência do ar foram ao psicólogo? Porque eles são muito requisitados
5.2259.H,5.2259,H,1,test,validation,Qual a semelhança entre o trovão e a privada? Os dois vem sempre acompanhado de uma descarga
5.1060.N,5.1060,N,0,test,validation,"Havia um menino chamado João . O que o amigo dele diz quando ele fica em silêncio depois de ouvir uma piada? Ri, João."
4.314.N,4.314,N,0,test,train,O que faz um piloto de aviões depois de comer? A sesta.
4.551.N,4.551,N,0,test,test,Um iogurte fora de prazo mata uma família inteira . Qual é o filme? Iogurte Envenenado.
5.1534.N,5.1534,N,0,test,train,Qual o aplicativo de mensagens mais usado em Minas Gerais? O Telegram.
5.3202.H,5.3202,H,1,test,train,Qual peixe cai melhor no almoço da sexta-feira santa? A-tum.
5.2616.N,5.2616,N,0,test,train,Qual ator sempre dá tudo de si? Don Johnson.
5.1344.H,5.1344,H,1,test,validation,Qual Trapalhão ajudou Frodo em sua jornada? O Renato Aragorn.
5.3337.H,5.3337,H,1,test,test,Qual político nunca estava sozinho? Romeu Turma.
5.688.N,5.688,N,0,test,train,O que o técnico da geladeira foi fazer no médico? Exame.
4.223.N,4.223,N,0,test,train,Qual é a sobremesa preferida dos canibais? Pudim flan.
4.374.H,4.374,H,1,test,train,Porque é que na Polónia ninguém se perde? Porque lá há muitas polacas.
5.389.H,5.389,H,1,test,test,O que os animais disseram quando viram o tamanho da arca de Noé? Noé possível
5.912.N,5.912,N,0,test,test,Qual é a parte do computador que não é do bem? O teclado.
5.608.N,5.608,N,0,test,train,Qual é a cantora mais massa que existe? Criss Massa.
5.3196.N,5.3196,N,0,test,validation,Qual o eletrodoméstico perfeito para misturar currículos? O liquidificador.
4.541.H,4.541,H,1,test,train,"Como é que se diz ""não há Wi-Fi"" em russo? Internyet."
5.1885.N,5.1885,N,0,test,train,Qual animal que gosta muito de você? Cachorro.
5.2849.H,5.2849,H,1,test,train,Apresentadora que dorme muito? Fátima Hibernardes 
5.3416.N,5.3416,N,0,test,train,Qual o programa que só passa excepcionalmente? Sessão da Tarde.
4.559.H,4.559,H,1,test,train,Porque é que os diabéticos não usam o Google Chrome? Porque não podem aceitar cookies.
4.180.H,4.180,H,1,test,test,Comi um iogurte e vomitei a seguir. Devia ser iogurte grego.
5.792.N,5.792,N,0,test,train,Por que a mulher esotérica não conseguia engravidar? Porque ela tinha ovários juntos.
3.6.N,3.6,N,0,test,validation,Por que o policial não gosta de sabão? Porque ele tem alergia.
5.1732.N,5.1732,N,0,test,test,Onde os detentos escrevem as coisas no seu dia-a-dia? No caderno.
5.1802.N,5.1802,N,0,test,test,Por que ninguém na Terra consegue entender a língua nativa do Super-Homem? Porque é alienígena.
5.2336.N,5.2336,N,0,test,train,Qual brasileiro tem uma estatura baixíssima? Philippe Curtinho.
5.1546.H,5.1546,H,1,test,test,Qual o nome do elefante que comete pequenos delitos? O Trombadinha.
5.3785.N,5.3785,N,0,test,validation,Qual o jogo esportivo dos estudantes que moram juntos? Riders República.
5.2062.N,5.2062,N,0,test,train,Por que o filme do Pinóquio ficou com a dimensão distorcida quando a criança foi ver em casa? Porque está somente nos cinemas
4.299.N,4.299,N,0,test,train,A Ester e o Paulo tiveram um filho . Pode-se dizer que o filho deles é 100% filho deles.
5.1276.N,5.1276,N,0,test,test,Qual menina sempre bota pilha nos outros pra sair? A Maria.
5.4083.H,5.4083,H,1,test,train,Qual a atriz que rouba por que é pé de chinelo? Winona Rider.
5.522.H,5.522,H,1,test,train,Qual país que sofre com as enchentes? Aquador.
5.2261.N,5.2261,N,0,test,train,Qual o filme que o matemático mais tem medo? 50 Tons de Cinza
4.144.H,4.144,H,1,test,test,Porque é que as moedas não podem ter relações? Porque são cunhadas.
5.2243.N,5.2243,N,0,test,test,Por que a mulher com carteira assinada nunca tira o investimento? Porque ela tá de renda fixa
5.1515.N,5.1515,N,0,test,test,Qual super herói que tem fetiche com a própria mãe? Deadpool.
5.3965.N,5.3965,N,0,test,train,Pra onde vão os escritores? Para a biblioteca.
5.598.H,5.598,H,1,test,test,Qual cantor na verdade é uma lésbica? Wesley Sapatão.
4.303.N,4.303,N,0,test,train,Vira-se o escorrega para o baloiço: Como os anos passam depressa ...
4.331.H,4.331,H,1,test,validation,Nunca mais levo a minha serpente à veterinária. Ela cobra muito.
5.1367.H,5.1367,H,1,test,train,Qual é o contrário de paixão? Mãeteto.
5.2286.H,5.2286,H,1,test,train,Como se chama a pessoa que um dia se tornará escrota? Crota
5.502.N,5.502,N,0,test,train,Quais plantas só usam sapatos baixos? Nenhuma.
5.282.N,5.282,N,0,test,train,Qual banda só tem integrantes que trocaram de grupo? Cine.
5.3125.H,5.3125,H,1,test,train,"O homem bomba foi lavar mão e explodiu, por quê? Por causa do sabonete granado."
5.3002.N,5.3002,N,0,test,validation,Qual personagem da Disney já morou em Hogwarts? Mickey.
5.3194.N,5.3194,N,0,test,train,Por que atores prendem a respiracao antes de subir ao palco? Pra não inalar nada.
5.2448.N,5.2448,N,0,test,train,Qual é o animal que faltou a festa na floresta? Humano.
5.169.H,5.169,H,1,test,train,Em qual programa o Sílvio Santos exagera no laquê? Topetudo por Dinheiro.
5.3035.N,5.3035,N,0,test,train,Qual o romance do metalúrgico deprimido? Tristão & Gárcia.
4.235.H,4.235,H,1,test,train,"Era uma vez um homem tão pequeno, tão pequeno, que em vez de praticar natação, praticava na tacinha."
5.147.N,5.147,N,0,test,train,"Com o que é feita, fundamentalmente, a porta do quartel? De ferro."
5.88.H,5.88,H,1,test,train,Qual personagem do folclore brasileiro é alucinado por roupas de couro? O COUROPIRA
4.462.H,4.462,H,1,test,train,Qual é o melhor desporto para os pés? Ténis.
4.500.N,4.500,N,0,test,train,Porque é que o João Silva tem Instagram mas não tem Facebook? Porque ele prefere ter seguidores em vez de amigos.
5.3557.H,5.3557,H,1,test,validation,Qual ditador foi penetrado de surpresa? Kim Jong Uuuuuhmmmm.
4.20.H,4.20,H,1,test,train,Adoro mulheres com sardas. Têm centenas de pontos a seu favor.
5.2154.H,5.2154,H,1,test,train,"O Cebolinha e o Cascão estavam chupando pirulito. De repente, o Cebolinha pegou o pirulito do Cascão. Qual o nome do filme? Lambo 2 "
5.2280.N,5.2280,N,0,test,train,Qual é a comida muito apreciada pelos radicais chineses da Al-Qaeda? Macarrão
5.3571.H,5.3571,H,1,test,train,Qual personagem não fala muito? CAlladin.
5.2292.N,5.2292,N,0,test,train,Que profissional só veste grife? Modelo
4.322.N,4.322,N,0,test,test,Qual é a semelhança entre um Game Boy e uma PlayStation? Ambos são consola.
4.662.H,4.662,H,1,test,train,"Decidi começar a usar um pano nas cuecas. Assim, sempre que me peido liberto gás propano."
1.1.N,1.1,N,0,test,test,"Deve ser difícil ser professor de natação . Você ensina, ensina, e o aluno não aprende."
4.749.N,4.749,N,0,test,train,Por que é que o rufia bateu no sem-abrigo? Porque o rufia é uma pessoa muito maldosa.
4.693.N,4.693,N,0,test,test,Acabei de entrar numa loja de artigos para a casa que me deixou de boca aberta . Chamava-se Ikea.
4.45.H,4.45,H,1,test,train,Porque é que o pirilampo teve 20 a tudo? Porque ele é um aluno brilhante.
5.1780.N,5.1780,N,0,test,train,Qual é o carro do cara que faz cinema? É o Uno.
5.22.H,5.22,H,1,test,train,Quando é que o David Copperfield sabe quando tem gente chegando na casa dele? Olhando pelo olho mágico.
4.228.H,4.228,H,1,test,train,Como é que um brasileiro pede licença a um francês? Sai-me da french!
5.2422.H,5.2422,H,1,test,train,Por que em Barretos as pessoas não falam as coisas na lata?  Porque lá é impossível fazer algo sem rodeios.
5.2955.H,5.2955,H,1,test,train,Qual o nome do jogo que Jô Soares adora jogar quando cheira cocaína? Jô quer pó.
5.1217.H,5.1217,H,1,test,train,Que filme o cara constrói uma ponte para conquistar um homossexual? Ponte para Terabicha.
4.689.N,4.689,N,0,test,train,"Até vos contava uma piada sobre horas, mas ainda está em construção."
5.2232.H,5.2232,H,1,test,train,O que fez a mulher quando ganhou um colar de pérolas? Ela falou: Que Joia! 
4.172.N,4.172,N,0,test,train,Qual é a banda desenhada mais popular na Rússia? Tintin.
5.3668.H,5.3668,H,1,test,train,Por que o frango caipira não tem problemas jurídicos de identidade? Porque ele não tem hormônimos.
4.55.H,4.55,H,1,test,train,O que é um omossexual? É um sabão em pó com o qual se lavam as partes íntimas.
5.1821.H,5.1821,H,1,test,train,Qual é o militar que está sempre se elogiando? Sou gato
5.1808.N,5.1808,N,0,test,test,Qual personagem da literatura chupava tudo o que via? Bentinho.
4.162.N,4.162,N,0,test,test,"Porque é que o papa formigas atravessou a estrada? Não conseguiu, ficou preso numa racha."
5.443.H,5.443,H,1,test,train,"O que o Doutor exclamou ao examinar o Silvio Santos que reclamava de uma dor nas costas? É você, Lombar."
5.1554.H,5.1554,H,1,test,train,Qual a Miss EUA que foi escolhida por engano? A Miss Take.
5.3856.H,5.3856,H,1,test,test,Por que a mulher anêmica foi ao psiquiatra? Porque ela tem problema metal.
4.453.N,4.453,N,0,test,train,O que é que o Brad Pitt faz na grande cidade? Está à espera do Tom Cruise.
5.488.N,5.488,N,0,test,train,"Em uma corrida, chegar em qual posição é contra a lei? Nenhuma."
5.4060.H,5.4060,H,1,test,train,Qual autor bebia para escrever? Ferreira Golar.
4.567.H,4.567,H,1,test,train,"O que é que a mulher do comunista diz quando o viagra perde o efeito? Foice o martelo, camarada."
4.368.N,4.368,N,0,test,train,Qual é o carro preferido dos franceses? É o Renault La Guna.
5.2191.H,5.2191,H,1,test,train,Qual é a apresentadora favorita dos pedreiros? Obra Winfrey 
5.226.N,5.226,N,0,test,test,Um homem TODO DIA molha e coloca para secar um OB . Por que? PORQUE ELE ESTÁ TRANSTORNADO
5.160.H,5.160,H,1,test,train,O que o italiano disse quando entrou na pirâmide? Mummia mia!
5.3780.H,5.3780,H,1,test,train,Por que o Zé Bonitinho fazia as mulheres se engasgarem? Porque ele era o peri glote das mulheres
5.890.N,5.890,N,0,test,test,Qual é a marca favorita dos afilhados? Nike.
5.2477.H,5.2477,H,1,test,train,O que o burro disse para a mula? Vamulá.
5.2871.H,5.2871,H,1,test,train,O que se come de manhã no trem? Sutrilhos
5.1066.N,5.1066,N,0,test,test,Qual o sanduíche de queijo com mosquito? Queijo quente.
5.830.N,5.830,N,0,test,train,Qual a escola de inglês dos nordestinos? CCAA.
5.667.N,5.667,N,0,test,train,Qual o nome da menina que sempre sonhou em atuar? Maria.
5.3345.H,5.3345,H,1,test,train,"Um cara comprou uma dúzia de bananas, mas comeu dez. O que ele faz agora? Dez casca."
5.1454.H,5.1454,H,1,test,test,Qual o gênero de filmes que os personagens ficam se roçando? Fricção Científica. 
5.2394.H,5.2394,H,1,test,train,O juiz condenou um médico por um crime articulado dentro de uma loja. Por quê? Porque o réu matou o lojista.
4.444.H,4.444,H,1,test,test,"Sabes dizer alguma asneira em inglês? ""Put a keep are you!"""
4.156.N,4.156,N,0,test,test,Qual é a língua mais falada nas prisões portuguesas? É o português.
4.11.N,4.11,N,0,test,train,Qual é o animal mais romântico? É a amêijoa . Porque dorme em conjunto.
5.522.N,5.522,N,0,test,train,Qual país que sofre com as enchentes? Equador.
5.811.N,5.811,N,0,test,train,Qual estilo musical só da pra ouvir bem forte? Rock'n'Low
4.626.N,4.626,N,0,test,train,"Como é que se diz "" bicicleta "" em japonês? Jitensha."
5.1109.H,5.1109,H,1,test,train,Qual filósofo gostaria de ser um Cavaleiro do Zodíaco? Áriestóteles
5.2018.H,5.2018,H,1,test,train,Que jogador entra pra história todos os dias? Kaká Lendário 
5.3194.H,5.3194,H,1,test,train,Por que atores prendem a respiracao antes de subir ao palco? Pra não inalar ar cênico.
5.1223.N,5.1223,N,0,test,train,Qual parte do corpo nunca está acordada? Pé.
4.133.N,4.133,N,0,test,validation,Que nome se dá a um boi que arranjou trabalho? Empregado.
5.1079.N,5.1079,N,0,test,train,Qual a maior cidade do mundo? Rio de Janeiro.
4.129.N,4.129,N,0,test,train,Que nome se dá a uma freira no convento? Católica apostólica.
5.1398.H,5.1398,H,1,test,train,Qual é o carro em que todo mundo gosta de comemorar o aniversário? O Fiesta.
5.4027.N,5.4027,N,0,test,validation,Qual o nome do parente que mais gosta de você? A Tia Maria.
5.504.N,5.504,N,0,test,train,Vi na internet um par de óculos e quando fui na loja comprar ele estava mais caro . Sabe o que foi? Foi uma promoção esgotada.
5.2581.H,5.2581,H,1,test,train,Tinham 6 aleijados brincando e um caiu. Por quê?  Porque estavam brincando de muleta russa.
5.3877.N,5.3877,N,0,test,test,Qual o cantor favorito da xícara? Roberto Carlos.
5.561.H,5.561,H,1,test,train,Qual personagem do Star Wars de Umbanda? Exubacca.
5.505.N,5.505,N,0,test,train,Qual o nome do cara que a humildade passou longe? Felipe.
5.1690.N,5.1690,N,0,test,train,Qual o jogo favorito de um ator famoso de Hollywood? O Fortnite? LOL!
4.593.H,4.593,H,1,test,validation,"Como se diz ""viúva"" em russo? Maryid Jaznakova."
5.670.N,5.670,N,0,test,test,Qual é a música em que o sobrinho do Michael Jackson nos convida a assistir a um moonwalk feito pelos Jackson Five? Tears In Heaven!
4.371.N,4.371,N,0,test,test,A tua mãe é como a luz da TV . Está todo o dia apagada.
5.2226.H,5.2226,H,1,test,train,Por que se ouvia uma nota quando neandertal batia em suas presas ? Porque usava uma Clava de Sol
5.392.N,5.392,N,0,test,test,Qual jogador jogava basquete? Shaquille O'Neal
5.3523.H,5.3523,H,1,test,train,Em qual brincadeira eu só aceito gente inteligente? Tiro lesa.
5.1541.H,5.1541,H,1,test,train,O que é um ponto marrom no pulmão? Um brownquite.
5.1277.N,5.1277,N,0,test,train,Qual foi o resultado do exame do negão que corria muito? Positivo.
5.3547.N,5.3547,N,0,test,validation,Qual a profissão de gente chata? Carpinteiro.
4.734.N,4.734,N,0,test,validation,"Numa aula de filosofia do 1 ° período: "" Penso, logo existo . """
5.3305.H,5.3305,H,1,test,train,Qual jornalista sempre levava bebidas pros colegas? Carlos Trazmontilla.
5.2600.H,5.2600,H,1,test,train,Qual é o arroz que vem mais juntinho? Arroz Agrega.
5.1078.N,5.1078,N,0,test,test,Qual o bolo mais barulhento que existe? Bolo de aniversário.
5.1403.N,5.1403,N,0,test,train,Por que o próximo técnico da seleção jogara contra a parede? Porque ele é Pós-Tite.
3.11.H,3.11,H,1,test,train,Uma pessoa passou dois dias inteiros dentro da piscina e depois foi ao médico. Sabe qual foi o diagnóstico? Nada demais.
4.641.N,4.641,N,0,test,train,Por que é que o Bolsonaro perdeu as eleições? Porque estava na hora de ir embora.
5.3566.H,5.3566,H,1,test,validation,Qual jornalista vivia reenviando mensagens? Marcelo re-send.
4.70.H,4.70,H,1,test,train,Como se chama o protagonista do Dragon Ball com hemorroidas? Sangroku.
5.2778.H,5.2778,H,1,test,test,Qual jogo do Windows só funciona se você fizer tudo o que ele quer? O Campo Mimado
5.2830.H,5.2830,H,1,test,train,Qual filme deixaram bens como garantia? Penhor dos Anéis
5.1358.H,5.1358,H,1,test,validation,Qual é o trabalho que você se vê fazendo? Limpar espelhos.
5.2983.H,5.2983,H,1,test,train,Qual a série mais peluda? Game of Tony.
5.2092.H,5.2092,H,1,test,train,Qual pokemon tem rabo grafitado? Pixaku
5.905.H,5.905,H,1,test,validation,Qual é o mar preferido dos super-heróis? O Marvel.
5.58.H,5.58,H,1,test,train,O que o judeu passa no corpo quanto está com dor? Shalompas.
5.981.N,5.981,N,0,test,train,Qual é o brinquedo que o pai proibiu o filho de usar? Carrinho de fricção.
5.1493.N,5.1493,N,0,test,train,Quem faz o melhor milkshake do asilo? Chocolate.
5.2254.N,5.2254,N,0,test,train,Qual é a banda famosa dos gauchos? Tri Bah listas
5.3004.N,5.3004,N,0,test,test,Qual refeição que volta mais rápido do que vai? Almoço.
5.938.N,5.938,N,0,test,train,"Qual é o carro que quando toca música, é perfeito para os matemáticos? Logan."
4.710.H,4.710,H,1,test,train,Comprei um pónei e chamei-lhe Mário. Pode-se dizer que tenho um cavalo Marinho.
4.293.H,4.293,H,1,test,train,O que é que os esqueletos usam na cabeça? Um bone.
5.1527.N,5.1527,N,0,test,train,Qual a bebida mais velha do bar? Whisky.
5.1248.N,5.1248,N,0,test,train,Quais são as duas letras do alfabeto que dá prazer de ouvir? A e B.
5.599.N,5.599,N,0,test,train,Qual candidato é dentista? Ciro Gomes.
5.275.N,5.275,N,0,test,train,Por que está chovendo na faculdade? Porque as nuvens estão escuras.
4.274.H,4.274,H,1,test,train,Adoro o mel da minha avó. Gosto mesmo d'abelha.
4.262.N,4.262,N,0,test,train,Que nome se dá a um pássaro aleijado? Infeliz.
5.3618.N,5.3618,N,0,test,train,Qual os piores inimigos dos MINIons??? Os heróis
4.652.H,4.652,H,1,test,train,Um lobo matou uma ovelha e agora foi preso. Está na cadeia alimentar.
5.1495.H,5.1495,H,1,test,train,Qual o herói favorito de Deus? Clark Crente.
5.2384.N,5.2384,N,0,test,train,O que os pais do físico disseram para o filho depois de ele ter criado um princípio de refração? Cumpriu com a obrigação
5.600.H,5.600,H,1,test,train,"Por que, após se separar da mulher, o cara engordou? Porque ele a largou."
5.1282.N,5.1282,N,0,test,train,Qual castanha sempre interpreta personagens maus? Do pará.
5.3944.N,5.3944,N,0,test,train,Por que o cara resolveu dormir no bueiro? Porque ele tava bêbado.
5.1205.H,5.1205,H,1,test,train,Por que o pessoal do Nordeste se orgulha do GPS?  Porque ele fala: Você chegou Nor Destino.
5.4003.N,5.4003,N,0,test,train,Qual cantor é movido a álcool? Pablo.
4.335.N,4.335,N,0,test,test,O que fazem os triângulos quando estão cansados? Dormem.
5.1585.H,5.1585,H,1,test,train,Qual é o melhor chá para calvície? Chapéu.
5.394.N,5.394,N,0,test,test,Qual apresentador está na pior? José Luís Datena.
5.72.N,5.72,N,0,test,validation,Qual é a roupa mais inapropriada para usar num avião? Biquíni.
5.133.N,5.133,N,0,test,test,Qual cantor adora cozinhar? Hélice Cooper.
5.52.H,5.52,H,1,test,test,Por que a minha mulher sempre ri nos comerciais de remédio? Porque o Ministério da Saúde a diverte.
4.455.H,4.455,H,1,test,train,"""Arroz"" é masculino ou feminino? Depende se o arroz é de tomate ou arroz de grelos."
5.3075.N,5.3075,N,0,test,train,"Qual o cineasta que odeia comer entre as refeições? Roman "" Polanski """
4.363.H,4.363,H,1,test,train,O que é que a tinta faz nos dias de chuva? Fica no choco.
5.1061.H,5.1061,H,1,test,train,Qual doença temos que coletar esperma? Cataporra.
5.478.H,5.478,H,1,test,train,O que o Judoca mais fez na vida? Ajudô.
5.2582.H,5.2582,H,1,test,test,Qual o nome do programa de quem tem pau mole? Bro Show.
5.2646.N,5.2646,N,0,test,train,Qual apresentador é esnobe? Luciano Huck.
4.146.N,4.146,N,0,test,train,Porque é que os fotões não fazem peso? Porque não têm massa.
5.1084.N,5.1084,N,0,test,train,Qual carro não sai da cabeça das pessoas? Corsa
5.482.N,5.482,N,0,test,validation,Qual doença se contrai quando come muito ovo? Colesterol.
5.3473.N,5.3473,N,0,test,train,O que faxineiro fazia na casa do Mussolini? Passava pano na casa.
5.412.H,5.412,H,1,test,train,Qual o filme que conta a história de um cavalo de brinquedo? O Pocotoy story
4.532.N,4.532,N,0,test,train,Dizem que não percebo nada de comida mexicana...Não acho que seja assim tão inculto.
5.356.H,5.356,H,1,test,test,Como a cebola e o alho trocam mensagens de texto? Por WhatsAipo.
5.3466.H,5.3466,H,1,test,train,Cantora que nunca tem data disponível pra show? ZizimPossible.
5.1653.N,5.1653,N,0,test,train,Qual é o cachorro manobrista? O Billy.
5.896.N,5.896,N,0,test,train,Para onde se leva um cachorro desobediente? Para o adestramento.
5.3721.N,5.3721,N,0,test,validation,qual jornalista sempre levava bebidas pros colegas? Carlos Lacerda
4.705.H,4.705,H,1,test,train,Por que é que os peixes vão à praia? Para ficarem douradinhos.
5.399.N,5.399,N,0,test,train,"Que queijo Sherlock Holmes ofereceu a seu parceiro? Coalho, meu caro Watson"
5.1909.H,5.1909,H,1,test,train,Qual é a cerveja de quem gosta de zueira? Stella Trollar
4.470.H,4.470,H,1,test,train,Porque é que o mar é azul? Porque os peixes fazem blue... blue... blue...
5.227.H,5.227,H,1,test,train,Qual é o mestre especializado em golpes com giro? Mestre Spinner.
4.187.H,4.187,H,1,test,train,Que nome se dá a um turista egípcio no Algarve? Tutancamone?
5.228.H,5.228,H,1,test,train,Qual é o melhor lugar para pedir informações sobre prostitutas? Na Zona Franca.
5.3911.H,5.3911,H,1,test,train,Qual a cidade paulista as pessoas rezam e fazem artesanato? Em Budas Artes.
5.1415.H,5.1415,H,1,test,train,Qual é o carro do mosquito da dengue? Aedes Ae Jipe.
5.1971.H,5.1971,H,1,test,train,Porque a fada madrinha estava com um isqueiro na mão indo em direção a uma vela no candelabro? Pra acenderela 
4.37.N,4.37,N,0,test,train,"Era uma vez um fruto tão maduro, tão maduro, tão maduro...que ficou podre."
4.514.N,4.514,N,0,test,train,O meu sonho é ser rico um dia . É que ser pobre todos os dias é lixado.
5.3825.H,5.3825,H,1,test,train,Qual o mês do Popó? Junho de Aço.
5.1062.N,5.1062,N,0,test,train,Qual a resposta da nota musical contente? Si Feliz.
1.1.H,1.1,H,1,test,train,"Deve ser difícil ser professor de natação. Você ensina, ensina, e o aluno nada."
5.3907.H,5.3907,H,1,test,test,Por que quem não tem relógio não se preocupa em sair com roupa amassada? Porque a hora passa.
5.2209.H,5.2209,H,1,test,test,"Um britânico mandou um aviso para um português, a resposta parecia o nome de um filme. Qual? ""Oh, pá! Ciente, inglês."""
1.4.H,1.4,H,1,test,test,O que uma impressora falou para a outra? Essa folha é sua ou é impressão minha?
5.1643.N,5.1643,N,0,test,test,Qual é a série que se passa no norte do país? 3%.
5.3097.N,5.3097,N,0,test,test,Qual comida favorita dos cães de rua? Carne
5.479.H,5.479,H,1,test,train,Por que os mamíferos são os únicos animais que conseguem tossir?  Porque só o leite que tem lacTOSSE.
5.452.N,5.452,N,0,test,train,Qual instrumento o boi toca? Toca Violão
5.910.N,5.910,N,0,test,train,Qual é a reta que canta muito? A Ella Fitzgerald.
5.2517.N,5.2517,N,0,test,test,Qual herói da literatura atirava em patos? Sancho Panza.
5.1275.H,5.1275,H,1,test,train,Qual o número mais gostoso que existe? Doze de leite.
5.1387.N,5.1387,N,0,test,validation,Qual cantora escreveu Sitio do Picapau Amarelo? A Katy Perry.
5.1366.N,5.1366,N,0,test,train,O que o Thor faz quando quer falar com alguém? Manda um zap.
5.3138.H,5.3138,H,1,test,train,Qual a marca mais materialista que existe? A mercê dos bens.
5.3164.N,5.3164,N,0,test,train,Qual pintor estava sempre bêbado? Salvador Dalí.
4.604.N,4.604,N,0,test,test,Qual é a semelhança entre os colares e os anéis de ouro? Há alguns quilate.
4.714.H,4.714,H,1,test,train,Porque é que Jesus nunca ganhou a Euromilhões? Porque só teve direito a uma cruz.
5.122.H,5.122,H,1,test,train,Como chama a cerveja que você só toma de 2 em 2 anos? Beer nal.
5.1153.H,5.1153,H,1,test,train,Que sobremesa é feita com queijo de soja? Cheesefake!
5.2488.N,5.2488,N,0,test,test,Qual é o bloco do índio que não bebe nem fuma? Bloquinho infantil.
5.1731.N,5.1731,N,0,test,validation,Qual é o pote que toca música? O Spotted Fest.
4.342.N,4.342,N,0,test,validation,Qual é o contrário de nu? Vestido.
5.967.N,5.967,N,0,test,test,Qual é a comida baiana preferida dos músicos? Vatapá.
4.300.H,4.300,H,1,test,train,O que está entre os olhos? Uma entrevista.
5.3262.N,5.3262,N,0,test,train,Por que todo corno alcança seus objetivos? Por causa da lei da gravidade.
5.2113.N,5.2113,N,0,test,train,O que você chama de hamster com 3 pernas? Hamster
4.358.N,4.358,N,0,test,train,Porque é que o carro se despistou? Porque ia embalado.
5.204.H,5.204,H,1,test,train,Qual molho não combina com Lula? Sérgio Molho.
5.3947.N,5.3947,N,0,test,validation,Qual título da nobreza ficou vermelho quando foi promovido? Duque.
5.1783.N,5.1783,N,0,test,train,"O que o narrador Silvio Luiz falou sobre o programa Masterchef? "" Olho no lance! """
4.553.N,4.553,N,0,test,train,Como é que se encontra o interior de um vulcão? Com lava.
5.1341.N,5.1341,N,0,test,train,Por que a fita isolante é melhor do que a fita crepe? Porque é mais resistente.
5.1822.H,5.1822,H,1,test,train,Onde na casa colocaram o forno? No assapão
5.2639.N,5.2639,N,0,test,train,Qual joalheria não usa gasolina? Nenhuma usa gasolina.
5.3001.N,5.3001,N,0,test,train,Qual microorganismo sofre bullying? A bactéria.
4.653.N,4.653,N,0,test,validation,O Artur detesta chuva e o Paulo vento.
5.1340.H,5.1340,H,1,test,train,Por que o Roberto Carlos é considerado Rei? Porque no show dele só vai coroa.
5.108.H,5.108,H,1,test,train,Qual é o lago que não sabe o alfabeto? Paranoá.
4.336.N,4.336,N,0,test,train,"Hoje davam chuva só para o continente, mas há bocado passei pelo Funchal e também estava a chover."
5.3231.N,5.3231,N,0,test,test,Por que o rapaz não mostrou os slides em sua apresentação na empresa? Porque ele esqueceu de levar.
5.2302.N,5.2302,N,0,test,validation,Por que uma parede ficou decepcionada com a outra? Porque ela era quebrada.
5.1264.N,5.1264,N,0,test,validation,Em qual seleção joga o atleta mais baladeiro? Brasil.
5.768.N,5.768,N,0,test,train,Qual é a cantora que dá ordens gritando com todo mundo? Adele.
5.2693.H,5.2693,H,1,test,train,"Por que o artigo, o substantivo e o adjetivo nunca discutiam? Porque estavam sempre em concordância."
5.2292.H,5.2292,H,1,test,train,Que profissional só veste grife? Armanicure
4.9.N,4.9,N,0,test,train,"Que nome se dá a um "" A "" num trampolim? ""A""."
4.194.H,4.194,H,1,test,test,Como é que se faz uma ultrapassagem na Palestina? Pela Faixa de Gaza.
5.1626.H,5.1626,H,1,test,test,Qual é a marca de eletrodomesticos de que os políticos mais gostam? LG.
4.405.N,4.405,N,0,test,train,Porque é que o bode está à porta da quinta? Está à espera que abra.
4.295.N,4.295,N,0,test,train,Os amigos foram festejar o início do verão . A festa foi na casa dos 30 degraus.
5.2230.H,5.2230,H,1,test,train,Qual raça de cachorro assumia quando bebia muito? Sharpei o coco 
4.426.H,4.426,H,1,test,train,"O Humberto era tão gordo, tão gordo, que um dia teve de mudar o nome para Doisberto."
5.1653.H,5.1653,H,1,test,test,Qual é o cachorro manobrista? O RotValet.
4.156.H,4.156,H,1,test,train,Qual é a língua mais falada nas prisões portuguesas? É o português corrente.
5.780.H,5.780,H,1,test,train,Qual a mulher que mais gostava de andar de avião? Simone de É Bom Voar.
5.2858.N,5.2858,N,0,test,train,Pq o rapaz demorou muito para receber alta do hospital mas não reclamava? Porque era resignado
4.671.H,4.671,H,1,test,test,O jacaré nunca diz o que pensa. Mas o croco di-lo.
4.693.H,4.693,H,1,test,train,Acabei de entrar numa loja de artigos para a casa que me deixou de boca aberta. Chamava-se Maxi Lar.
5.2671.H,5.2671,H,1,test,train,Qual o romano mais malhado que existe? Pôncio Pilates.
5.2095.H,5.2095,H,1,test,train,O que o rapaz falou quando viu batatinhas em um saquinho? É uma chips? 
5.2269.H,5.2269,H,1,test,train,Qual país em que todo mundo ta sempre na academia ? Só malia
5.1340.N,5.1340,N,0,test,train,Por que o Roberto Carlos é considerado Rei? Porque no show dele só vai fãs.
5.4017.H,5.4017,H,1,test,test,Por que a vassoura ficava se exibindo no meio da estrada? Porque o rodo via.
5.3209.H,5.3209,H,1,test,train,Qual rainha que bebe cerveja? Squeencariol.
4.210.N,4.210,N,0,test,train,Qual é o cantor preferido dos gelados? As Doce.
5.2707.N,5.2707,N,0,test,test,Por que o tubo de pomada foi espremido? Porque era um creme.
5.2644.N,5.2644,N,0,test,train,Qual cantor adora poker? Zeca Pagodinho ..
5.3525.N,5.3525,N,0,test,train,Qual o nome da mulher que é uma cobra e um perigo? Anaconda.
5.3368.H,5.3368,H,1,test,train,"O que o tenista disse pro comediante? Foi ace, Ventura."
5.1454.N,5.1454,N,0,test,train,Qual o gênero de filmes que os personagens ficam se roçando? Ficção Científica.
5.1193.N,5.1193,N,0,test,test,Qual a sandália usada no exército? Sandália crocs.
4.145.N,4.145,N,0,test,test,"O que significa "" confraternizar ""? Ir a algum lado com vários índios."
4.21.H,4.21,H,1,test,train,Um turista asiático entra numa padaria. - Jápão?
5.1102.H,5.1102,H,1,test,test,O que é um cereal de milho com chifre? Unicorn flakes.
5.1991.N,5.1991,N,0,test,train,Quando sinto frescor em minhas postagens? Quando a galera vem falar
5.2487.H,5.2487,H,1,test,train,Qual é o contrário de Otorrinolaringologista? Otochorandolaringologista.
4.676.N,4.676,N,0,test,validation,Sabias que 4 em cada 5 pessoas sofre de diarreia? Isso significa que 20% das pessoas não tem diarreia.
5.603.N,5.603,N,0,test,train,Qual é atriz que está sempre com uma coceirinha no pé? Mariana Ximenes.
4.445.H,4.445,H,1,test,train,De que material são compostas as pedras nos rins? De xixisto.
4.468.N,4.468,N,0,test,train,Quando peço molhos o ketchup vem logo com a mostarda.
5.187.H,5.187,H,1,test,test,Por que o Mario perdeu o processo para o Sonic? Porque a justiça é Sega.
5.2983.N,5.2983,N,0,test,test,Qual a série mais peluda? Game of Thrones.
5.336.H,5.336,H,1,test,train,Qual o meio de transporte mais usado na Bahia? Uber imbau
5.1211.N,5.1211,N,0,test,validation,Por que os empresários são bons administradores? Porque se comunicam com grandes gestões.
5.691.N,5.691,N,0,test,train,Qual é o nome da hiena que se aposentou? Joana.
5.2408.N,5.2408,N,0,test,train,O que são dois pontinhos cinzas no mar? Sujeira.
5.2403.N,5.2403,N,0,test,train,Qual o torresmo que nunca está de bem com a vida? O Torresmo frito
5.821.H,5.821,H,1,test,train,Qual o país que precisa ser envernizado? EnVernizuela.
5.956.H,5.956,H,1,test,train,Como o ciclista reage a uma notícia ruim? Ele leva um bike.
5.2248.N,5.2248,N,0,test,train,Por que Sherlock Holmes foi até à corrida de Formula 1? Pra ir atrás de uma testemunha
4.39.H,4.39,H,1,test,validation,Como é que o Darth Vader cura as feridas? Com tintura de Yoda.
5.3770.N,5.3770,N,0,test,test,Qual é o site de informações criado pelo Chewbacca? Star Wars
5.1416.H,5.1416,H,1,test,train,Qual é o shopping das bucetas? Paracetamol.
5.3957.H,5.3957,H,1,test,train,Qual rapper que te convidava pro sexo oral? Chupac.
5.1735.N,5.1735,N,0,test,train,Qual é o nome da família que é o resultado de uma noite de amor entre pessoas mórbidas? Familia Addams.
5.4030.H,5.4030,H,1,test,train,Qual o pássaro mais atrapalhado que existe? João de Esbarro.
5.3178.H,5.3178,H,1,test,train,Por que a mulherada adora o Homem Aranha? Porque ele é aMarvel.
5.2233.N,5.2233,N,0,test,train,Qual taxa é cobrada quando você abastece o carro? Taxa de Gasolina
5.1616.H,5.1616,H,1,test,train,Qual é a pacifista que é um gênio da matemática? Madre Teresa de Calcular.
4.315.N,4.315,N,0,test,train,Porque é que o patrão se divorciou? Porque comeu a secretária.
5.1896.H,5.1896,H,1,test,test,O que o galo espera da galinha quando eles transam? Que ela gema 
5.2376.N,5.2376,N,0,test,train,Qual profissional auxilia novatos que chegam em Asgard? O auxiliar.
4.64.N,4.64,N,0,test,train,Porque é que as galinhas não conduzem? Porque não têm habilitação.
5.3178.N,5.3178,N,0,test,train,Por que a mulherada adora o Homem Aranha? Porque ele é amável.
5.1490.N,5.1490,N,0,test,train,O que o whisky falou pro cadeado que estava cansado? Keep fighting.
5.1107.H,5.1107,H,1,test,train,Qual filósofo precisa de um exorcismo? O Demócrito.
4.8.H,4.8,H,1,test,test,"O Adão decidiu fazer uma tatuagem. ""Adão 4Eva"""
5.2296.N,5.2296,N,0,test,train,Qual acorde te faz cagar tranquilamente? Sol maior
5.1149.N,5.1149,N,0,test,validation,Qual personagem de dragon ball nasceu na Alemanha e não come carne? Kurilin.
4.518.N,4.518,N,0,test,train,"O que é a paleografia? É a ciência que estuda as propriedades da letra "" antiga ""."
5.3245.N,5.3245,N,0,test,train,Qual programa é apresentado numa árvore? Econtro com Fátima Bernardes.
4.126.N,4.126,N,0,test,train,Quais são os peixes que não andam de elevador? As trutas.
5.3277.H,5.3277,H,1,test,train,Qual cantor registrava a entrada de ets? Ovinicius de Moraes.
5.3196.H,5.3196,H,1,test,train,Qual o eletrodoméstico perfeito para misturar currículos? O Linkedinficador.
5.419.H,5.419,H,1,test,test,Qual o país com a maior produção de cana-de-açúcar? O Cana-dá.
5.1374.H,5.1374,H,1,test,test,Por que o vírus da gripe não tem amigos? Porque ele é uma má influenza.
5.3591.H,5.3591,H,1,test,train,"O que o Fred Flintstone disse quando percebeu que instalou um programa indesejado? Ih, aba da Baidu."
5.3438.N,5.3438,N,0,test,train,O que significa muita lingerie junta? Um monte de roupa.
4.363.N,4.363,N,0,test,train,O que é que a Ana faz nos dias de chuva? Fica em casa.
5.504.H,5.504,H,1,test,train,Vi na internet um par de óculos e quando fui na loja comprar ele estava mais caro. Sabe o que foi? Foi uma ilusão de ótica.
5.1742.N,5.1742,N,0,test,train,Qual é o salgado muito bom que não deixa ninguem transar? Coxinha.
5.523.N,5.523,N,0,test,train,Qual grupo terrorista idolatra a sharia? ISIS.
5.2155.N,5.2155,N,0,test,train,"Qual o filme odiado do Kiko? Harry Potter e o Cálice Cálice Cálice, você me deixa looouco!"
4.509.N,4.509,N,0,test,train,Como é que o Batman e o Hulk nadam? De costas.
5.2665.N,5.2665,N,0,test,train,Quem é responsável pela locomoção dos cidadãos? Transporte público.
5.649.H,5.649,H,1,test,test,Qual é a música da Disney que preenche seu espaço vazio? Lacuna Matata.
4.605.H,4.605,H,1,test,train,Será que os médicos que não acreditam em Deus fazem diagnósticos? Ou fazem diateus?
4.110.N,4.110,N,0,test,train,Como se chama o homem que monta presépios? Armando Silva.
4.170.H,4.170,H,1,test,train,Qual é o jogo preferido das vesículas? O biliar.
5.203.H,5.203,H,1,test,train,Por que muitos jogadores do Corínthians não foram à festa de comemoração do título brasileiro? Porque a festa foi muito longe. Lá na casa do Carille!
5.1315.N,5.1315,N,0,test,train,Por que o jogador quando faz uma falta sempre levanta os braços para cima? Por força do hábito.
4.718.H,4.718,H,1,test,train,"Vai ser lançada uma biografia sobre o Carlos Castro. Vai chamar-se ""A Minha Vida Tim Tim por Tim Tim""."
5.2091.N,5.2091,N,0,test,train,Qual é o videogame que já vem com banheiro dentro? O PlayStation
4.577.H,4.577,H,1,test,train,Algumas pessoas têm dificuldade em dormir. Eu cá consigo fazê-lo de olhos fechados.
4.593.N,4.593,N,0,test,train,"Como se diz "" viúva "" em inglês? Widow."
5.2120.N,5.2120,N,0,test,train,Onde no Brasil os policiais dispensam seus lixos? No Rio de Janeiro
5.3443.H,5.3443,H,1,test,train,Qual atriz é um cereal? Jennifer é Neston.
5.2763.N,5.2763,N,0,test,test,Qual a banda que so gosta de baixinhas? Charlie Brown Jr. .
5.281.N,5.281,N,0,test,test,Qual é o cantor que melhor improvisa com as ferramentas que tem à disposição? Zé Ramalho.
5.695.N,5.695,N,0,test,test,Qual é o tipo de roupa que os magros não podem usar? As feitas de linho.
5.2060.N,5.2060,N,0,test,test,Qual o personagem de star wars que vive espirrando? Anakin skywalker
5.204.N,5.204,N,0,test,train,Qual molho não combina com Lula? Molho madeira.
5.1162.H,5.1162,H,1,test,train,Qual o bairro de São Paulo que só tem Japoneses? Japaquara
5.2508.N,5.2508,N,0,test,validation,Qual é o planeta que ama a todos? A terra.
4.670.H,4.670,H,1,test,train,O que faz um grupo de plantas ao sol? Videossíntese.
5.2703.N,5.2703,N,0,test,test,Qual jogo antigo fica tentando as pessoas contra sua religião? Pacman.
4.86.N,4.86,N,0,test,train,O que é que os idosos fazem no dia antes das eleições? Refletem em quem vão votar.
4.671.N,4.671,N,0,test,train,O jacaré nunca diz o que pensa . Mas o crocodilo diz.
4.330.H,4.330,H,1,test,train,Porque é que os bêbados gostam de passar a Ponte 25 de Abril? Porque lá há muito engarrafamento.
5.3165.N,5.3165,N,0,test,train,Qual pintor ganhou mais dinheiro com sua arte? Picasso.
5.3697.H,5.3697,H,1,test,test,Qual a série policial favorita do Guga? C S aibro.
5.631.H,5.631,H,1,test,train,Qual ala da escola de samba é responsável pela despedida do desfile? A ala das BYEanas
4.305.H,4.305,H,1,test,train,O que é um fuinho? É um buaquinho na pauede.
4.265.H,4.265,H,1,test,train,Onde é que o mosquito faz as suas orações? Na mosquita.
4.345.N,4.345,N,0,test,train,O que diz um porco quando atende o telemóvel? Tou?
4.672.N,4.672,N,0,test,test,Qual é o melhor óleo para lubrificar o sexo? Óleo corporal.
5.3591.N,5.3591,N,0,test,test,"O que o Fred Flintstone disse quando percebeu que instalou um programa indesejado? Ah, não."
4.152.H,4.152,H,1,test,train,Já estreou o novo espetáculo com legos ao vivo. É uma peça de teatro.
5.1922.H,5.1922,H,1,test,train,Por que todo diplomata vencedor quase não vai ao médico? Porque win baixa a dor 
5.3483.H,5.3483,H,1,test,validation,"Qual a atriz que vc dá satisfação sempre que bebe alguma coisa? Marisa, Tomei."
4.371.H,4.371,H,1,test,train,A tua mãe é como a luz da TV. Está todo o dia acesa.
5.3237.N,5.3237,N,0,test,test,Qual queijo favorito da Iveje Sangalo? Pecorino.
5.4034.N,5.4034,N,0,test,train,Por que o bispo ligou pro Ed às 5h da manhã? Pro Ed acordar.
5.2323.N,5.2323,N,0,test,train,Qual tipo de piada geralmente é feito entre dois homens pelados? Trocadilho.
5.2544.N,5.2544,N,0,test,train,Qual farinha usada pelos índios? Farinha de Trigo.
4.345.H,4.345,H,1,test,train,O que diz um porco quando atende o telemóvel? Tou-cinho?
4.366.H,4.366,H,1,test,train,"Porque é que o Mozart se livrou das suas galinhas? Porque elas só diziam ""Bach! Bach! Bach!"""
5.1636.N,5.1636,N,0,test,train,Por que o dono do canil escreveu uma carta para seus cachorros? Porque ele sabe que o treinou.
4.96.N,4.96,N,0,test,test,Que nome se dá a um cacto engraçado? Cacti.
4.175.N,4.175,N,0,test,test,Que nome se dá a um português viciado em drogas? Toxicodependente.
5.1264.H,5.1264,H,1,test,train,Em qual seleção joga o atleta mais baladeiro? Agito.
5.432.H,5.432,H,1,test,train,Por que o passarinho perdeu os movimentos? Porque ele teve um ave-C.
5.2446.H,5.2446,H,1,test,train,Qual é a cantora favorita do Tony Hawk? Skate Perry.
5.2395.H,5.2395,H,1,test,train,Qual é o remédio que se compra quando vai à padaria? BuscoPão.
2.8.H,2.8,H,1,test,train,Sabe por que o argumento do Dumbo foi completamente ignorado? Porque era irrelefante.
5.3577.N,5.3577,N,0,test,train,Qual doença comum entre os viciados em vídeos? Youtuberculose.
5.2075.H,5.2075,H,1,test,validation,Qual é o bilionário mais discreto da ficção? Sutil Patinhas 
4.617.N,4.617,N,0,test,test,Por que é que o Napoleão era sempre convidado para todas as festas? Porque era animado.
5.886.H,5.886,H,1,test,test,Qual cantor usa hack nos jogos? O Cheatãozinho.
4.343.H,4.343,H,1,test,train,Qual é a nacionalidade de um canalizador de bigode? É um mexe-cano.
5.1722.N,5.1722,N,0,test,test,"Qual é o bruxo-malvadão que ia, mas já voltou? Draco Malfoi."
5.2775.N,5.2775,N,0,test,train,Qual o ativista boxeador? Nelson Mandela
5.3878.N,5.3878,N,0,test,train,Por que o lápis foi malhar? Pra ficar fitness.
5.1160.H,5.1160,H,1,test,test,Qual o pão que te ajuda a respirar? O pão Pulman.
5.1984.H,5.1984,H,1,test,train,Por que o eletricista ficou louco quando viu seu carro? Porque viu o Fio Rino 
5.3988.H,5.3988,H,1,test,train,"Qual o objetivo das empresas do Faustão? O lucro, bixo!"
5.2593.H,5.2593,H,1,test,validation,Por que a pessoa com problema estomacal chorava ao peidar? Porque era Gás Triste.
5.1132.N,5.1132,N,0,test,train,Por que a compradora sempre ficava feliz na joalheria? Porque ela ai na vivara.
5.2420.H,5.2420,H,1,test,test,Qual é a revista favorita dos pintores? Toda Teenta.
5.1636.H,5.1636,H,1,test,train,Por que o dono do canil escreveu uma carta para seus cachorros? Porque ele sabe que o Rotweiller.
5.3262.H,5.3262,H,1,test,validation,Por que todo corno alcança seus objetivos? Por causa da lei da traição.
4.548.N,4.548,N,0,test,train,Alguma vez viram um surdo com um sixpack? É um surdo.
4.91.H,4.91,H,1,test,train,O que diz uma aranha carente? Arac-need-you!
4.244.N,4.244,N,0,test,train,O Tom Cruise está à frente dum urinol durante duas horas . Qual é o filme? Missão Impossível.
5.3639.H,5.3639,H,1,test,test,"Qual poção você toma e desapega, desapega? O elixir."
5.2343.N,5.2343,N,0,test,train,Qual jornalista esportivo é ainda adolescente? Dudu Camargo.
5.3967.H,5.3967,H,1,test,test,Qual o candidado favorito do Cerveró? Cabo DesceoOlho.
4.408.H,4.408,H,1,test,train,Qual é o melhor ar para curar doenças? O ar comprimido.
4.86.H,4.86,H,1,test,test,O que é que os espelhos fazem no dia antes das eleições? Refletem em quem vão votar.
5.2849.N,5.2849,N,0,test,train,Apresentadora que dorme muito? Fátima Bernardes
5.2125.H,5.2125,H,1,test,train,O que o rapaz fez com as fotos que tirou no ano novo? Reveillou 
4.79.H,4.79,H,1,test,train,O que é uma búzia? São doze búzios.
4.279.N,4.279,N,0,test,train,Hoje preguei um susto a um grupo de tartarugas . Ficaram todos assustados.
5.577.N,5.577,N,0,test,train,O que o roqueiro disse quando o pagodeiro pediu para entrar na banda? Pode tirar o cavalinho da chuva!
5.966.N,5.966,N,0,test,train,Qual diretor famoso roubava as bolsas dos atores? Ryan Coogler.
5.2189.H,5.2189,H,1,test,train,Quem é a cantora que trabalha com transporte público nos Estados Unidos? Van USA 
5.207.N,5.207,N,0,test,train,Qual é a doença transmitida pelo ratinho ladrão? Leptospirose.
5.476.H,5.476,H,1,test,validation,"Por que a Pepsi é inteligente e a Coca burra? Porque a Pepsi estuda e a Coca, cola."
4.320.H,4.320,H,1,test,train,Porque é que a equipa de futebol tem saudades do jogador que foi expulso? Porque é o que faz mais falta.
5.3128.N,5.3128,N,0,test,train,Celular que só funciona em praia de nudismo? Nokia.
5.1566.H,5.1566,H,1,test,test,O que o corredor come para parar de correr? Castanha do Para.
5.2629.H,5.2629,H,1,test,train,Qual o comediante que tá sempre te mandando ir embora? Paulinho GoGo.
5.2349.H,5.2349,H,1,test,train,Qual é o esporte preferido pelos gaúchos? Bahsquete.
5.568.H,5.568,H,1,test,validation,Qual o cão farejador mais famoso? Fábio Assuncão.
5.566.H,5.566,H,1,test,train,Qual ator nunca fica pelado? Siveste Stallone.
4.539.H,4.539,H,1,test,train,"Será que os meus amigos vão passar férias a países do médio oriente? Uns, Irão. Os outros, Paquistão."
5.2984.H,5.2984,H,1,test,train,Que cantor vive sofrendo? Paulo Ricárduo.
5.808.N,5.808,N,0,test,train,Por que o caminhão só andava com as rodas de trás? Porque ele gostava de empinar.
4.118.H,4.118,H,1,test,train,Como é que se faz azeite virgem num restaurante? Com as azeitonas que não foram comidas
5.3596.H,5.3596,H,1,test,train,Qual cidade Boliviana em que as pessoas não andam direito? Cocha Bamba.
5.2727.H,5.2727,H,1,test,train,Por que anjos adoram feijão? Porque são quero beans
5.2019.H,5.2019,H,1,test,validation,Qual é a parte do olho que é mais agitada? A popilha 
5.1494.H,5.1494,H,1,test,train,O cara saiu do banho e apareceu na sala cheio de gente. O que sua mãe lhe falou? Seque sem ser vulgar.
5.894.H,5.894,H,1,test,test,Qual dieta você encontra numa concessionária? Páleo.
5.3370.N,5.3370,N,0,test,validation,"Qual ator é a junção de um tigre, um super-herói e um cantor? Lion."
5.3599.N,5.3599,N,0,test,train,Qual a diferença entre um literalista e um cleptomaníaco? É que um lê e o outro furta.
5.3659.N,5.3659,N,0,test,validation,Qual integrante dos Castro Brothers gosta de te estudar na língua culta? Matheus Castro
5.2443.H,5.2443,H,1,test,train,Qual o tipo de conexão que não funciona no elevador? Internet de escada.
4.559.N,4.559,N,0,test,test,Porque é que os conspiracionistas não usam o Google Chrome? Porque não podem aceitar cookies.
5.2415.N,5.2415,N,0,test,train,Qual é a cidade que quer converter um instrumento musical? Itaquaquecetuba.
5.771.N,5.771,N,0,test,train,Por que a ideia ficou cansada depois da reforma? Porque perdeu o acento.
4.300.N,4.300,N,0,test,train,O que está entre os olhos? O nariz.
5.1461.H,5.1461,H,1,test,train,Qual o carro favorito do fotógrafo? Focus.
4.571.N,4.571,N,0,test,train,"Porque é que o semáforo ficou encarnado? Tu também ficarias, se tivesses de te esfolar no meio da rua"
5.2632.H,5.2632,H,1,test,train,Qual vilão de cinema gosta de chocolate? Dark Vader.
5.2210.N,5.2210,N,0,test,train,Qual é o filme dirigido por Jordan Peele e Sérgio Mallandro? ET!
5.694.H,5.694,H,1,test,train,Qual cantora espirra muito? Atchimna Turner.
4.533.N,4.533,N,0,test,train,Porque é que os políticos são tão ricos? É fruto do seu trabalho.
5.517.N,5.517,N,0,test,train,Por que quem tem os dois pés chatos vai para a Hanna Barbera? Pra ficar com o Jetsons.
5.566.N,5.566,N,0,test,train,Qual ator nunca fica pelado? Silvester Stallone.
5.2464.H,5.2464,H,1,test,validation,Você sabe por que as pessoas usam óculos vermelhos? Para ver melhor.
4.307.N,4.307,N,0,test,validation,Quanto tempo demora um gelado a derreter? Cerca de um quarto de hora.
4.393.N,4.393,N,0,test,train,Catita . É uma palavra que fica no ouvido.
5.743.H,5.743,H,1,test,validation,"Como se chamava o camponês que era forçado por um nobre a perseguir um ex-vocalista da Banda Eva? Vá, Saulo."
5.2118.H,5.2118,H,1,test,train,Por que o rapaz jogou a mulher no forno na hora do sexo? Porque ela era Assado Masoquista
5.1083.H,5.1083,H,1,test,train,Qual a dança de rua é a mais famosa?  Lombada.
5.2915.N,5.2915,N,0,test,train,Qual é a festa favorita dos árbitros? Festa Junina
5.2217.N,5.2217,N,0,test,train,Que terapeuta bebe todo dia? Psicólogo
4.210.H,4.210,H,1,test,train,Qual é o cantor preferido dos gelados? Adam Lamber-t.
5.1193.H,5.1193,H,1,test,train,Qual a sandália usada no exército? Melíssia.
5.815.N,5.815,N,0,test,train,Qual verdura concorda com tudo? Alface.
4.476.H,4.476,H,1,test,train,"Uma freira tinha de pôr supositórios em três bebés. Meteu no primeiro, mas depois foi atender o telefone e esqueceu-se em qual tinha posto. Qual o nome da freira? Madre Teresa de Cal-cu-tá."
4.61.N,4.61,N,0,test,train,Uma mulher manda-se dum prédio e acerta num homem que ia a passar . Qual é o filme? Vertigo.
5.2831.H,5.2831,H,1,test,validation,Qual médico iludia pacientes? Dráuzio Balela
5.1587.N,5.1587,N,0,test,train,Qual é a profissão do homem aranha? Herói.
5.563.N,5.563,N,0,test,train,Porque o Karl Marx ficou irritado quando atendeu o telefone? Era um golpe.
5.1851.N,5.1851,N,0,test,train,O que a pessoa cheia de fé passa quando tem um machucado? Spray.
5.795.N,5.795,N,0,test,train,Qual é o cachorro mais depressivo que existe? É o deprimido.
5.3721.H,5.3721,H,1,test,train,qual jornalista sempre levava bebidas pros colegas? Carlos Trazvontila 
5.867.H,5.867,H,1,test,test,Qual a bebida preferida dos caminhoneiros? Velho Barreira.
5.2082.N,5.2082,N,0,test,train,Qual é o compositor mais jovem? Mozart
5.282.H,5.282,H,1,test,test,Qual banda só tem integrantes que trocaram de sexo? Titrans.
4.491.H,4.491,H,1,test,train,Não há muitos elefantes em Moçambique. Mas no Zimbabué.
5.1929.N,5.1929,N,0,test,test,Qual joalheria não usa gasolina? Vivara.
5.3257.N,5.3257,N,0,test,train,Qual o veículo do gay misterioso? Bisecreta.
5.2629.N,5.2629,N,0,test,train,Qual o comediante que tá sempre te mandando ir embora? Paulinho Serra.
5.3748.N,5.3748,N,0,test,train,Qual o nome do ator que não faz nada além da obrigação? Rodrigo Santoro
5.1172.N,5.1172,N,0,test,train,Como foi que o Seu Siriguejo morreu? Fazendo diet low crab.
5.3125.N,5.3125,N,0,test,train,"O homem foi lavar mão e explodiu, por quê? Por causa do sabonete."
2.2.N,2.2,N,0,test,train,Quem há de nos salvar da hipotenusa? O Batman.
4.661.H,4.661,H,1,test,validation,Para onde vão os perus que têm frio? Para o i-glu.
5.2462.H,5.2462,H,1,test,test,"Quando o Pica-Pau vai ao supermercado, o que ele geralmente faz? Ele pede pano."
5.1070.H,5.1070,H,1,test,validation,Qual pagodeiro é todo enrolado??? Múmiazinho.
5.3282.H,5.3282,H,1,test,train,Qual atriz está em um app de relacionamento? Natália Tinder.
5.2253.H,5.2253,H,1,test,train,Doce preferido dos gatos quando estão no cio? Clit cat 
5.393.H,5.393,H,1,test,train,Qual apresentador tinha um pequeno sítio? Chacarinha
5.3536.N,5.3536,N,0,test,train,Em que o rapaz investiu para manter a forma? Agronegócio.
4.751.N,4.751,N,0,test,test,"Como correu a primeira final de sempre da Liga dos Campeões com patos? Foi bem disputada, cheia de craques da bola e acabou com a vitória do  Real Madrid."
5.3086.N,5.3086,N,0,test,train,Qual o nome do filho do Mc Kevinho? Marcelo.
4.447.H,4.447,H,1,test,train,Para que é que se plantam garfos? Para depois colher.
5.2595.N,5.2595,N,0,test,validation,Qual animal que gosta muito de você? Cachorro.
5.3752.H,5.3752,H,1,test,train,Jogador do Rio que também é funileiro? Martelinho Carioca
5.2212.N,5.2212,N,0,test,validation,"Qual é o filme do número primo, estrelado pela Emma Watson? A Bela e a Fera."
5.1472.N,5.1472,N,0,test,validation,Qual o melhor pote da cozinha? O de arroz.
5.54.H,5.54,H,1,test,train,Qual é o personagem histórico que fui eu que indiquei? Pero Vaz de indica minha.
5.679.N,5.679,N,0,test,test,Qual é a atriz mais fria da Globo? Nenhuma.
4.434.H,4.434,H,1,test,validation,Para onde vão os dentistas quando morrem? Para o céu da boca.
5.1570.N,5.1570,N,0,test,test,"Uma pessoa com o apelido Lu, foi para a padaria com suas duas irmãs Ana . Qual o nome da pessoa? Luciana"
5.1071.N,5.1071,N,0,test,train,Qual refrigerante predileto dos juízes? Coca-Cola.
5.395.H,5.395,H,1,test,train,De onde vem o sentimento mais planejado que existe? Do fundo decoração.
5.1765.H,5.1765,H,1,test,train,"Se o nome da franquia fosse Bar Cry, qual seria o drink mais consumido? Coquetel molotov."
4.573.N,4.573,N,0,test,test,Porque é que os cemitérios têm paredes? Porque as pessoas estão lá dentro.
5.150.H,5.150,H,1,test,train,"Qual a expressão que hora é de uma pessoa, hora é de todo mundo? Minha Nossa."
4.198.N,4.198,N,0,test,test,"Porque é que a febre tifóide é tão perigosa? Porque ou tu a curas, ou ela agrava-se mesmo."
5.3310.N,5.3310,N,0,test,train,Qual o cão que joga basquete? Pluto.
5.868.N,5.868,N,0,test,train,Por que o oftamologista foi pra Disney? Pra comprar minnie eye-pads.
5.2046.N,5.2046,N,0,test,train,Por que o responsável não compra nas Casas Bahia? Porque não gasta dinheiro em carnês
5.1620.N,5.1620,N,0,test,train,Qual é a comida que quase tirou nota dez? Lasanha.
5.3958.H,5.3958,H,1,test,train,Qual o esporte favorito dos escoceses? Whisky na neve.
5.4102.H,5.4102,H,1,test,test,Qual a quantia que te pagam e vc fica ofendido? Humilhão.
4.622.H,4.622,H,1,test,train,Que tamanho de roupa vestem as videntes? Tamanho médium.
5.2967.N,5.2967,N,0,test,train,Qual a carreira que causa dor e depressão? Ai triste!
5.2712.H,5.2712,H,1,test,train,Por que o mineiro não tropeça mais nos fios em casa? Porque é tudo uaireless.
5.2341.N,5.2341,N,0,test,train,Qual meia da seleção joga na posição que o técnico preferir? Renato Augusto.
4.184.H,4.184,H,1,test,validation,O que é que uma hiena diz quando chega ao topo do Monte Kilimanjaro? Hiena pá!
5.3552.N,5.3552,N,0,test,train,Qual cachorro que não gosta de boneca? Dálmata.
4.168.N,4.168,N,0,test,train,"Tenho uma amiga que nem é quente, nem é fria . É a Maria."
5.1573.N,5.1573,N,0,test,train,Qual banda não está bem? Banda Calypso.
4.219.H,4.219,H,1,test,test,"Como é que se diz ""chuveiro"" em alemão? Götaskæm."
5.2312.H,5.2312,H,1,test,train,Qual é o nome da banda favorita das pessoas cansadas? Exausta samba
5.3267.H,5.3267,H,1,test,train,Qual produto de limpeza uso no jardim? Poli Flor.
4.625.N,4.625,N,0,test,train,O que é um indivíduo numa poça de lama? Uma pessoa.
5.864.H,5.864,H,1,test,train,Por que é tão difícil fazer piadas sobre ácidos? Porque é um tema nada básico.
4.285.H,4.285,H,1,test,train,Chumbei no exame de medicina gastrointestinal. Não estudei uma peida.
5.447.N,5.447,N,0,test,train,"Por que o pintor não salvou as pessoas em perigo nem aqui, nem lá? Porque ele é o Michelangelo."
4.357.H,4.357,H,1,test,test,"Era uma vez um gajo que comia tantas belgas, mas tantas belgas, que um dia ficou com o intestino belgado."
4.36.H,4.36,H,1,test,train,Uma loira viu um jogo de futebol que acabou 1-0. Qual foi o seu jogador preferido? O Vidoso. Porque o golo foi do Vidoso.
5.1869.H,5.1869,H,1,test,train,Que parte do corpo cuida das coisas? To no zelo
5.41.N,5.41,N,0,test,validation,Qual cantora brasileira só cria galinha? Ivete.
5.635.H,5.635,H,1,test,train,Qual é o policial que não gosta de gente com boca suja? Guarda napo.
4.654.N,4.654,N,0,test,train,Onde é que os cães fazem compras? Na feira da lata.
4.288.N,4.288,N,0,test,test,Um homem foi apanhado a roubar um carro . Apanhou 12 meses.
5.1819.N,5.1819,N,0,test,train,Por que não tinha nenhum outro animal na ilha dos macacos? Porque ele briga.
5.2998.H,5.2998,H,1,test,train,Qual é o cosmético que nunca consegue terminar de explicar uma localização? É lá que...
4.356.N,4.356,N,0,test,train,O Rodolfo adoeceu e o Pai Natal não vai conseguir entregar as prendas . Teve uma insuficiência cardíaca .
4.642.N,4.642,N,0,test,train,O que acontece quando uma vegan entorna a comida? Fica toda suja.
5.4082.N,5.4082,N,0,test,train,Qual papelaria fala mal de você? Kalunga.
5.275.H,5.275,H,1,test,test,Por que está chovendo na faculdade? Porque as nuvens estão se formando.
5.130.N,5.130,N,0,test,train,Qual rua de São Paulo sofre frequentemente do mesmo mal súbito? Vinte e Três De Maio.
5.1625.N,5.1625,N,0,test,train,Qual é o maior cantor do mundo? Marilyn Manson.
5.3593.H,5.3593,H,1,test,train,"Que ator é cremador de manicômio, mas vive fazendo trapalhada? Fábio assa um são."
4.597.N,4.597,N,0,test,train,Onde é que os apreciadores de pão-de-ló costumam ir nas férias? Ovar.
4.262.H,4.262,H,1,test,train,Que nome se dá a um pássaro aleijado? Comdor.
5.67.N,5.67,N,0,test,train,Qual é a parte da célula que ninguém suporta? Retículo Endoplasmático.
5.1357.N,5.1357,N,0,test,test,Por que a atriz ganhou o Oscar? Porque ela fez o melhor papel.
5.211.N,5.211,N,0,test,train,Qual é o urso que muda de opinião toda hora? Urso Pandas.
3.3.N,3.3,N,0,test,train,Por que um policial estava interrogando um saco de cimento? Porque ele queria informações verdadeiras.
5.3192.H,5.3192,H,1,test,train,Qual personagem de desenho que não tem pinto? Pica pado.
5.2230.N,5.2230,N,0,test,test,Qual raça de cachorro assumia quando bebia muito? o poodle
5.1678.N,5.1678,N,0,test,test,Quem foi a primeira pessoa que comprou um apartamento na planta? O Roberto.
5.196.N,5.196,N,0,test,train,Qual é o lugar que vem depois do além? O espaço.
5.4091.N,5.4091,N,0,test,train,Qual fruta favorita do bode? Jabuticaba.
5.3685.N,5.3685,N,0,test,test,Qual chefe que não consulta livro de receitas? O Chefe de cozinha.
4.215.N,4.215,N,0,test,test,O que diz a mãe quando vai por o filho à escola? Lá vai o meu rebento ...
5.2857.H,5.2857,H,1,test,train,Que carro você entrega na concessionária assim que retira? The Volvo 
4.316.N,4.316,N,0,test,train,Como é que os sapateiros entram nas piscinas? Fazem um mergulho.
4.430.N,4.430,N,0,test,validation,O que diz um empregado para o outro? Vamos mas é trabalhar que o patrão está teso.
5.651.H,5.651,H,1,test,train,Qual ator de Hollywood tem a melhor mira do mundo? O Wesley Sniper.
5.1806.H,5.1806,H,1,test,train,Qual é a música preferida do cabeleireiro? Mona alisa
5.1118.H,5.1118,H,1,test,test,"Qual o quadro composto por um homem gay, afeminado e sem dinheiro? A Mona Lisa."
4.130.N,4.130,N,0,test,train,Qual é a parte do corpo mais leve? É o fio de cabelo.
5.1926.N,5.1926,N,0,test,train,O que o Cebolinha falou pro médico quando se acidentou numa hélice? Está doendo.
5.970.H,5.970,H,1,test,train,Qual é a parte do corpo que mais se precipita?  Chuvaco.
5.903.N,5.903,N,0,test,train,Qual é o banco abençoado? Igreja.
5.1970.N,5.1970,N,0,test,train,Qual espécie extinta caiu numa cilada? Dinossauros.
4.691.H,4.691,H,1,test,train,"Até vos contava uma piada sobre força, mas é fraquinha."
5.3946.N,5.3946,N,0,test,test,O quê o seu Madruga usa pra tomar banho? A bucha.
4.195.N,4.195,N,0,test,train,De onde vem a lã boa? Das ovelhas feias.
4.528.H,4.528,H,1,test,train,Como é que os professores de matemática se mantêm em forma? Com Geometria.
5.1895.H,5.1895,H,1,test,train,O que o ginecologista diz quando tem uma grande ideia? Pereureka! 
5.3490.H,5.3490,H,1,test,train,Qual hotel se hospedavam os Beatles? Let Ibis.
5.3133.H,5.3133,H,1,test,train,O que aconteceu com o rapaz que não pagou a conta ? Ficou TrancaFiado.
5.1458.H,5.1458,H,1,test,test,Qual o nome do ditador surdo? Sadam Russ.. hein!?
5.1601.H,5.1601,H,1,test,train,Qual filme conta a história do filho do Shrek? Ogrito.
5.897.N,5.897,N,0,test,train,O que um japonês foi fazer na feira? Comprar frutas.
4.714.N,4.714,N,0,test,train,Porque é que Jesus nunca ganhou a Euromilhões? Porque só Escreveu uma cruz.
5.521.H,5.521,H,1,test,train,Qual ator que peida tão alto que ressoa? Francisco Cu Oco.
5.1380.H,5.1380,H,1,test,test,O que o bêbado falou no bar? Chama os desempregados que hoje eu vou dar trabalho.
5.120.N,5.120,N,0,test,train,Qual é o lugar do mundo cujas pessoas são viciadas em academia? Japão.
4.233.N,4.233,N,0,test,validation,As aulas de português são como as de história . O homo sapiens escreve e o professor dita.
4.310.H,4.310,H,1,test,test,O que é que o Quim Barreiros faz antes de andar de avião? O check-Quim.
5.880.N,5.880,N,0,test,validation,Por que meu irmão se casou com uma moeda? Para ser casado.
5.2967.H,5.2967,H,1,test,test,Qual a doença que causa dor e depressão? Ai triste!
5.633.N,5.633,N,0,test,train,Quais vilões se preocupam mais com as poses para foto do que com o destino do seu planeta? Os Tumblrcats.
5.3342.H,5.3342,H,1,test,train,Qual o nervo que tem uma loja? O nervo C&A tico.
5.3718.H,5.3718,H,1,test,train,Qual atriz está em um app de relacionameto? Nathalia Tinder
5.681.N,5.681,N,0,test,test,Qual matéria da escola pode machucar? Matemática.
4.82.H,4.82,H,1,test,test,O que é um ponto rosa no chão? Uma gaynha.
4.93.H,4.93,H,1,test,train,Porque é que no Iraque só existem hotéis em meia-pensão? Porque a outra metade foi com o caralho.
5.714.N,5.714,N,0,test,test,Qual o cantor que cheira toda a cocaína que trouxeram? Zeca pagodinho.
5.2893.N,5.2893,N,0,test,test,Qual dupla canta a meia luz? Zezé de Camargo e Luciano
5.3854.N,5.3854,N,0,test,train,Qual a banda que impulsa o sucesso de qualquer outra? Parabandas do Sucesso.
4.588.H,4.588,H,1,test,validation,"Estão dois patos a atravessar a estrada. De repende um cai, vira-se o outro: Ahah caíste que nem um patinho"
5.2641.N,5.2641,N,0,test,train,Qual o lutador de UFC mais intenso? Bruno.
5.1245.H,5.1245,H,1,test,train,Por que a ovelha gosta de salgadinhos? Porque ela Éuma Sheeps.
5.2481.H,5.2481,H,1,test,train,Qual é o rio mais azedo do Brasil? Solimões.
4.83.N,4.83,N,0,test,train,O que é uma roubalheira? É o ato de roubar uma casa.
4.465.N,4.465,N,0,test,train,O que recebe um filho quando tem boas notas? Uma mesada . E quando tem más notas? Uma explicação.
5.1046.N,5.1046,N,0,test,test,Qual o canal para fumantes infantis? Discovery Kids.
5.2478.H,5.2478,H,1,test,validation,Por que o cachorro do Cebolinha sempre vê musicais? Porque ele pede Glee.
5.3480.H,5.3480,H,1,test,test,Qual axé mais fácil de tocar? Mi Lá.
5.1102.N,5.1102,N,0,test,train,O que é um cereal de milho com açucar? Corn flakes.
5.2196.N,5.2196,N,0,test,train,Qual é o Personagem histórico favorito do português? Pedro Álvares Cabral
5.2397.N,5.2397,N,0,test,test,Qual o Podcast favorito desse canal? NLP - Data Hackers.
5.2592.N,5.2592,N,0,test,test,Qual a composição do peido do Papa? 100% metano.
5.2513.H,5.2513,H,1,test,train,Por que é recomendável ficar pelado em um tiroteiro? Para não levar tiro à queima-roupa.
4.31.H,4.31,H,1,test,train,Todos os dias o meu cão foge da casota e todos os dias o vou lá prender. Pode-se dizer que o meu cão é presi-diário.
5.92.H,5.92,H,1,test,train,Qual o parente que não serve pra nada? Inú tio.
3.5.H,3.5,H,1,test,train,Qual é o nome do profissional que pinta carros em inglês? Car-pinteiro.
5.3489.N,5.3489,N,0,test,train,O que o cara fez depois que rasgou a esposa cinco vezes? Apelou pra Quinta Emenda.
5.2183.H,5.2183,H,1,test,train,Qual é a hortaliça que faz sucesso no norte e nordeste? Cebola Arroxa 
4.692.H,4.692,H,1,test,validation,"Até vos contava uma piada sobre água, mas é seca."
5.465.H,5.465,H,1,test,train,Qual estado brasileiro mais toma refrigerante? Fanta Catarina.
5.2786.N,5.2786,N,0,test,train,Por que o oncologista fica triste quando seus clientes desistem do tratamento? Por causa da política do tratamento.
5.2224.H,5.2224,H,1,test,train,Como a cobra conseguiu um trabalho? Mandando Sucurriculum 
4.439.N,4.439,N,0,test,train,"Como é que o Einstein faz uma pizza? Com massa, tomate e queijo."
5.3603.N,5.3603,N,0,test,train,Que escritora homenageou o negão do whatsapp? Cora Coralina.
5.3072.H,5.3072,H,1,test,test,Como se chama o ato da pessoa crescer na vida por tem um bocão ? Beiçocedida.
4.586.H,4.586,H,1,test,train,Porque é que as aulas da professora vesga são sempre uma balbúrdia? Porque ela tem dificuldade em controlar as suas pupilas.
5.429.N,5.429,N,0,test,train,Qual o chocolate que dá mais energia? Serenata de amor.
5.2255.N,5.2255,N,0,test,train,Qual é o doce preferido do advogado gaúcho? Doce de leite
5.1546.N,5.1546,N,0,test,train,Qual o nome do elefante que comete pequenos delitos? O Dumbo.
4.486.H,4.486,H,1,test,train,"Vira-se um computador grande para o pequeno: Olha só para ti, tão pequeno e já computas."
5.1035.N,5.1035,N,0,test,train,Qual animal usa calça de cintura baixa? A capivara
4.45.N,4.45,N,0,test,train,Porque é que o João teve 20 a tudo? Porque ele é um aluno brilhante.
5.432.N,5.432,N,0,test,train,Por que o passarinho perdeu os movimentos? Porque ele teve um derrame.
4.404.H,4.404,H,1,test,train,O que são duas cenouras a discutir? Poluição cenora.
5.1093.N,5.1093,N,0,test,train,Qual doença que todos filósofos têm? Gripe.
5.2956.H,5.2956,H,1,test,train,Qual é o seriado mexicano sobre um chinês tomando chá? Chá po Lin. 
5.2227.H,5.2227,H,1,test,train,Por que o japonês jogou o Tony Ramos na sopa? Porque tempero 
5.766.H,5.766,H,1,test,test,Qual o bairro de SP favorito do Schwarzenegger?  A Bela Vista Baby.
5.2452.N,5.2452,N,0,test,test,Qual é o salgado muito bom que não deixa ninguem transar? Croquete.
4.521.N,4.521,N,0,test,train,Eu não sou supersticioso . Sou só um pouco inseguro.
5.3508.N,5.3508,N,0,test,train,Qual rapper é também um ótimo detetive? Djonga.
5.2594.H,5.2594,H,1,test,train,Como se referiam a Jesus quando ele ficava bravo? INRItado.
5.593.H,5.593,H,1,test,train,Qual filme revela que nem todas as letras são pesadas?  A insustentável leveza do C.
5.1777.H,5.1777,H,1,test,train,Qual cantor romântico adora jogar Far Cry? Armado Batista.
5.349.H,5.349,H,1,test,test,Qual o militar mais romântico que já existiu? Marechal Te Adoro da Fonseca
4.207.N,4.207,N,0,test,test,O meu médico disse-me que tinha uma infecção . Foi uma notícia bastante difícil de engolir.
5.326.N,5.326,N,0,test,train,Qual é a banda de rock que mais faz sucesso no terreiro? Ramones
5.1602.N,5.1602,N,0,test,test,Qual é a novela em que Antônio Fagundes faz uso de entorpecentes? O Rei Do Gado.
2.7.N,2.7,N,0,test,train,Por que o espanador não luta caratê? Porque ele já luta Jiu Jitsu.
5.208.H,5.208,H,1,test,train,Por que as pistas de corridas com obstáculos são perigosas? Porque há salto.
5.1966.N,5.1966,N,0,test,test,Qual a banda que toca domingo à tarde no SBT? Paralamas do Só Celso.
5.3127.H,5.3127,H,1,test,train,Qual programa onde você fala com um carro? Conversa Kombi al.
5.2121.N,5.2121,N,0,test,train,Qual o nome do hotel que não é meu? Hilton
4.271.H,4.271,H,1,test,validation,Já disse ao meu filho que devia comer mais arroz. Mas ele rice disso.
5.1905.H,5.1905,H,1,test,train,Quem era o principal cavaleiro da távola redonda? Sir Cunferência 
5.1815.H,5.1815,H,1,test,validation,Qual é o animal mais fresco que existe? Jumenta
5.1137.N,5.1137,N,0,test,train,Por que a escova saiu se arrastando pelo chão? Porque ela quer ser vassoura.
5.2225.N,5.2225,N,0,test,train,Por que a mulher chorou muito quando roubaram uma de suas joias? Porque foi uma pedra preciosa
5.1904.N,5.1904,N,0,test,train,Qual a cidade com mais descargas elétricas? São Paulo.
5.3733.H,5.3733,H,1,test,train,Qual é o esporte de praia que deixa a bola bêbada? Altinha.
5.354.H,5.354,H,1,test,train,Por que Cuba foi na festa dos países? Pra socializar.
4.631.N,4.631,N,0,test,train,Que nome se dá a uma aranha a comer outra aranha? Canibalismo.
4.313.N,4.313,N,0,test,train,Já abriu a nova discoteca . Chama-se Barracão.
5.1056.H,5.1056,H,1,test,train,Por que a cachorra modernista não latiu? Porque ela Tarsilambendo.
5.192.H,5.192,H,1,test,test,"Qual é o nome do grupo que toca música de macumba, mas só tem um integrante? Legião Umbanda."
5.135.N,5.135,N,0,test,train,O que deixa a mãe feliz quando feito por seu vizinho mas é uma complicação se acontece com ela? Quando OB desce.
5.207.H,5.207,H,1,test,train,Qual é a doença transmitida pelo ratinho ladrão? Cleptospirose.
5.3193.N,5.3193,N,0,test,train,Qual o torneio favorito do Cascão? Copa do Mundo.
5.2444.H,5.2444,H,1,test,validation,O que é um kibe sem orelha? É um kibe surdo.
5.1492.N,5.1492,N,0,test,train,Por que o cowboy largou tudo para trabalhar na KGB? Porque ele era um espião.
4.109.H,4.109,H,1,test,train,Que nome se dá a um cão que vai à missa? Cachorro crente.
5.762.H,5.762,H,1,test,train,O que se usa pra aumentar os cílios? Cílio-cone.
4.98.H,4.98,H,1,test,train,O que é um ponto amarelo no trânsito? É uma limãosine.
5.810.H,5.810,H,1,test,train,Por que quando você reclamou eles nunca responderam? Porque eram lentos de contato.
4.561.N,4.561,N,0,test,train,Que nome se dá a um grupo de vacas de férias em Espanha? Manada.
5.3002.H,5.3002,H,1,test,train,Qual personagem da Disney já morou em Hogwarts? Dumbodore.
5.1732.H,5.1732,H,1,test,train,Por que algumas pessoas não ficavam acordadas de madrugada pra ver as Olimpíadas? Por medo do espírito olímpico
5.675.H,5.675,H,1,test,test,Qual é o filtro que você não pode usar nas fotos tiradas na rua? Filtro Só Lar.
4.484.H,4.484,H,1,test,train,"Um homem subiu à Torre Eiffel, bebeu um sumo e mandou-se. Qual é o filme? O Último Tang em Paris."
5.2200.H,5.2200,H,1,test,train,Qual é o filme favorito da cabra? A bruxa de béé
5.1173.N,5.1173,N,0,test,train,Qual o livro que conta a história dos imigrantes do sertão??? O quinze.
5.750.N,5.750,N,0,test,train,Qual marca de automóvel é a mais atlética? O Fiat.
2.3.N,2.3,N,0,test,train,Qual o contrário de papelada? Ausência de papéis.
4.707.N,4.707,N,0,test,train,Onde é que a andorinha dá o iogurte aos filhotes? No ninho.
5.3385.N,5.3385,N,0,test,test,Qual atriz tá com o demônio no corpo? Zezé Polessa.
5.646.H,5.646,H,1,test,train,Qual a brincadeira inventada por dois nobres aposentados? Ex-conde ex-conde.
5.3726.H,5.3726,H,1,test,train,Qual humorista não usa microfone de mão? Helio de Lapela
5.728.H,5.728,H,1,test,train,"Qual é o nome da doença que acomete vítimas de sequestro que não têm espelho no cativeiro? Síndrome de ""ESTOU COMO?"""
4.88.H,4.88,H,1,test,test,Fiz uma música sobre uma tortilha. É um wrap.
5.772.H,5.772,H,1,test,train,Onde o policial budista faz compras? No Arma Zen.
5.851.H,5.851,H,1,test,train,Qual cartão é usado para pagar desenhistas? Cartoon de Crédito.
5.3762.H,5.3762,H,1,test,train,Qual é o jogador de futebol que sempre se protege do sol? Frank de Boné 
4.690.N,4.690,N,0,test,train,"Até vos contava uma piada sobre eletrecidade, mas é demasiado picante."
5.1727.H,5.1727,H,1,test,validation,Qual a primeira personagem de desenho animado que virou policial? Betty Bope
5.83.H,5.83,H,1,test,train,Qual é o animal que mais sofre com enfermidades? O condor.
5.441.H,5.441,H,1,test,train,Por que todo fã de Nirvana também gosta do Jorge Ben Jor? Porque fã de Nirvana Curte com Ben.
5.3587.N,5.3587,N,0,test,train,Qual o jogo que o Mussum inventou? Forca . Porque seria muita treta jogar.
5.385.N,5.385,N,0,test,train,Qual gênero literário não pode ter filhos? Terror.
5.3718.N,5.3718,N,0,test,validation,Qual atriz está em um app de relacionameto? Bruna Marquezine
5.4015.H,5.4015,H,1,test,validation,Qual o livro infantil que só tem macarrão e alho? Onde está o óleo.
5.3519.N,5.3519,N,0,test,train,Qual o país comunista sempre limpinho? Faxchina.
5.201.H,5.201,H,1,test,train,"Qual é o cantor que, se multiplicar por dois, vira ator de filme pornô? Marcelo D2. Se multiplicar por dois, vira Marcelo D4."
5.1641.H,5.1641,H,1,test,train,Qual é a cidade que tem um monte de patos? Jeri Quá-Quara.
5.1362.N,5.1362,N,0,test,train,Uma moça usava um grampo que começou a enferrujar . Ela pediu pra uma costureira o forrar . Qual é o nome do pedido? Forra este Grampo.
4.597.H,4.597,H,1,test,train,Onde é que os árbitros costumam ir nas férias? Ovar.
5.2178.N,5.2178,N,0,test,train,Qual o presidente que adora assistir animes? Fernando Henrique
5.2578.N,5.2578,N,0,test,train,Qual o programa favorito dos gaúchos? Faustão.
5.689.H,5.689,H,1,test,train,Qual bala dá prêmios? Hallspadinha.
5.4043.H,5.4043,H,1,test,train,Qual cidade baiana as religiosas tem pacto com o diabo? Freira de Satanás.
5.689.N,5.689,N,0,test,train,Qual bala dá prêmios? Perdida.
5.3936.H,5.3936,H,1,test,train,Qual grupo de gordos ganhava todas as corridas? Fast Family.
5.3860.H,5.3860,H,1,test,test,"Qual o animal mais importante pro Tim Maia? O lêmure. Porque do lêmure ao pontal, não há nada igual."
5.3395.N,5.3395,N,0,test,test,Qual o remédio que te convence a pedir um carro pra vc se deslocar? Dipirona.
4.137.N,4.137,N,0,test,train,"Como é que se diz "" obrigado "" em indiano? धन्यवाद."
4.485.N,4.485,N,0,test,train,Há duas formas de os deputados saírem do parlamento: Há com boleia e há sem boleia.
5.1588.N,5.1588,N,0,test,train,O que é um gordinho subindo pra cima? Pleonasmo
5.2829.N,5.2829,N,0,test,train,O que o padre deixou de garantia na loja de penhor? A imagem de nossa senhora
5.1076.H,5.1076,H,1,test,train,Onde a gente baixa um espírito no computador? Na LAN Kardec.
4.354.N,4.354,N,0,test,train,Qual é o chá preferido do Pai Natal? É o chá verde.
5.3512.N,5.3512,N,0,test,train,Qual o meio de transporte que é um vegetal americano? Onionbus.
4.740.H,4.740,H,1,test,test,O que diz um mineiro antes de usar a picareta? Cavai disto!
5.1598.H,5.1598,H,1,test,train,Qual é o animal que voa no deserto? Dronedário.
5.1444.N,5.1444,N,0,test,train,Como eu sabia que a gasolina era batizada? Por que quem me atendeu era um frentista.
4.422.H,4.422,H,1,test,train,Onde é que se fazem mais operações para remover o apêndice? Na apendi city.
5.2986.H,5.2986,H,1,test,validation,Qual microorganismo que é voyeur? Ví-los.
4.394.H,4.394,H,1,test,train,Porque é que os elefantes não praticam boxe? Porque têm medo de levar nas trombas.
5.2310.H,5.2310,H,1,test,train,Qual pessoa sempre cria caso por nada durante o casamento? Draminha de Honra
4.232.N,4.232,N,0,test,train,Qual é a banda preferida dos desempregados? Linkin Park.
4.81.H,4.81,H,1,test,train,"Quando soube que os Nirvana alcançaram a fama, o Kurt não Cobain si de contente."
4.659.N,4.659,N,0,test,train,Por que é que o pinheirinho não se perde no pinhal? Porque tem uma boa orientação.
2.17.H,2.17,H,1,test,train,Sabe qual é o legume que ninguém consegue domesticar? O Seu Vagem.
5.2584.N,5.2584,N,0,test,train,Qual personagem do Chaves adora sexo anal? Kiko.
5.1378.H,5.1378,H,1,test,train,Por que eu não faço acupuntura? Porque é a maior furada.
5.3132.N,5.3132,N,0,test,test,Qual o exercício preferido das abelhas? Voar.
4.30.N,4.30,N,0,test,train,Hoje vi um maluco escondido debaixo do sol . Era um doido varrido.
5.2110.N,5.2110,N,0,test,test,Em que região do país os casais vivem de agricultura? Na roça
4.677.H,4.677,H,1,test,test,Qual é a semelhança entre um árabe e o mês de março? Ambos têm uma data de mulheres.
4.466.H,4.466,H,1,test,train,Como é que as pombas se reproduzem? Uma em cima da outra e POMBA POMBA POMBA!
5.2741.N,5.2741,N,0,test,train,Tipo de filme utilizado dos chefes de cozinha Filme Fornô
4.121.H,4.121,H,1,test,train,"Como é que se diz ""fim"" em japonês? Sakabô."
5.711.N,5.711,N,0,test,train,Porque o produtor arrumou duas ovelhas para divulgar seu show? Para fazer cartazes.
4.145.H,4.145,H,1,test,train,"O que significa ""contribuir""? Ir a algum lado com vários índios."
5.488.H,5.488,H,1,test,test,"Em uma corrida, chegar em qual posição é contra a lei? In cesto."
4.354.H,4.354,H,1,test,validation,Qual é o chá preferido do Pai Natal? É o chá miné.
5.2421.H,5.2421,H,1,test,test,Qual a festa de carnaval voltada só pra quem é ansioso?  O RivoTrio Elétrico.
5.2113.H,5.2113,H,1,test,test,O que você chama de hamster com 3 pernas? Hamputado
5.325.H,5.325,H,1,test,test,Qual o remedio que ja avisa que vc ta precisando dele? Pare ce tá mal.
5.2059.H,5.2059,H,1,test,train,Qual é o vírus baixa renda? Corote vírus 
4.478.N,4.478,N,0,test,test,Porque é que os indecisos atravessam o rio? Porque não há margem para dúvidas.
5.3645.H,5.3645,H,1,test,train,Qual é o desenho onde o personagem principal só consegue dinheiro em outro planeta? Rico em Marte.
5.2875.N,5.2875,N,0,test,train,Qual é a apresentadora mais mavada do Brasil? é a Má isa
5.3807.H,5.3807,H,1,test,train,Qual senador que proíbe piadas? Ri não Calheiros.
5.641.H,5.641,H,1,test,train,Como os índios chamam as mulheres feias? Tribo Fu.
4.607.H,4.607,H,1,test,train,Por que é que o motard foi despedido? Porque não estava capacetado para o trabalho.
4.74.N,4.74,N,0,test,train,O que é que a mãe terrorista diz ao filho que está aos saltos na cama? Desce daí!
5.2138.H,5.2138,H,1,test,validation,Qual é o nome da mulher mais agradecida do mundo? Agrata 
5.3420.H,5.3420,H,1,test,test,Qual desenho não é feito pro filho? Po pai.
4.658.N,4.658,N,0,test,train,"Um camião cheio de cerveja capotou na autoestrada . Surpreendentemente, não houve congestionamento durante 8 horas."
5.541.N,5.541,N,0,test,train,"Por que apareço sorrindo nas redes sociais, quando abasteço o meu carro? Porque só pego promoção."
5.3287.N,5.3287,N,0,test,test,Qual o ingrediente principal na comida de quem apanhou? RepOlho Roxo.
5.2781.N,5.2781,N,0,test,train,Qual o nome do jogo que simula a vida de macacos em suas jaulas? The Sims
5.3770.H,5.3770,H,1,test,train,Qual é o site de informações criado pelo Chewbacca? Wookieleaks 
5.559.N,5.559,N,0,test,train,Qual a novela que mãe e filha foram desvirginadas? Nenhuma.
5.2926.N,5.2926,N,0,test,train,Qual fruta prevê o futuro? Banana
5.1737.H,5.1737,H,1,test,train,O esquiador de 1.90m estava descendo a montanha somente com uma pá. Qual o nome do filme? O alto tá com pá em descida. 
5.963.N,5.963,N,0,test,validation,Qual chocolate tem gosto de cerveja? Belga.
5.3522.N,5.3522,N,0,test,test,O que é que tem abas e é gostoso de lamber? Absorvente.
5.3430.N,5.3430,N,0,test,train,Qual elemento gramatical fica mais inteligente depois de se cagar? Pronome.
4.699.H,4.699,H,1,test,train,O telemóvel da cobra não toca. Víbora.
5.3367.N,5.3367,N,0,test,train,Como se chamam quatro pessoas azaradas? Azarentos.
4.284.N,4.284,N,0,test,train,Porque é que os alemães são tão cavalheiros? Porque são gentlemans.
4.203.H,4.203,H,1,test,test,Comprei uns sapatos com lâmpadas LED na sola. Pode-se dizer que emitem luz solar.
5.2643.H,5.2643,H,1,test,train,Qual é o nome de um cabeleireiro? Saulão de Beleza.
5.1416.N,5.1416,N,0,test,train,Qual é o shopping das bucetas? Iguatemi.
5.2963.N,5.2963,N,0,test,train,"Ao perceber turbulência, a aeromoça havia perguntado se o piloto estava se sentindo bem . O que ele respondeu antes de caírem? Não."
5.2500.H,5.2500,H,1,test,train,"Se a Bruna Marquezine der um fora no Neymar, o que ela é?  Ex-usuária de craque."
5.3238.N,5.3238,N,0,test,test,Qual queijo dirige carro? Rockerford.
4.213.N,4.213,N,0,test,validation,Como é que se chama uma empregada doméstica chinesa? Lee.
4.688.H,4.688,H,1,test,test,Como é que se chama a neta do Super Mario? Marioneta.
5.3516.N,5.3516,N,0,test,train,Qual documento pediram pro defunto? Certidão de óbito.
5.2356.N,5.2356,N,0,test,train,Qual campeão da Libertadores tem dificuldade de terminar suas tarefas? Palmeiras.
4.245.H,4.245,H,1,test,train,Que nome se dá a um homem que via mas agora já não vê? Tobias.
4.40.H,4.40,H,1,test,train,"Hoje no trânsito disse ""amo-te"" a um semáforo. O semáforo ficou vermelho."
5.2697.N,5.2697,N,0,test,train,Qual revolução brasileira começou por que os cidadãos não encontravam roupas? Revolução Farroupilha.
5.481.N,5.481,N,0,test,train,Por que a jogadora de voleibol foi internada no hospício? Porque ela não estava batendo bem.
4.37.H,4.37,H,1,test,test,"Era uma vez um homem tão maduro, tão maduro, tão maduro... que ficou podre."
4.397.N,4.397,N,0,test,train,Porque é que os portugueses emigram para o Canadá? Porque querem.
5.3223.H,5.3223,H,1,test,train,Qual o contrário de vadia? Voltenoite.
5.3577.H,5.3577,H,1,test,test,Qual doença comum entre os viciados em internet? Youtuberculose.
5.665.H,5.665,H,1,test,test,Qual é o personagem do Sítio do Pica Pau Amarelo que vivia bebendo vinho? Tia Nas Taça.
5.2856.H,5.2856,H,1,test,test,Qual biscoito preferido dos gaúchos? Oreo Grande do Sul 
5.3632.N,5.3632,N,0,test,train,Qual o jogador mais hidratado do mundo? Alexandre Pato.
4.657.N,4.657,N,0,test,train,O Aníbal foi ao Campeonato do Mundo e apareceu na TV . Ficou conhecido naquele Mundial.
5.2105.H,5.2105,H,1,test,train,Qual o jogo clássico do Nintendo que nao tinha versão dublada? Legenda of Zelda 
5.424.H,5.424,H,1,test,train,Qual deus grego me deixa puto? Mienerva.
4.182.H,4.182,H,1,test,test,Por que é que a ASAE fechou a Assembleia da República? Porque comiam todos do mesmo tacho.
5.2372.H,5.2372,H,1,test,test,Por que no telefone do mágico não precisava de usar dedos para ligar? Porque ele tinha discagem automágica.
4.171.N,4.171,N,0,test,train,Hoje decidi queimar as minhas bonecas . Fiz uma fogueira.
5.2301.H,5.2301,H,1,test,train,"Por que o militar sempre ia no futebol, mas nunca jogava? Porque era militar de reserva."
4.324.N,4.324,N,0,test,test,Quais são as escadas que demoram mais a subir? São as escadas em pedra.
5.1595.N,5.1595,N,0,test,train,O que acontece quando uma turma de cegos se forma? Um baile de formatura
5.1043.N,5.1043,N,0,test,test,Qual é o pokémon da umbanda? O Olorum
5.3942.N,5.3942,N,0,test,test,Qual a bebida preferida dos sindicalistas? Café.
4.440.H,4.440,H,1,test,test,Como se chama um homem com unhas compridas? É o Homem-Arranha.
5.438.N,5.438,N,0,test,train,Qual é a hóstia do catolicismo? Alma chips.
5.389.N,5.389,N,0,test,train,O que os animais disseram quando viram o tamanho da arca de Noé? É possível
5.2474.H,5.2474,H,1,test,train,Qual é a bebida favorita do míope? Leite de contato.
5.664.H,5.664,H,1,test,train,O que o 7 disse pro 8? Novem que não tem!
5.1015.H,5.1015,H,1,test,train,O que são vários números 2 caindo do céu? Twova.
5.2526.N,5.2526,N,0,test,train,Qual o primata que vive boiando sozinho no meio do oceano? Um babuíno.
5.2063.H,5.2063,H,1,test,train,Qual ator americano que sempre deixa todo mundo impressionado ? Uau ! Pacino 
5.1309.N,5.1309,N,0,test,train,Por que a escada estava curta? Porque tinha pouco de grau.
4.379.H,4.379,H,1,test,train,Que nome se dá à claque da Pescanova? Ultra congelados.
4.155.N,4.155,N,0,test,train,Hoje sentei-me em cima duma ventosa . Fez ferida.
5.3305.N,5.3305,N,0,test,train,Qual jornalista sempre levava bebidas pros colegas? Carlos Tramontina.
5.1641.N,5.1641,N,0,test,train,Qual é a cidade que tem um monte de patos? Pirassununga.
5.778.H,5.778,H,1,test,train,Por que o cara que não fazia exercícios prestou odonto?  Pra ser dentário.
5.3328.H,5.3328,H,1,test,train,Como se chamam os jovens barbeiros? Molecortes.
5.1458.N,5.1458,N,0,test,train,Qual o nome do ditador italiano? Mussolini?
5.703.N,5.703,N,0,test,train,Por que os cachorros não sentem sede? Porque eles têm um bebedouro.
4.336.H,4.336,H,1,test,test,"Hoje davam chuva só para o continente, mas há bocado passei pelo Lidl e também estava a chover."
5.1377.H,5.1377,H,1,test,train,"Por que o professor de natação largou o emprego? Porque ele ensinou, ensinou, e o aluno nada."
4.475.N,4.475,N,0,test,train,Porque é que um homem foi despedido da fábrica de mobiliário? Porque tirou 15 dias em agosto.
4.9.H,4.9,H,1,test,train,"Que nome se dá a um ""A"" num trampolim? Assaltante."
5.4048.N,5.4048,N,0,test,test,Qual a música preferida dos cachorros? Cão amigo.
5.3060.N,5.3060,N,0,test,train,Qual o nome do assassino voador? Drone.
4.346.N,4.346,N,0,test,train,Que nome se dá a alguém que não acredita nas alterações climáticas? Pessoa teimosa.
5.2338.N,5.2338,N,0,test,train,Qual atacante brasileiro nunca se trata em hospitais particulares? Ronaldo.
4.173.N,4.173,N,0,test,train,Porque é que os bombeiros não andam? Porque salvam.
5.679.H,5.679,H,1,test,train,Qual é a atriz mais fria da Globo? Regina Duártico.
4.359.N,4.359,N,0,test,train,O meu cão e o meu gato fazem anos hoje . Quando os vi eu disse: Parabéns!
5.1451.N,5.1451,N,0,test,train,Qual animal se dissolve na agua? Sapo.
5.2637.H,5.2637,H,1,test,train,A médica não quer casar. Qual o nome do filme? Mulher solteira pró cura.
5.78.N,5.78,N,0,test,train,Qual é a operadora preferida dos cachorros? Nextel.
5.2040.H,5.2040,H,1,test,train,"Felipe Melo se lesionou e passou vários dias na fisioterapia. Qual doce ele mais comeu nesse período? Mexe, Melo"
5.2620.N,5.2620,N,0,test,train,Em qual cidade ninguém é mais virgem? Juiz de fora.
4.34.H,4.34,H,1,test,train,A Ana e o César tiveram um filho. Ouvi dizer que o parto foi de cesariana.
4.524.N,4.524,N,0,test,test,Partir o pescoço foi uma experiência aterrorizante . Mas agora já estou a melhorar.
5.1856.H,5.1856,H,1,test,test,O que o jogador de futebol chique come quando vai pescar? Isca gol.
4.81.N,4.81,N,0,test,train,"Quando soube que os Nirvana alcançaram a fama, o João Silva não coube em si de contente."
5.2440.N,5.2440,N,0,test,train,Qual é a cobra que desperta o tigre em você? A naja.
4.621.N,4.621,N,0,test,train,Qual é o Pokémon preferido do Pablo? É o Bulbasaur.
5.2459.H,5.2459,H,1,test,test,Qual é o animal que nunca ganha nada? O empato.
4.367.H,4.367,H,1,test,test,Porque é que a Branca de Neve desmaiou ao comer a maçã? Apanhou sidra.
5.3000.H,5.3000,H,1,test,test,Qual microorganismo gosta de evangelizar? Salmonela.
5.3350.N,5.3350,N,0,test,train,"Por que o time do inferno ganhou o jogo contra o céu? "" Porque a gente batalhou o tempo todo e superamos o melhor de si ""."
5.1054.N,5.1054,N,0,test,test,Por que o carbono alfa ficou nervoso? Porque uma carboxila tirou a mulher dele.
4.360.H,4.360,H,1,test,train,Porque é que o panado se divorciou? Porque a mulher não servia panada.
5.1066.H,5.1066,H,1,test,train,Qual o sanduíche de queijo com mosquito? Cheese-kungunya.
5.2451.H,5.2451,H,1,test,train,Qual é a tartaruga ninja que está sempre na televisão?  É a Donatella.
5.3092.H,5.3092,H,1,test,train,Por que o aluno ia sempre arrumado pra escola? Porque era um colégio em terno.
